date,avg_pr
1973-01-01,
1973-01-02,0.0
1973-01-03,0.0
1973-01-04,0.0
1973-01-05,0.3
1973-01-06,0.0
1973-01-07,0.0
1973-01-08,0.0
1973-01-09,0.0
1973-01-10,0.0
1973-01-11,0.0
1973-01-12,1.6
1973-01-13,0.0
1973-01-14,0.0
1973-01-15,2.9
1973-01-16,1.8
1973-01-17,1.3
1973-01-18,0.0
1973-01-19,0.2
1973-01-20,0.2
1973-01-21,0.0
1973-01-22,0.0
1973-01-23,0.0
1973-01-24,0.0
1973-01-25,0.0
1973-01-26,0.1
1973-01-27,0.0
1973-01-28,0.8
1973-01-29,35.0
1973-01-30,0.0
1973-01-31,0.3
1973-02-01,0.0
1973-02-02,0.0
1973-02-03,0.0
1973-02-04,1.0
1973-02-05,0.0
1973-02-06,0.0
1973-02-07,0.0
1973-02-08,0.0
1973-02-09,0.3
1973-02-10,35.6
1973-02-11,13.9
1973-02-12,11.0
1973-02-13,3.1
1973-02-14,0.6
1973-02-15,0.0
1973-02-16,0.0
1973-02-17,24.9
1973-02-18,0.2
1973-02-19,0.0
1973-02-20,0.0
1973-02-21,16.1
1973-02-22,0.0
1973-02-23,0.0
1973-02-24,8.0
1973-02-25,4.7
1973-02-26,6.3
1973-02-27,0.0
1973-02-28,0.0
1973-03-01,0.0
1973-03-02,0.0
1973-03-03,0.0
1973-03-04,48.3
1973-03-05,0.0
1973-03-06,13.9
1973-03-07,3.1
1973-03-08,0.3
1973-03-09,25.6
1973-03-10,38.9
1973-03-11,1.2
1973-03-12,1.0
1973-03-13,0.4
1973-03-14,0.0
1973-03-15,20.0
1973-03-16,0.0
1973-03-17,4.5
1973-03-18,0.0
1973-03-19,0.0
1973-03-20,0.0
1973-03-21,0.4
1973-03-22,1.0
1973-03-23,0.1
1973-03-24,45.7
1973-03-25,0.0
1973-03-26,9.2
1973-03-27,5.4
1973-03-28,12.4
1973-03-29,22.9
1973-03-30,16.6
1973-03-31,0.2
1973-04-01,0.0
1973-04-02,1.9
1973-04-03,0.3
1973-04-04,0.0
1973-04-05,6.0
1973-04-06,11.7
1973-04-07,0.0
1973-04-08,0.2
1973-04-09,6.8
1973-04-10,27.3
1973-04-11,1.6
1973-04-12,2.0
1973-04-13,35.5
1973-04-14,1.0
1973-04-15,4.6
1973-04-16,8.3
1973-04-17,0.0
1973-04-18,0.0
1973-04-19,81.7
1973-04-20,4.3
1973-04-21,0.2
1973-04-22,10.0
1973-04-23,5.4
1973-04-24,0.5
1973-04-25,0.0
1973-04-26,24.1
1973-04-27,18.8
1973-04-28,13.8
1973-04-29,0.0
1973-04-30,0.0
1973-05-01,5.6
1973-05-02,28.2
1973-05-03,0.0
1973-05-04,0.0
1973-05-05,2.9
1973-05-06,0.0
1973-05-07,0.0
1973-05-08,0.0
1973-05-09,35.5
1973-05-10,0.2
1973-05-11,10.0
1973-05-12,0.0
1973-05-13,0.1
1973-05-14,0.0
1973-05-15,0.0
1973-05-16,0.0
1973-05-17,0.0
1973-05-18,0.0
1973-05-19,0.0
1973-05-20,0.0
1973-05-21,0.0
1973-05-22,0.0
1973-05-23,0.0
1973-05-24,0.0
1973-05-25,11.4
1973-05-26,0.0
1973-05-27,2.3
1973-05-28,49.4
1973-05-29,1.0
1973-05-30,0.0
1973-05-31,0.0
1973-06-01,0.6
1973-06-02,0.7
1973-06-03,0.6
1973-06-04,2.6
1973-06-05,11.2
1973-06-06,0.4
1973-06-07,0.0
1973-06-08,0.0
1973-06-09,0.0
1973-06-10,0.0
1973-06-11,2.0
1973-06-12,3.0
1973-06-13,0.0
1973-06-14,0.0
1973-06-15,1.0
1973-06-16,7.0
1973-06-17,2.8
1973-06-18,0.0
1973-06-19,0.3
1973-06-20,1.3
1973-06-21,0.0
1973-06-22,1.8
1973-06-23,0.0
1973-06-24,0.0
1973-06-25,0.0
1973-06-26,19.1
1973-06-27,0.4
1973-06-28,1.9
1973-06-29,0.0
1973-06-30,0.0
1973-07-01,0.0
1973-07-02,0.3
1973-07-03,0.0
1973-07-04,0.0
1973-07-05,0.0
1973-07-06,0.0
1973-07-07,0.0
1973-07-08,0.0
1973-07-09,0.0
1973-07-10,0.7
1973-07-11,0.0
1973-07-12,0.0
1973-07-13,0.0
1973-07-14,0.0
1973-07-15,5.8
1973-07-16,0.0
1973-07-17,0.0
1973-07-18,0.0
1973-07-19,0.0
1973-07-20,0.0
1973-07-21,0.0
1973-07-22,0.0
1973-07-23,0.0
1973-07-24,1.2
1973-07-25,1.5
1973-07-26,30.0
1973-07-27,2.0
1973-07-28,0.0
1973-07-29,0.0
1973-07-30,0.0
1973-07-31,0.0
1973-08-01,0.0
1973-08-02,0.0
1973-08-03,0.0
1973-08-04,0.0
1973-08-05,0.0
1973-08-06,0.0
1973-08-07,0.0
1973-08-08,0.0
1973-08-09,0.0
1973-08-10,0.0
1973-08-11,0.0
1973-08-12,0.0
1973-08-13,0.0
1973-08-14,0.0
1973-08-15,0.0
1973-08-16,0.0
1973-08-17,0.0
1973-08-18,0.0
1973-08-19,4.0
1973-08-20,0.0
1973-08-21,0.0
1973-08-22,0.0
1973-08-23,0.0
1973-08-24,0.0
1973-08-25,0.0
1973-08-26,0.0
1973-08-27,0.0
1973-08-28,0.2
1973-08-29,0.0
1973-08-30,0.0
1973-08-31,0.0
1973-09-01,0.0
1973-09-02,0.0
1973-09-03,0.3
1973-09-04,0.0
1973-09-05,0.0
1973-09-06,0.0
1973-09-07,0.0
1973-09-08,0.0
1973-09-09,0.4
1973-09-10,0.0
1973-09-11,18.2
1973-09-12,0.0
1973-09-13,0.0
1973-09-14,0.0
1973-09-15,0.0
1973-09-16,5.0
1973-09-17,0.0
1973-09-18,0.0
1973-09-19,0.0
1973-09-20,0.0
1973-09-21,0.0
1973-09-22,0.0
1973-09-23,0.0
1973-09-24,0.0
1973-09-25,0.0
1973-09-26,0.0
1973-09-27,0.0
1973-09-28,0.0
1973-09-29,0.0
1973-09-30,53.0
1973-10-01,0.0
1973-10-02,1.7
1973-10-03,0.9
1973-10-04,0.0
1973-10-05,0.0
1973-10-06,0.0
1973-10-07,0.0
1973-10-08,0.0
1973-10-09,0.0
1973-10-10,0.0
1973-10-11,0.0
1973-10-12,0.0
1973-10-13,0.0
1973-10-14,0.0
1973-10-15,0.0
1973-10-16,0.0
1973-10-17,0.0
1973-10-18,0.0
1973-10-19,0.0
1973-10-20,0.0
1973-10-21,0.0
1973-10-22,0.0
1973-10-23,0.3
1973-10-24,0.0
1973-10-25,0.0
1973-10-26,0.0
1973-10-27,0.0
1973-10-28,0.0
1973-10-29,0.0
1973-10-30,0.0
1973-10-31,0.0
1973-11-01,0.0
1973-11-02,0.0
1973-11-03,0.0
1973-11-04,0.0
1973-11-05,0.0
1973-11-06,0.0
1973-11-07,0.0
1973-11-08,0.0
1973-11-09,0.0
1973-11-10,0.0
1973-11-11,0.0
1973-11-12,0.0
1973-11-13,0.0
1973-11-14,0.0
1973-11-15,0.0
1973-11-16,0.0
1973-11-17,0.0
1973-11-18,0.0
1973-11-19,0.0
1973-11-20,0.0
1973-11-21,0.0
1973-11-22,0.0
1973-11-23,0.0
1973-11-24,0.0
1973-11-25,0.0
1973-11-26,0.0
1973-11-27,0.0
1973-11-28,0.3
1973-11-29,11.0
1973-11-30,0.0
1973-12-01,0.0
1973-12-02,0.1
1973-12-03,0.0
1973-12-04,0.0
1973-12-05,0.0
1973-12-06,0.4
1973-12-07,0.0
1973-12-08,0.0
1973-12-09,0.0
1973-12-10,0.0
1973-12-11,0.0
1973-12-12,4.0
1973-12-13,0.2
1973-12-14,0.0
1973-12-15,0.9
1973-12-16,0.0
1973-12-17,0.0
1973-12-18,0.0
1973-12-19,0.7
1973-12-20,0.1
1973-12-21,0.0
1973-12-22,0.0
1973-12-23,0.0
1973-12-24,0.0
1973-12-25,0.0
1973-12-26,0.0
1973-12-27,0.0
1973-12-28,6.9
1973-12-29,0.0
1973-12-30,0.0
1973-12-31,0.0
1974-01-01,0.0
1974-01-02,0.0
1974-01-03,0.0
1974-01-04,0.0
1974-01-05,0.0
1974-01-06,0.0
1974-01-07,0.0
1974-01-08,0.9767414042187017
1974-01-09,0.0
1974-01-10,2.109761433112396
1974-01-11,0.0
1974-01-12,19.508509743199937
1974-01-13,0.061685487919412
1974-01-14,0.11147244611975715
1974-01-15,5.7729516264370195
1974-01-16,32.143790139492026
1974-01-17,0.077106859899265
1974-01-18,11.775387878773023
1974-01-19,19.984000310599857
1974-01-20,1.6324010938290319
1974-01-21,30.285263671428396
1974-01-22,28.110999358956896
1974-01-23,0.09472107120319583
1974-01-24,13.244871844156142
1974-01-25,0.0
1974-01-26,4.266803080954178
1974-01-27,3.70112927516472
1974-01-28,11.616405464204716
1974-01-29,0.09252823187911799
1974-01-30,13.745677970027279
1974-01-31,0.0
1974-02-01,6.32265803477733
1974-02-02,2.3139921266366623
1974-02-03,1.7314457361008286
1974-02-04,3.3285261472727514
1974-02-05,0.0
1974-02-06,0.0
1974-02-07,2.206828852436404
1974-02-08,7.406413785289345
1974-02-09,3.3112822809800755
1974-02-10,0.8399976076280834
1974-02-11,0.0
1974-02-12,1.352770216288235
1974-02-13,3.9460352730435546
1974-02-14,2.42231868246238
1974-02-15,0.0
1974-02-16,0.6251144986999692
1974-02-17,0.17169999665484528
1974-02-18,4.265047402467143
1974-02-19,1.67796608860929
1974-02-20,0.25395276509686243
1974-02-21,3.894461712077209
1974-02-22,1.5216474034132823
1974-02-23,0.3084437932454635
1974-02-24,3.653012851777944
1974-02-25,25.036893202004332
1974-02-26,1.0983689427654546
1974-02-27,6.151691828371646
1974-02-28,0.363603604581174
1974-03-01,14.653366029484376
1974-03-02,2.8509424549234197
1974-03-03,1.8629867741379407
1974-03-04,24.43674869849881
1974-03-05,3.6371157235621823
1974-03-06,2.0265270581660904
1974-03-07,3.6436077053505276
1974-03-08,8.331715242602318
1974-03-09,18.612895690844752
1974-03-10,36.155209117026374
1974-03-11,13.093196219903259
1974-03-12,5.7137015719236715
1974-03-13,2.387914716550966
1974-03-14,5.039694284269357
1974-03-15,12.215624936452244
1974-03-16,0.0
1974-03-17,11.827457235900791
1974-03-18,0.5397480192948549
1974-03-19,3.4291595743314764
1974-03-20,12.581935744988305
1974-03-21,11.548830895907946
1974-03-22,8.29000087356512
1974-03-23,30.22879693850606
1974-03-24,10.400821485075655
1974-03-25,12.987473166002541
1974-03-26,18.49449786944046
1974-03-27,0.20777348833209944
1974-03-28,10.3199877579716
1974-03-29,3.5715894823994807
1974-03-30,2.250556953427315
1974-03-31,0.138792347818677
1974-04-01,1.9550151349715579
1974-04-02,4.048587382255526
1974-04-03,14.077582584191624
1974-04-04,36.51805918285949
1974-04-05,30.77454874418926
1974-04-06,10.676838611595887
1974-04-07,7.469895221996393
1974-04-08,7.395976021689666
1974-04-09,12.152067327156217
1974-04-10,19.822344703525115
1974-04-11,39.408628594347746
1974-04-12,45.69237098991149
1974-04-13,48.39687433813158
1974-04-14,17.90382002228833
1974-04-15,19.839886413434847
1974-04-16,46.41927936762256
1974-04-17,5.467170524340615
1974-04-18,7.979176744043836
1974-04-19,5.42771733630854
1974-04-20,27.306821899513483
1974-04-21,12.839363342332556
1974-04-22,8.950877832216122
1974-04-23,5.440160244247369
1974-04-24,5.508102950985661
1974-04-25,10.68554054370187
1974-04-26,12.843684210893358
1974-04-27,4.948970476371013
1974-04-28,4.236172299573436
1974-04-29,2.8039761542637796
1974-04-30,4.219522866224792
1974-05-01,12.934218828744246
1974-05-02,9.892215102922133
1974-05-03,16.402604635747476
1974-05-04,5.149588063161469
1974-05-05,1.9534828084374034
1974-05-06,0.19534828084374034
1974-05-07,8.991197034717276
1974-05-08,5.696247042751301
1974-05-09,7.505438568223262
1974-05-10,5.864643374876855
1974-05-11,9.05570789682208
1974-05-12,4.1614045417358465
1974-05-13,13.230536149486639
1974-05-14,13.09790907000317
1974-05-15,0.0
1974-05-16,8.439575689063865
1974-05-17,7.226472219463831
1974-05-18,11.59825699807806
1974-05-19,0.0
1974-05-20,4.2976621785622875
1974-05-21,0.019534828084374036
1974-05-22,0.0
1974-05-23,1.9534828084374034
1974-05-24,8.059227230916566
1974-05-25,6.996014629591521
1974-05-26,2.910541181246748
1974-05-27,0.1562786246749923
1974-05-28,12.674549436386744
1974-05-29,6.677939498061519
1974-05-30,23.0697294366271
1974-05-31,18.114884834215204
1974-06-01,2.7492562867711268
1974-06-02,2.9792612073908282
1974-06-03,0.1758134527593663
1974-06-04,0.046264115939558995
1974-06-05,2.5189440167976156
1974-06-06,1.2690109723808125
1974-06-07,0.0
1974-06-08,0.0
1974-06-09,1.252277548627997
1974-06-10,0.0
1974-06-11,0.0
1974-06-12,0.0
1974-06-13,0.0
1974-06-14,0.0
1974-06-15,0.0
1974-06-16,0.0
1974-06-17,2.344179370124884
1974-06-18,0.4688358740249768
1974-06-19,4.605073519369521
1974-06-20,1.9534828084374034
1974-06-21,2.3643493832941163
1974-06-22,0.0
1974-06-23,0.015421371979853
1974-06-24,0.0
1974-06-25,0.0
1974-06-26,0.0
1974-06-27,0.0
1974-06-28,0.24983930899234139
1974-06-29,1.3088334816530602
1974-06-30,0.0
1974-07-01,0.27348759318123644
1974-07-02,0.0
1974-07-03,0.0
1974-07-04,0.0
1974-07-05,0.0
1974-07-06,0.4493010459406028
1974-07-07,1.9097164591114961
1974-07-08,0.0
1974-07-09,0.3084437932454635
1974-07-10,0.07813931233749614
1974-07-11,0.0586044842531221
1974-07-12,0.0
1974-07-13,0.0
1974-07-14,0.0
1974-07-15,0.0
1974-07-16,0.0
1974-07-17,0.0
1974-07-18,0.0
1974-07-19,0.0
1974-07-20,0.0
1974-07-21,0.0
1974-07-22,0.0
1974-07-23,0.0
1974-07-24,0.0
1974-07-25,0.0
1974-07-26,0.0
1974-07-27,0.0
1974-07-28,0.0
1974-07-29,0.0
1974-07-30,0.0
1974-07-31,0.0
1974-08-01,0.0
1974-08-02,0.0
1974-08-03,0.0
1974-08-04,0.0
1974-08-05,0.0
1974-08-06,0.0
1974-08-07,0.0
1974-08-08,0.0
1974-08-09,0.0
1974-08-10,0.0
1974-08-11,0.0
1974-08-12,0.0
1974-08-13,0.0
1974-08-14,0.0
1974-08-15,0.0
1974-08-16,0.0
1974-08-17,0.0
1974-08-18,0.0
1974-08-19,0.0
1974-08-20,0.0
1974-08-21,0.0
1974-08-22,0.0
1974-08-23,0.0
1974-08-24,0.0
1974-08-25,0.0
1974-08-26,0.0
1974-08-27,0.0
1974-08-28,0.0
1974-08-29,0.0
1974-08-30,0.0
1974-08-31,0.0
1974-09-01,0.0
1974-09-02,0.0
1974-09-03,0.0
1974-09-04,0.0
1974-09-05,0.0
1974-09-06,0.0
1974-09-07,0.0
1974-09-08,0.0
1974-09-09,0.0
1974-09-10,0.0
1974-09-11,0.0
1974-09-12,0.0
1974-09-13,0.0
1974-09-14,0.123370975838824
1974-09-15,0.0
1974-09-16,0.0
1974-09-17,0.0
1974-09-18,2.9042519571139644
1974-09-19,0.0
1974-09-20,0.0
1974-09-21,0.0
1974-09-22,0.0
1974-09-23,0.0
1974-09-24,0.0
1974-09-25,0.0
1974-09-26,0.0
1974-09-27,0.0
1974-09-28,0.0
1974-09-29,0.0
1974-09-30,0.0
1974-10-01,0.0
1974-10-02,0.0
1974-10-03,0.0
1974-10-04,0.0
1974-10-05,0.0
1974-10-06,0.0
1974-10-07,0.0
1974-10-08,0.0
1974-10-09,0.0
1974-10-10,6.595856721587801
1974-10-11,0.30842743959706
1974-10-12,0.0
1974-10-13,0.0
1974-10-14,0.0
1974-10-15,0.0
1974-10-16,0.0
1974-10-17,0.0
1974-10-18,0.0
1974-10-19,0.0
1974-10-20,0.0
1974-10-21,0.0
1974-10-22,0.0
1974-10-23,0.015421371979853
1974-10-24,0.0
1974-10-25,0.0
1974-10-26,0.0
1974-10-27,0.0
1974-10-28,0.0
1974-10-29,0.0
1974-10-30,0.0
1974-10-31,2.081885217280155
1974-11-01,0.0
1974-11-02,0.0
1974-11-03,0.0
1974-11-04,0.0
1974-11-05,0.0
1974-11-06,0.0
1974-11-07,0.0
1974-11-08,0.0
1974-11-09,0.0
1974-11-10,0.0
1974-11-11,0.015421371979853
1974-11-12,0.0
1974-11-13,0.0
1974-11-14,0.0
1974-11-15,0.0
1974-11-16,0.0
1974-11-17,0.0
1974-11-18,0.0
1974-11-19,0.0
1974-11-20,0.0
1974-11-21,0.0
1974-11-22,0.0
1974-11-23,0.0
1974-11-24,0.0
1974-11-25,0.0
1974-11-26,0.0
1974-11-27,0.0
1974-11-28,0.0
1974-11-29,0.0
1974-11-30,0.0
1974-12-01,0.9057994412898939
1974-12-02,0.0
1974-12-03,0.0
1974-12-04,0.35469155553661896
1974-12-05,2.559947748655598
1974-12-06,5.178363727924457
1974-12-07,0.10794960385897098
1974-12-08,0.09252823187911799
1974-12-09,0.0
1974-12-10,0.0
1974-12-11,0.0
1974-12-12,0.0
1974-12-13,4.738968443096976
1974-12-14,0.68199171266301
1974-12-15,0.0
1974-12-16,0.0
1974-12-17,0.0
1974-12-18,2.4591457965015397
1974-12-19,0.0
1974-12-20,0.0
1974-12-21,0.0
1974-12-22,0.0
1974-12-23,0.0
1974-12-24,0.0
1974-12-25,0.0
1974-12-26,0.493483903355296
1974-12-27,11.388523784501977
1974-12-28,11.863068123450242
1974-12-29,0.43179841543588393
1974-12-30,0.0
1974-12-31,0.0
1975-01-01,0.0
1975-01-02,0.0
1975-01-03,5.7586608287858185
1975-01-04,0.0
1975-01-05,0.0
1975-01-06,0.0
1975-01-07,0.7813931233749614
1975-01-08,0.0
1975-01-09,0.0
1975-01-10,0.0
1975-01-11,0.0
1975-01-12,0.0
1975-01-13,0.0
1975-01-14,0.0
1975-01-15,0.0
1975-01-16,0.0
1975-01-17,0.0
1975-01-18,0.0
1975-01-19,0.0
1975-01-20,8.258946051233213
1975-01-21,19.561284354960485
1975-01-22,13.887649791485487
1975-01-23,13.255072946100768
1975-01-24,9.80479042493416
1975-01-25,1.4332189587663697
1975-01-26,0.0
1975-01-27,0.8554189796079364
1975-01-28,0.0
1975-01-29,4.014756366528955
1975-01-30,8.581886121779167
1975-01-31,4.161549959940242
1975-02-01,0.0
1975-02-02,4.509361385696533
1975-02-03,19.800009723002987
1975-02-04,14.04330771463572
1975-02-05,20.82414893376558
1975-02-06,0.0
1975-02-07,6.106174278200031
1975-02-08,1.385156588880663
1975-02-09,36.17831520775183
1975-02-10,0.2683416846384843
1975-02-11,4.709532402194254
1975-02-12,9.025410903830428
1975-02-13,5.834011656919356
1975-02-14,3.3593942453050563
1975-02-15,2.597168604151243
1975-02-16,2.786582482751649
1975-02-17,0.030842743959706
1975-02-18,4.84052390882024
1975-02-19,5.293938410865364
1975-02-20,0.3734319317294438
1975-02-21,2.3809925599155397
1975-02-22,0.0586044842531221
1975-02-23,5.104345182787336
1975-02-24,13.674962659278293
1975-02-25,1.0040433547538756
1975-02-26,1.275925832816892
1975-02-27,1.6799952152561668
1975-02-28,14.785026834378957
1975-03-01,27.227469570693177
1975-03-02,32.20013665686286
1975-03-03,8.42408787811774
1975-03-04,5.744949760111162
1975-03-05,11.92577018448288
1975-03-06,32.31503529987293
1975-03-07,19.562830537548486
1975-03-08,13.347237161477825
1975-03-09,25.717177668126446
1975-03-10,1.6621879066567955
1975-03-11,16.838500132019334
1975-03-12,6.358856863323568
1975-03-13,7.273872495135092
1975-03-14,9.145861862999237
1975-03-15,5.227489809119272
1975-03-16,6.575314948904256
1975-03-17,1.4846469344124265
1975-03-18,2.883601914840705
1975-03-19,1.385156588880663
1975-03-20,3.197410516468271
1975-03-21,26.361617624549314
1975-03-22,8.692998497546444
1975-03-23,7.66543098368679
1975-03-24,8.73715862940581
1975-03-25,18.081999554359502
1975-03-26,9.251719784644129
1975-03-27,12.6572671857263
1975-03-28,0.0
1975-03-29,1.7503805612097143
1975-03-30,0.0
1975-03-31,0.527440358278099
1975-04-01,2.322588759634836
1975-04-02,0.35469155553661896
1975-04-03,2.5195804940050093
1975-04-04,3.5716871204073914
1975-04-05,24.831038430505288
1975-04-06,3.4694574937254243
1975-04-07,0.0
1975-04-08,0.0
1975-04-09,0.323848811576913
1975-04-10,1.9467688163967096
1975-04-11,6.039499781113189
1975-04-12,4.410550572519448
1975-04-13,0.18505646375823598
1975-04-14,3.527936129341117
1975-04-15,1.1003326548187176
1975-04-16,7.742255749903737
1975-04-17,1.6182382280745788
1975-04-18,0.340995856331505
1975-04-19,0.0
1975-04-20,0.0
1975-04-21,5.02303101120852
1975-04-22,2.5199928228842503
1975-04-23,13.136056030301287
1975-04-24,33.03183874162934
1975-04-25,12.821945228548847
1975-04-26,13.589844760877464
1975-04-27,18.173902482471018
1975-04-28,7.93813896582076
1975-04-29,4.662863311004728
1975-04-30,0.7032538110374652
1975-05-01,7.549103409399613
1975-05-02,27.722046688765303
1975-05-03,4.059114431796874
1975-05-04,2.560242438434599
1975-05-05,10.883544353912455
1975-05-06,13.845994048623933
1975-05-07,0.0
1975-05-08,1.9891424952671124
1975-05-09,5.7625820264100565
1975-05-10,2.27734797366272
1975-05-11,0.0
1975-05-12,0.0
1975-05-13,7.397732787001505
1975-05-14,8.58402628336866
1975-05-15,1.631898540558311
1975-05-16,4.674903487472237
1975-05-17,26.925802242773393
1975-05-18,17.5934826650916
1975-05-19,10.346023426971053
1975-05-20,14.418600324102632
1975-05-21,11.159674202062018
1975-05-22,3.0051531865108325
1975-05-23,1.9891424952671124
1975-05-24,0.0
1975-05-25,0.0
1975-05-26,0.0
1975-05-27,0.0
1975-05-28,3.0196714408689336
1975-05-29,0.0
1975-05-30,3.464859030705015
1975-05-31,2.183787289345371
1975-06-01,0.0
1975-06-02,4.958143508409142
1975-06-03,4.769383360047645
1975-06-04,3.161479377760286
1975-06-05,0.0
1975-06-06,0.0
1975-06-07,0.61685487919412
1975-06-08,0.0
1975-06-09,0.6837189829530912
1975-06-10,0.0
1975-06-11,0.0
1975-06-12,0.0
1975-06-13,4.136086291951079
1975-06-14,0.7042535561788893
1975-06-15,0.0
1975-06-16,0.0
1975-06-17,0.0
1975-06-18,9.262589515659583
1975-06-19,2.0819996928189797
1975-06-20,3.2951094633878073
1975-06-21,0.43571692753470076
1975-06-22,0.0
1975-06-23,1.8948783241842813
1975-06-24,1.6799952152561668
1975-06-25,0.4677870679383421
1975-06-26,1.4651121063280526
1975-06-27,2.7687996794383603
1975-06-28,0.1788944564256562
1975-06-29,7.231620090426732
1975-06-30,0.0
1975-07-01,0.0
1975-07-02,0.0
1975-07-03,0.18505646375823598
1975-07-04,0.0
1975-07-05,2.5395276509686244
1975-07-06,0.6837189829530912
1975-07-07,1.3262379902673578
1975-07-08,0.0
1975-07-09,0.09252823187911799
1975-07-10,3.116602324981492
1975-07-11,4.662580136590797
1975-07-12,0.0
1975-07-13,1.3088334816530602
1975-07-14,0.0
1975-07-15,0.0
1975-07-16,5.194337208302486
1975-07-17,2.8855161508895555
1975-07-18,0.5191970924206533
1975-07-19,5.813261274664498
1975-07-20,0.0
1975-07-21,0.0
1975-07-22,0.0
1975-07-23,0.0
1975-07-24,0.0
1975-07-25,0.0
1975-07-26,0.0
1975-07-27,0.0
1975-07-28,0.0
1975-07-29,0.0
1975-07-30,0.0
1975-07-31,0.0
1975-08-01,0.0
1975-08-02,0.0
1975-08-03,0.0
1975-08-04,0.0
1975-08-05,0.0
1975-08-06,0.0
1975-08-07,0.0
1975-08-08,0.0
1975-08-09,0.0
1975-08-10,0.0
1975-08-11,0.0
1975-08-12,0.0
1975-08-13,0.0
1975-08-14,0.0
1975-08-15,0.0
1975-08-16,0.0
1975-08-17,0.0
1975-08-18,0.0
1975-08-19,0.0
1975-08-20,0.0
1975-08-21,0.0
1975-08-22,0.34628914722016574
1975-08-23,0.0
1975-08-24,0.0
1975-08-25,0.0
1975-08-26,0.0
1975-08-27,0.0
1975-08-28,0.0
1975-08-29,0.0
1975-08-30,0.0
1975-08-31,0.6541632089560043
1975-09-01,1.3674379659061824
1975-09-02,0.0
1975-09-03,0.0
1975-09-04,0.0
1975-09-05,0.0
1975-09-06,0.0
1975-09-07,0.3516269055187326
1975-09-08,0.0
1975-09-09,0.0
1975-09-10,0.0
1975-09-11,0.0
1975-09-12,0.0
1975-09-13,0.015421371979853
1975-09-14,0.0
1975-09-15,0.0
1975-09-16,0.0
1975-09-17,0.0
1975-09-18,0.09767414042187017
1975-09-19,0.0
1975-09-20,0.0
1975-09-21,0.0
1975-09-22,0.0
1975-09-23,0.0
1975-09-24,0.0
1975-09-25,0.0
1975-09-26,0.0
1975-09-27,0.0
1975-09-28,0.0
1975-09-29,0.0
1975-09-30,0.0
1975-10-01,0.0
1975-10-02,0.0
1975-10-03,0.0
1975-10-04,0.0
1975-10-05,0.015421371979853
1975-10-06,0.0
1975-10-07,0.0
1975-10-08,0.0
1975-10-09,0.0
1975-10-10,0.0
1975-10-11,0.0
1975-10-12,0.0
1975-10-13,0.0
1975-10-14,0.0
1975-10-15,0.0
1975-10-16,0.0
1975-10-17,0.0
1975-10-18,0.0
1975-10-19,0.0
1975-10-20,0.0
1975-10-21,0.0
1975-10-22,0.0
1975-10-23,0.0
1975-10-24,0.0
1975-10-25,0.0
1975-10-26,0.0
1975-10-27,0.19534828084374034
1975-10-28,0.0
1975-10-29,0.0
1975-10-30,0.0
1975-10-31,0.0
1975-11-01,0.0
1975-11-02,0.0
1975-11-03,0.0
1975-11-04,0.0
1975-11-05,0.0
1975-11-06,0.0
1975-11-07,0.0
1975-11-08,0.0
1975-11-09,0.0
1975-11-10,0.0
1975-11-11,0.0
1975-11-12,0.0
1975-11-13,0.0
1975-11-14,0.0
1975-11-15,0.0
1975-11-16,0.0
1975-11-17,0.0
1975-11-18,0.0
1975-11-19,1.155597068678989
1975-11-20,0.0
1975-11-21,0.0
1975-11-22,0.0
1975-11-23,0.0
1975-11-24,0.0
1975-11-25,0.0
1975-11-26,0.0
1975-11-27,0.0
1975-11-28,6.852679503191388
1975-11-29,2.9298061045011092
1975-11-30,0.0
1975-12-01,0.0
1975-12-02,0.0
1975-12-03,3.28485035359911
1975-12-04,9.865088182608886
1975-12-05,2.31320579697795
1975-12-06,0.678540367113532
1975-12-07,0.0
1975-12-08,0.0
1975-12-09,0.0
1975-12-10,0.0
1975-12-11,0.0
1975-12-12,5.919052909565332
1975-12-13,0.0
1975-12-14,0.0
1975-12-15,0.0
1975-12-16,0.0
1975-12-17,0.0
1975-12-18,0.0
1975-12-19,0.0
1975-12-20,0.5397480192948549
1975-12-21,3.5314941833863367
1975-12-22,0.0
1975-12-23,0.0
1975-12-24,0.0
1975-12-25,0.0
1975-12-26,0.0
1975-12-27,0.0
1975-12-28,0.3906965616874807
1975-12-29,3.5358038832717003
1975-12-30,0.0
1975-12-31,0.0
1976-01-01,1.279973874327799
1976-01-02,2.4089458617105857
1976-01-03,0.0
1976-01-04,0.0
1976-01-05,0.0
1976-01-06,0.0
1976-01-07,0.0
1976-01-08,0.077106859899265
1976-01-09,2.5861188271219153
1976-01-10,0.030842743959706
1976-01-11,0.0
1976-01-12,0.0
1976-01-13,0.3906965616874807
1976-01-14,0.0
1976-01-15,0.0
1976-01-16,2.6762714475592424
1976-01-17,0.0
1976-01-18,0.0
1976-01-19,0.0
1976-01-20,0.0
1976-01-21,0.0
1976-01-22,0.0
1976-01-23,0.0
1976-01-24,0.0
1976-01-25,0.0
1976-01-26,0.0
1976-01-27,6.821186295130966
1976-01-28,3.788842848127833
1976-01-29,1.1366528544383498
1976-01-30,0.0
1976-01-31,2.389690632960943
1976-02-01,0.4688358740249768
1976-02-02,11.26981865663524
1976-02-03,32.74224416036485
1976-02-04,16.123138379521073
1976-02-05,5.75840683377947
1976-02-06,4.034256002830871
1976-02-07,3.2103191954837738
1976-02-08,3.295093109739404
1976-02-09,13.691358126327504
1976-02-10,8.739076917048104
1976-02-11,6.696813622720507
1976-02-12,6.902155959937971
1976-02-13,30.473287643410895
1976-02-14,44.02241385765298
1976-02-15,17.778757214640358
1976-02-16,0.0
1976-02-17,0.169635091778383
1976-02-18,0.0
1976-02-19,0.0
1976-02-20,1.6570058465916304
1976-02-21,0.8009279514593354
1976-02-22,5.5410032470971755
1976-02-23,12.169320570745043
1976-02-24,2.349175300196013
1976-02-25,1.1330036752452903
1976-02-26,4.798097123605563
1976-02-27,0.0
1976-02-28,0.0
1976-02-29,0.0
1976-03-01,0.0
1976-03-02,0.0
1976-03-03,0.0
1976-03-04,1.21201201527058
1976-03-05,20.47272445582569
1976-03-06,6.3106522914468455
1976-03-07,31.15682920036253
1976-03-08,5.935049320653343
1976-03-09,11.231726205374947
1976-03-10,0.41023138977185475
1976-03-11,2.2299177804617103
1976-03-12,3.281851118174838
1976-03-13,0.0
1976-03-14,0.0
1976-03-15,4.493657994179178
1976-03-16,10.550952627321806
1976-03-17,4.011682863674024
1976-03-18,0.0
1976-03-19,0.0
1976-03-20,3.066968009246723
1976-03-21,2.0706917769436477
1976-03-22,0.0
1976-03-23,0.0
1976-03-24,0.0
1976-03-25,0.0
1976-03-26,1.777669355678037
1976-03-27,0.0
1976-03-28,2.5618745828542213
1976-03-29,10.884074034839822
1976-03-30,27.610746116242563
1976-03-31,25.089704556608474
1976-04-01,15.492143962255355
1976-04-02,12.515355830861877
1976-04-03,2.0511569488592736
1976-04-04,0.0
1976-04-05,0.0
1976-04-06,2.0706917769436477
1976-04-07,6.045177816102376
1976-04-08,0.0
1976-04-09,0.0
1976-04-10,5.821378769143462
1976-04-11,0.0
1976-04-12,3.864054722043437
1976-04-13,0.605579670615595
1976-04-14,12.831487404806456
1976-04-15,26.237952247320127
1976-04-16,5.1507382412709015
1976-04-17,0.015421371979853
1976-04-18,0.18505646375823598
1976-04-19,21.340825065405017
1976-04-20,11.396819087969858
1976-04-21,0.0
1976-04-22,2.8027234270643566
1976-04-23,1.2697638254843122
1976-04-24,0.015421371979853
1976-04-25,0.0
1976-04-26,0.7227886391218393
1976-04-27,0.0
1976-04-28,0.0
1976-04-29,0.0
1976-04-30,0.0
1976-05-01,0.0
1976-05-02,1.060875997475793
1976-05-03,15.365414895173316
1976-05-04,0.0
1976-05-05,2.4613883386311284
1976-05-06,0.0
1976-05-07,0.0
1976-05-08,0.0
1976-05-09,6.127562449864185
1976-05-10,1.022987568994515
1976-05-11,0.340995856331505
1976-05-12,0.795656998106845
1976-05-13,0.0
1976-05-14,9.962641228246998
1976-05-15,7.007847672289589
1976-05-16,0.4167727132940617
1976-05-17,0.0
1976-05-18,4.772934257476469
1976-05-19,0.0
1976-05-20,0.0
1976-05-21,0.0
1976-05-22,0.0
1976-05-23,7.4773083540042515
1976-05-24,0.0
1976-05-25,0.3978284990534225
1976-05-26,2.4613883386311284
1976-05-27,0.447219787415737
1976-05-28,2.3513738298956954
1976-05-29,0.10794960385897098
1976-05-30,0.0
1976-05-31,0.0
1976-06-01,0.0
1976-06-02,0.0
1976-06-03,0.0
1976-06-04,0.0
1976-06-05,0.18505646375823598
1976-06-06,1.2124297114009066
1976-06-07,0.0
1976-06-08,2.020297851251164
1976-06-09,0.169635091778383
1976-06-10,0.0
1976-06-11,0.0
1976-06-12,0.0
1976-06-13,0.0
1976-06-14,0.0
1976-06-15,0.0
1976-06-16,0.9962762323030757
1976-06-17,0.0
1976-06-18,0.0
1976-06-19,0.9850991405132367
1976-06-20,0.030842743959706
1976-06-21,0.0
1976-06-22,0.0
1976-06-23,0.4903567309325405
1976-06-24,0.0
1976-06-25,0.0
1976-06-26,0.0
1976-06-27,0.0
1976-06-28,0.0
1976-06-29,0.0
1976-06-30,0.7813931233749614
1976-07-01,0.0
1976-07-02,0.0
1976-07-03,0.0
1976-07-04,0.0
1976-07-05,0.0
1976-07-06,0.0
1976-07-07,0.0
1976-07-08,0.0
1976-07-09,0.015421371979853
1976-07-10,0.0
1976-07-11,0.5872706414598141
1976-07-12,0.0
1976-07-13,0.0
1976-07-14,0.0
1976-07-15,0.0
1976-07-16,0.0
1976-07-17,0.0
1976-07-18,0.0
1976-07-19,0.0
1976-07-20,0.0
1976-07-21,0.0
1976-07-22,0.0
1976-07-23,0.0
1976-07-24,0.046264115939558995
1976-07-25,0.0
1976-07-26,0.0
1976-07-27,0.0
1976-07-28,0.0
1976-07-29,0.0
1976-07-30,0.3084437932454635
1976-07-31,0.19534828084374034
1976-08-01,0.0
1976-08-02,0.0
1976-08-03,0.0
1976-08-04,0.0
1976-08-05,0.0
1976-08-06,0.0
1976-08-07,0.0
1976-08-08,0.0
1976-08-09,0.0
1976-08-10,0.0
1976-08-11,0.3220516420908658
1976-08-12,0.0
1976-08-13,0.0
1976-08-14,0.0
1976-08-15,0.0
1976-08-16,0.0
1976-08-17,0.0
1976-08-18,0.0
1976-08-19,0.3978284990534225
1976-08-20,0.0
1976-08-21,0.0
1976-08-22,0.0
1976-08-23,0.0
1976-08-24,0.0
1976-08-25,0.0
1976-08-26,0.030842743959706
1976-08-27,0.0
1976-08-28,0.0
1976-08-29,0.0
1976-08-30,0.0
1976-08-31,0.0
1976-09-01,0.0
1976-09-02,0.0
1976-09-03,0.0
1976-09-04,0.0
1976-09-05,0.0
1976-09-06,0.0
1976-09-07,0.0
1976-09-08,0.0
1976-09-09,0.0
1976-09-10,0.0
1976-09-11,0.0
1976-09-12,0.0
1976-09-13,0.0
1976-09-14,0.0
1976-09-15,0.0
1976-09-16,0.0
1976-09-17,0.0
1976-09-18,0.0
1976-09-19,0.0
1976-09-20,0.0
1976-09-21,0.0
1976-09-22,0.0
1976-09-23,0.3978284990534225
1976-09-24,0.0
1976-09-25,1.1155010447405718
1976-09-26,0.6062148557004533
1976-09-27,0.0
1976-09-28,0.0
1976-09-29,5.194337208302486
1976-09-30,0.9407036907710329
1976-10-01,0.4493010459406028
1976-10-02,0.0
1976-10-03,0.0
1976-10-04,0.0
1976-10-05,0.0
1976-10-06,4.857086801897306
1976-10-07,1.5627862467499227
1976-10-08,0.0
1976-10-09,0.0
1976-10-10,0.0
1976-10-11,0.0
1976-10-12,0.0
1976-10-13,0.0
1976-10-14,0.0
1976-10-15,5.323054084401337
1976-10-16,0.0
1976-10-17,3.418594914765456
1976-10-18,0.3906965616874807
1976-10-19,0.0
1976-10-20,0.0
1976-10-21,0.0
1976-10-22,0.0
1976-10-23,0.0
1976-10-24,0.0
1976-10-25,0.0
1976-10-26,0.0
1976-10-27,0.0
1976-10-28,0.0
1976-10-29,0.0
1976-10-30,0.0
1976-10-31,0.0
1976-11-01,0.0
1976-11-02,0.0
1976-11-03,0.0
1976-11-04,0.0
1976-11-05,0.3220516420908658
1976-11-06,0.0
1976-11-07,0.0
1976-11-08,0.0
1976-11-09,0.0
1976-11-10,0.0
1976-11-11,0.0
1976-11-12,0.0
1976-11-13,8.384709258825975
1976-11-14,3.3671521829863376
1976-11-15,2.31320579697795
1976-11-16,0.09252823187911799
1976-11-17,0.0
1976-11-18,0.0
1976-11-19,0.0
1976-11-20,0.0
1976-11-21,0.0
1976-11-22,0.0
1976-11-23,0.0
1976-11-24,0.0
1976-11-25,0.0
1976-11-26,0.0
1976-11-27,0.0
1976-11-28,0.0
1976-11-29,0.0
1976-11-30,0.10794960385897098
1976-12-01,0.0
1976-12-02,0.0
1976-12-03,0.0
1976-12-04,0.0
1976-12-05,0.0
1976-12-06,0.0
1976-12-07,0.0
1976-12-08,0.0
1976-12-09,0.0
1976-12-10,0.0
1976-12-11,0.0
1976-12-12,0.0
1976-12-13,0.0
1976-12-14,0.0
1976-12-15,0.0
1976-12-16,0.0
1976-12-17,0.0
1976-12-18,0.5304379987378965
1976-12-19,0.0
1976-12-20,0.0
1976-12-21,0.0
1976-12-22,2.0511569488592736
1976-12-23,0.0
1976-12-24,0.0
1976-12-25,0.0
1976-12-26,0.0
1976-12-27,0.0
1976-12-28,0.0
1976-12-29,1.9534828084374034
1976-12-30,3.007167536071335
1976-12-31,0.0
1977-01-01,0.9850991405132367
1977-01-02,0.061685487919412
1977-01-03,0.0
1977-01-04,0.0
1977-01-05,0.0
1977-01-06,0.0
1977-01-07,4.4813706882200695
1977-01-08,0.0
1977-01-09,0.0
1977-01-10,0.0
1977-01-11,0.5194337208302486
1977-01-12,0.0
1977-01-13,0.0
1977-01-14,9.871704951966539
1977-01-15,3.399702648557037
1977-01-16,0.0
1977-01-17,0.077106859899265
1977-01-18,0.0
1977-01-19,0.0
1977-01-20,1.7314457361008286
1977-01-21,33.40076912305476
1977-01-22,1.0178596116155085
1977-01-23,7.423234672062133
1977-01-24,0.0
1977-01-25,10.957286580935794
1977-01-26,22.524293831038428
1977-01-27,28.4260670597886
1977-01-28,3.7420666834363177
1977-01-29,2.3852812238732874
1977-01-30,0.0
1977-01-31,5.7048258265237
1977-02-01,4.8474170138298085
1977-02-02,7.8309348678942525
1977-02-03,1.516363276605541
1977-02-04,0.277584695637354
1977-02-05,3.085714081900106
1977-02-06,1.248125300558107
1977-02-07,2.045471272406729
1977-02-08,12.367870977415679
1977-02-09,13.815661972393498
1977-02-10,1.680962253100784
1977-02-11,0.0
1977-02-12,2.7009194768895624
1977-02-13,0.0
1977-02-14,0.0
1977-02-15,0.0
1977-02-16,0.0
1977-02-17,0.0
1977-02-18,0.0
1977-02-19,1.439256416706276
1977-02-20,9.80236500558253
1977-02-21,3.3817514148882957
1977-02-22,17.98768734262691
1977-02-23,3.9048072672854004
1977-02-24,4.232330356174585
1977-02-25,9.588611615330617
1977-02-26,5.476598114436509
1977-02-27,1.345838232945346
1977-02-28,0.030842743959706
1977-03-01,8.738192911326896
1977-03-02,10.92274113915862
1977-03-03,1.7476385822653793
1977-03-04,10.39087996081259
1977-03-05,2.955297421539711
1977-03-06,3.1826279924273813
1977-03-07,3.3329237610153593
1977-03-08,7.141807700144941
1977-03-09,1.6076455788427026
1977-03-10,3.6511905758248746
1977-03-11,5.881630166497693
1977-03-12,11.528955994859075
1977-03-13,18.070818877569575
1977-03-14,13.30480198708692
1977-03-15,3.5685431393225375
1977-03-16,0.0
1977-03-17,19.330533382173144
1977-03-18,5.327816194320211
1977-03-19,6.7889293944394336
1977-03-20,11.504048190460216
1977-03-21,4.5876715298682
1977-03-22,0.0
1977-03-23,0.0
1977-03-24,0.0
1977-03-25,0.0
1977-03-26,12.670379721424
1977-03-27,1.9535326045840775
1977-03-28,16.743921241539308
1977-03-29,21.234629802607948
1977-03-30,9.397150476124693
1977-03-31,24.0996745393069
1977-04-01,16.73804332402473
1977-04-02,16.835494842506186
1977-04-03,1.022987568994515
1977-04-04,4.898883088347309
1977-04-05,4.045591632573457
1977-04-06,2.9815851761932057
1977-04-07,8.400717893289112
1977-04-08,7.7719846502138905
1977-04-09,20.335303382147103
1977-04-10,5.1506167766420985
1977-04-11,15.442967010228722
1977-04-12,0.647730330450633
1977-04-13,6.253751139381871
1977-04-14,6.49512082333679
1977-04-15,0.0
1977-04-16,0.0
1977-04-17,0.9767414042187017
1977-04-18,0.0
1977-04-19,0.5757025666825104
1977-04-20,0.5397480192948549
1977-04-21,4.318147690842875
1977-04-22,0.0
1977-04-23,0.45466114177533995
1977-04-24,4.8934718168013385
1977-04-25,0.21488310892811438
1977-04-26,2.128149333219714
1977-04-27,21.65781925629352
1977-04-28,20.567970210985386
1977-04-29,13.71369607665817
1977-04-30,24.305770685344974
1977-05-01,1.3108656792327156
1977-05-02,1.0949337642179664
1977-05-03,29.46985210174227
1977-05-04,11.682632192800579
1977-05-05,2.3214221399160784
1977-05-06,1.3146636336750135
1977-05-07,4.838911624823134
1977-05-08,0.43179841543588393
1977-05-09,5.138464898819743
1977-05-10,0.18505646375823598
1977-05-11,0.0
1977-05-12,3.3867033647191156
1977-05-13,2.344179370124884
1977-05-14,14.255957345320855
1977-05-15,1.3982807098658885
1977-05-16,0.0
1977-05-17,0.0
1977-05-18,0.0
1977-05-19,0.262163323657501
1977-05-20,1.9689041804172565
1977-05-21,0.7813931233749614
1977-05-22,0.046264115939558995
1977-05-23,2.1488310892811437
1977-05-24,1.9103099625931081
1977-05-25,0.123370975838824
1977-05-26,0.0
1977-05-27,0.0
1977-05-28,0.0
1977-05-29,0.8986020918812055
1977-05-30,0.0
1977-05-31,0.0
1977-06-01,0.0
1977-06-02,0.0
1977-06-03,4.392071254627597
1977-06-04,6.6553158668674826
1977-06-05,9.233933165663391
1977-06-06,7.9341503268466305
1977-06-07,0.015421371979853
1977-06-08,1.2467507263802755
1977-06-09,0.0
1977-06-10,1.5632027548387086
1977-06-11,0.3978284990534225
1977-06-12,2.0316221207748995
1977-06-13,1.253310001066228
1977-06-14,0.0
1977-06-15,0.0
1977-06-16,0.6062148557004533
1977-06-17,0.3978284990534225
1977-06-18,0.015421371979853
1977-06-19,0.4167727132940617
1977-06-20,1.3337284055721714
1977-06-21,0.3906965616874807
1977-06-22,6.59971503156608
1977-06-23,2.344179370124884
1977-06-24,0.6837189829530912
1977-06-25,0.0
1977-06-26,0.0
1977-06-27,0.0
1977-06-28,0.0
1977-06-29,0.0
1977-06-30,0.19534828084374034
1977-07-01,0.0
1977-07-02,0.0
1977-07-03,0.0
1977-07-04,0.0
1977-07-05,10.769248657804246
1977-07-06,0.586044842531221
1977-07-07,0.0
1977-07-08,0.8841300062795704
1977-07-09,2.608183518524733
1977-07-10,0.0
1977-07-11,2.8046925511900036
1977-07-12,0.0
1977-07-13,0.0
1977-07-14,0.0
1977-07-15,0.0
1977-07-16,0.0
1977-07-17,8.71947118663503
1977-07-18,0.08841300062795704
1977-07-19,0.0
1977-07-20,0.0
1977-07-21,0.0
1977-07-22,0.0
1977-07-23,0.0
1977-07-24,0.0
1977-07-25,0.1439256416706276
1977-07-26,7.6956898128051385
1977-07-27,0.2930224212656105
1977-07-28,0.0
1977-07-29,0.0
1977-07-30,0.0
1977-07-31,0.0
1977-08-01,0.0
1977-08-02,0.0
1977-08-03,0.0
1977-08-04,0.0
1977-08-05,0.0
1977-08-06,0.0
1977-08-07,0.0
1977-08-08,0.0
1977-08-09,0.0
1977-08-10,0.0
1977-08-11,0.0
1977-08-12,0.0
1977-08-13,0.0
1977-08-14,0.0
1977-08-15,0.0
1977-08-16,0.0
1977-08-17,0.0
1977-08-18,0.0
1977-08-19,0.0
1977-08-20,0.0
1977-08-21,0.0
1977-08-22,0.9767414042187017
1977-08-23,0.0
1977-08-24,0.0
1977-08-25,0.0
1977-08-26,0.0
1977-08-27,0.0
1977-08-28,0.0
1977-08-29,0.0
1977-08-30,0.0
1977-08-31,0.0
1977-09-01,0.0
1977-09-02,0.0
1977-09-03,0.0
1977-09-04,0.0
1977-09-05,0.0
1977-09-06,0.0
1977-09-07,0.0
1977-09-08,0.3906965616874807
1977-09-09,0.0
1977-09-10,0.0
1977-09-11,0.0
1977-09-12,0.0
1977-09-13,0.0
1977-09-14,0.0
1977-09-15,0.0
1977-09-16,0.0
1977-09-17,0.0
1977-09-18,0.0
1977-09-19,0.0
1977-09-20,0.0
1977-09-21,0.0
1977-09-22,0.0
1977-09-23,0.0
1977-09-24,0.0
1977-09-25,0.0
1977-09-26,0.0
1977-09-27,0.0
1977-09-28,0.0
1977-09-29,0.0
1977-09-30,0.0
1977-10-01,0.0
1977-10-02,0.0
1977-10-03,0.0
1977-10-04,0.0
1977-10-05,0.0
1977-10-06,0.0
1977-10-07,0.0
1977-10-08,0.0
1977-10-09,0.0
1977-10-10,0.0
1977-10-11,0.0
1977-10-12,0.0
1977-10-13,0.0
1977-10-14,0.0
1977-10-15,0.0
1977-10-16,0.0
1977-10-17,0.0
1977-10-18,0.0
1977-10-19,0.0
1977-10-20,0.0
1977-10-21,0.0
1977-10-22,0.0
1977-10-23,0.0
1977-10-24,0.0
1977-10-25,0.0
1977-10-26,0.0
1977-10-27,0.0
1977-10-28,0.0
1977-10-29,0.0
1977-10-30,0.0
1977-10-31,0.19534828084374034
1977-11-01,0.19534828084374034
1977-11-02,0.0
1977-11-03,0.0
1977-11-04,0.0
1977-11-05,0.0
1977-11-06,0.0
1977-11-07,0.0
1977-11-08,0.0
1977-11-09,0.0
1977-11-10,0.0
1977-11-11,0.0
1977-11-12,0.0
1977-11-13,0.0
1977-11-14,0.0
1977-11-15,0.0
1977-11-16,0.0
1977-11-17,0.0
1977-11-18,0.0
1977-11-19,0.0
1977-11-20,0.0
1977-11-21,0.0
1977-11-22,0.0
1977-11-23,0.0
1977-11-24,0.0
1977-11-25,0.046264115939558995
1977-11-26,0.0
1977-11-27,0.0
1977-11-28,0.0
1977-11-29,0.0
1977-11-30,0.0
1977-12-01,0.0
1977-12-02,0.0
1977-12-03,0.0
1977-12-04,0.0
1977-12-05,0.0
1977-12-06,0.0
1977-12-07,0.0
1977-12-08,0.0
1977-12-09,0.0
1977-12-10,0.0
1977-12-11,0.0
1977-12-12,0.0
1977-12-13,2.6834495536816503
1977-12-14,3.320920774343586
1977-12-15,4.097167989175795
1977-12-16,0.47806253137544297
1977-12-17,0.123370975838824
1977-12-18,0.0
1977-12-19,0.0
1977-12-20,0.0
1977-12-21,0.0
1977-12-22,0.0
1977-12-23,0.0
1977-12-24,0.0
1977-12-25,0.0
1977-12-26,5.86012135234414
1977-12-27,0.0
1977-12-28,0.0
1977-12-29,0.0
1977-12-30,9.149423642589095
1977-12-31,18.87598825441772
1978-01-01,25.146821190956096
1978-01-02,0.0
1978-01-03,0.0
1978-01-04,0.0
1978-01-05,1.257341059547805
1978-01-06,0.0
1978-01-07,0.18090916660895606
1978-01-08,0.0
1978-01-09,0.0
1978-01-10,1.4390526366339664
1978-01-11,8.267701723505459
1978-01-12,1.593233549208212
1978-01-13,6.491573963060077
1978-01-14,1.042434336813812
1978-01-15,11.919595134829665
1978-01-16,8.164531442862856
1978-01-17,1.780131527062618
1978-01-18,0.2422821027815486
1978-01-19,0.2389326123058971
1978-01-20,0.2286142253249558
1978-01-21,0.0
1978-01-22,0.0
1978-01-23,0.0
1978-01-24,0.0
1978-01-25,0.0
1978-01-26,0.20985463326638903
1978-01-27,0.0
1978-01-28,0.0
1978-01-29,0.0
1978-01-30,0.0
1978-01-31,0.1567879443944286
1978-02-01,0.0
1978-02-02,0.0
1978-02-03,0.0
1978-02-04,0.0
1978-02-05,0.0
1978-02-06,0.0
1978-02-07,1.9045903097109025
1978-02-08,0.0
1978-02-09,5.85231452506762
1978-02-10,19.23887974396154
1978-02-11,52.4075103388262
1978-02-12,7.141047010118092
1978-02-13,3.0658609873437865
1978-02-14,0.2658705913345496
1978-02-15,0.3738789443251759
1978-02-16,0.036181833321791215
1978-02-17,0.0
1978-02-18,0.0
1978-02-19,0.0
1978-02-20,0.0
1978-02-21,0.0
1978-02-22,0.0
1978-02-23,0.0
1978-02-24,0.09930164567223498
1978-02-25,0.036181833321791215
1978-02-26,0.0
1978-02-27,0.3366360569935528
1978-02-28,1.3058025417143078
1978-03-01,16.36322591079775
1978-03-02,8.640329345284556
1978-03-03,4.633029813049889
1978-03-04,1.5261285057436127
1978-03-05,22.772311784859838
1978-03-06,7.416711472174736
1978-03-07,8.36111950946598
1978-03-08,0.0420795071241941
1978-03-09,35.74392208250966
1978-03-10,20.453221315575174
1978-03-11,0.5493822129785346
1978-03-12,0.3462891472201641
1978-03-13,20.991347451071462
1978-03-14,2.9680086935988745
1978-03-15,2.6701595621466048
1978-03-16,1.567254720540719
1978-03-17,0.501999060914295
1978-03-18,0.07571315711923393
1978-03-19,0.0
1978-03-20,0.0
1978-03-21,0.0
1978-03-22,0.0
1978-03-23,0.0
1978-03-24,0.0
1978-03-25,4.255079430100947
1978-03-26,0.0
1978-03-27,0.45108033408963455
1978-03-28,0.09648488885810991
1978-03-29,0.0
1978-03-30,4.776836645918717
1978-03-31,0.2720324253111053
1978-04-01,1.0343286176015671
1978-04-02,0.18171157708616142
1978-04-03,0.3197399294220233
1978-04-04,13.19552712743261
1978-04-05,0.535615006711784
1978-04-06,1.060875997475791
1978-04-07,0.3841948859111988
1978-04-08,9.30533267148936
1978-04-09,2.482690920327452
1978-04-10,12.609520491192892
1978-04-11,9.349828394491794
1978-04-12,0.0
1978-04-13,17.104864313610683
1978-04-14,0.22915161103801102
1978-04-15,5.386176911896845
1978-04-16,0.0
1978-04-17,0.0
1978-04-18,0.1211410513907743
1978-04-19,0.19779402215912528
1978-04-20,24.394476435850745
1978-04-21,24.509681434442108
1978-04-22,0.8411917792788899
1978-04-23,4.719462195764845
1978-04-24,9.945481882893757
1978-04-25,0.8559090245856176
1978-04-26,0.11095762218682638
1978-04-27,0.0
1978-04-28,7.542249277888795
1978-04-29,1.204339325855671
1978-04-30,2.4604309559433513
1978-05-01,1.8778262076287309
1978-05-02,1.0513711405061152
1978-05-03,0.2170909999307473
1978-05-04,20.028565841548822
1978-05-05,4.880602307375878
1978-05-06,5.911031805880281
1978-05-07,8.394084331025033
1978-05-08,3.024354349413802
1978-05-09,1.1307765288250669
1978-05-10,10.846292333580902
1978-05-11,8.380968057245488
1978-05-12,2.620990052807298
1978-05-13,1.7726751659180484
1978-05-14,10.940144229086467
1978-05-15,2.807677647607772
1978-05-16,3.4967145999240152
1978-05-17,2.077204719899917
1978-05-18,0.0
1978-05-19,0.43571692753469987
1978-05-20,0.9199088653279976
1978-05-21,9.610581617672596
1978-05-22,0.7241845480900233
1978-05-23,2.2222335222234224
1978-05-24,0.0
1978-05-25,0.0
1978-05-26,0.0
1978-05-27,0.0
1978-05-28,0.17126067772314507
1978-05-29,1.1361466923532408
1978-05-30,0.0
1978-05-31,0.2945565498693587
1978-06-01,0.18090916660895606
1978-06-02,2.9814194934954132
1978-06-03,0.0
1978-06-04,0.0
1978-06-05,0.0
1978-06-06,0.0
1978-06-07,0.0
1978-06-08,0.0
1978-06-09,0.0
1978-06-10,0.0
1978-06-11,0.0
1978-06-12,0.3462891472201641
1978-06-13,0.684920694451649
1978-06-14,0.5451565987387867
1978-06-15,0.2817639215318489
1978-06-16,0.0
1978-06-17,0.0
1978-06-18,0.024121222214527477
1978-06-19,0.0
1978-06-20,0.0
1978-06-21,0.0
1978-06-22,0.3462891472201641
1978-06-23,0.0
1978-06-24,0.3462891472201641
1978-06-25,0.0
1978-06-26,0.0
1978-06-27,0.0
1978-06-28,1.336263809409311
1978-06-29,0.7153516211112997
1978-06-30,0.0
1978-07-01,0.0
1978-07-02,0.0
1978-07-03,0.0
1978-07-04,0.0
1978-07-05,0.0
1978-07-06,0.0
1978-07-07,0.0
1978-07-08,0.045427894271540356
1978-07-09,0.0
1978-07-10,0.024121222214527477
1978-07-11,0.0
1978-07-12,0.07571315711923393
1978-07-13,0.0
1978-07-14,0.0
1978-07-15,0.0
1978-07-16,2.015531827204928
1978-07-17,0.6511331512254118
1978-07-18,0.024121222214527477
1978-07-19,0.0
1978-07-20,0.015142631423846788
1978-07-21,0.0
1978-07-22,0.0
1978-07-23,0.0
1978-07-24,0.0
1978-07-25,0.8303253218839921
1978-07-26,0.0
1978-07-27,0.8657228680504102
1978-07-28,0.0
1978-07-29,1.2501394272279802
1978-07-30,0.559359467224245
1978-07-31,0.14472733328716486
1978-08-01,0.0
1978-08-02,0.0
1978-08-03,0.0
1978-08-04,0.0
1978-08-05,0.0
1978-08-06,0.030285262847693575
1978-08-07,0.0
1978-08-08,0.0
1978-08-09,0.0
1978-08-10,0.0
1978-08-11,0.015142631423846788
1978-08-12,0.0
1978-08-13,0.0
1978-08-14,0.0
1978-08-15,0.0
1978-08-16,0.0
1978-08-17,0.0
1978-08-18,0.0
1978-08-19,0.0
1978-08-20,0.0
1978-08-21,0.0
1978-08-22,0.0
1978-08-23,0.0
1978-08-24,0.0
1978-08-25,0.0
1978-08-26,0.0
1978-08-27,0.0
1978-08-28,0.0
1978-08-29,0.0
1978-08-30,0.0
1978-08-31,0.0
1978-09-01,0.0
1978-09-02,0.0
1978-09-03,0.0
1978-09-04,0.0
1978-09-05,0.015142631423846788
1978-09-06,1.4912737679179866
1978-09-07,0.030285262847693575
1978-09-08,0.0
1978-09-09,0.0
1978-09-10,0.0
1978-09-11,0.0
1978-09-12,0.0
1978-09-13,0.0
1978-09-14,0.0
1978-09-15,0.0
1978-09-16,0.0
1978-09-17,0.0
1978-09-18,0.0
1978-09-19,0.0
1978-09-20,0.0
1978-09-21,0.0
1978-09-22,0.0
1978-09-23,0.0
1978-09-24,0.024121222214527477
1978-09-25,0.0
1978-09-26,0.0
1978-09-27,0.0
1978-09-28,0.0
1978-09-29,0.0
1978-09-30,0.0
1978-10-01,0.0
1978-10-02,0.0
1978-10-03,0.0
1978-10-04,0.0
1978-10-05,0.0
1978-10-06,0.0
1978-10-07,0.0
1978-10-08,0.0
1978-10-09,0.030285262847693575
1978-10-10,0.0
1978-10-11,0.0
1978-10-12,0.0
1978-10-13,0.0
1978-10-14,0.0
1978-10-15,0.0
1978-10-16,0.0
1978-10-17,0.0
1978-10-18,0.0
1978-10-19,0.0
1978-10-20,0.0
1978-10-21,0.0
1978-10-22,0.0
1978-10-23,0.0
1978-10-24,0.0
1978-10-25,0.0
1978-10-26,0.0
1978-10-27,0.0
1978-10-28,0.0
1978-10-29,0.0
1978-10-30,0.0
1978-10-31,0.0
1978-11-01,0.0
1978-11-02,0.0
1978-11-03,0.0
1978-11-04,0.0
1978-11-05,0.0
1978-11-06,0.0
1978-11-07,0.0
1978-11-08,0.0
1978-11-09,0.0
1978-11-10,0.0
1978-11-11,0.0
1978-11-12,0.0
1978-11-13,0.0
1978-11-14,0.0
1978-11-15,0.0
1978-11-16,0.0
1978-11-17,0.0
1978-11-18,0.0
1978-11-19,0.0
1978-11-20,0.0
1978-11-21,0.0
1978-11-22,0.0
1978-11-23,0.0
1978-11-24,0.0
1978-11-25,0.0
1978-11-26,0.0
1978-11-27,0.0
1978-11-28,0.3462891472201641
1978-11-29,1.4772681930167044
1978-11-30,5.657991533625516
1978-12-01,0.13011964218145497
1978-12-02,3.0999229513987556
1978-12-03,3.6937200599001665
1978-12-04,0.662008396715521
1978-12-05,0.5840112164436884
1978-12-06,0.1326667221799011
1978-12-07,0.0
1978-12-08,0.0
1978-12-09,0.0
1978-12-10,0.5148494684107907
1978-12-11,0.0
1978-12-12,0.2945565498693587
1978-12-13,0.19296977771621981
1978-12-14,0.0
1978-12-15,0.0
1978-12-16,0.0
1978-12-17,0.0
1978-12-18,0.0
1978-12-19,0.0
1978-12-20,0.0
1978-12-21,0.0
1978-12-22,0.0
1978-12-23,0.0
1978-12-24,0.37521629512051813
1978-12-25,0.3028526284769357
1978-12-26,0.0
1978-12-27,0.0
1978-12-28,0.0
1978-12-29,0.0
1978-12-30,0.0
1978-12-31,0.0
1979-01-01,0.0
1979-01-02,0.0
1979-01-03,0.0
1979-01-04,0.0
1979-01-05,0.0
1979-01-06,0.0
1979-01-07,0.0
1979-01-08,0.0
1979-01-09,0.6440929361035026
1979-01-10,0.0
1979-01-11,0.0
1979-01-12,0.0
1979-01-13,0.0
1979-01-14,6.2283950042528575
1979-01-15,24.39351086839322
1979-01-16,11.841548769694496
1979-01-17,7.33899770617503
1979-01-18,4.268624329995675
1979-01-19,0.8823107200333901
1979-01-20,2.625504364022862
1979-01-21,0.0
1979-01-22,0.18530569314602569
1979-01-23,5.737199512998074
1979-01-24,22.7784804603753
1979-01-25,0.3120078118222101
1979-01-26,7.801185042265978
1979-01-27,1.9999293226422457
1979-01-28,0.10544278208429494
1979-01-29,0.0
1979-01-30,0.0
1979-01-31,0.46792423096379776
1979-02-01,0.0
1979-02-02,0.0
1979-02-03,0.0
1979-02-04,1.2538370357136341
1979-02-05,0.7198685756450911
1979-02-06,0.5175269956979077
1979-02-07,3.5144876083884293
1979-02-08,0.03665175272486291
1979-02-09,0.5644966972075964
1979-02-10,0.0
1979-02-11,0.0
1979-02-12,0.0
1979-02-13,0.35086575979519163
1979-02-14,1.747205769923109
1979-02-15,1.3787829995299363
1979-02-16,1.8114517810059878
1979-02-17,0.0
1979-02-18,2.9983904382771285
1979-02-19,0.0
1979-02-20,0.03970836281700551
1979-02-21,1.673088684472721
1979-02-22,10.223986279830717
1979-02-23,0.5805687782698695
1979-02-24,34.98683414291449
1979-02-25,14.559665330400033
1979-02-26,9.86637826814642
1979-02-27,4.928400404746538
1979-02-28,4.693804906638109
1979-03-01,6.119665437721677
1979-03-02,0.5069297936810144
1979-03-03,1.9807820311357411
1979-03-04,2.809465057380797
1979-03-05,0.01817979001453361
1979-03-06,5.460585796280952
1979-03-07,0.0
1979-03-08,0.0
1979-03-09,2.957205063579487
1979-03-10,0.2631493198463937
1979-03-11,0.9483702607216005
1979-03-12,0.0
1979-03-13,1.606393705883752
1979-03-14,9.930619402984393
1979-03-15,7.344331768087079
1979-03-16,3.5488921497209818
1979-03-17,1.1307262797811235
1979-03-18,0.040689063562069375
1979-03-19,0.0
1979-03-20,0.0
1979-03-21,2.6402012751860378
1979-03-22,9.265946777714603
1979-03-23,0.0
1979-03-24,0.005453937004360083
1979-03-25,32.81164157620232
1979-03-26,9.32086423595102
1979-03-27,4.235114907132908
1979-03-28,14.449178628341015
1979-03-29,1.2912955630810918
1979-03-30,2.519500396537544
1979-03-31,1.7537311566653142
1979-04-01,0.0
1979-04-02,0.0
1979-04-03,0.0
1979-04-04,3.3743040082680897
1979-04-05,0.007271916005813445
1979-04-06,0.47829056256099506
1979-04-07,3.3728372057874574
1979-04-08,3.50838875073998
1979-04-09,1.30377374575127
1979-04-10,0.0
1979-04-11,3.9478591051171597
1979-04-12,0.020344531781034687
1979-04-13,0.0
1979-04-14,0.0
1979-04-15,0.13236120939001836
1979-04-16,0.1454383201162689
1979-04-17,0.0
1979-04-18,1.149214274762878
1979-04-19,11.152709075544617
1979-04-20,0.0
1979-04-21,2.845616198939067
1979-04-22,2.972676794738102
1979-04-23,1.1508678944441755
1979-04-24,25.4491326466279
1979-04-25,8.816392515222159
1979-04-26,18.707572205315863
1979-04-27,0.03141591095353545
1979-04-28,0.07271916005813449
1979-04-29,1.782962686855901
1979-04-30,6.406512097472828
1979-05-01,0.05294448375600737
1979-05-02,1.694374372585993
1979-05-03,2.7745166250974607
1979-05-04,4.096292384290903
1979-05-05,21.206865469958423
1979-05-06,3.0659431272921243
1979-05-07,0.0
1979-05-08,5.001037101101965
1979-05-09,0.24413438137241622
1979-05-10,0.0
1979-05-11,3.9048113646812808
1979-05-12,7.9669867822156375
1979-05-13,4.64301148160004
1979-05-14,0.7356739078681
1979-05-15,12.948736537359148
1979-05-16,21.747128142716786
1979-05-17,2.2927792426675255
1979-05-18,7.975112556924139
1979-05-19,4.793504695897756
1979-05-20,0.8758951339409289
1979-05-21,0.07271916005813445
1979-05-22,0.010907874008720167
1979-05-23,0.0
1979-05-24,0.054539370043600835
1979-05-25,0.07941672563401102
1979-05-26,0.0
1979-05-27,0.0
1979-05-28,0.01454383201162689
1979-05-29,0.5914792163233475
1979-05-30,0.7380994745900646
1979-05-31,0.0
1979-06-01,0.018943909885397132
1979-06-02,0.09471954942698567
1979-06-03,0.056831729656191404
1979-06-04,5.384525764793988
1979-06-05,0.0
1979-06-06,0.64856992601109
1979-06-07,0.7047963740444515
1979-06-08,0.0
1979-06-09,0.0
1979-06-10,0.07941672563401102
1979-06-11,3.533063235392323
1979-06-12,12.374490669565857
1979-06-13,0.0
1979-06-14,0.0
1979-06-15,0.0
1979-06-16,0.0
1979-06-17,0.0
1979-06-18,0.0
1979-06-19,0.0
1979-06-20,0.0
1979-06-21,0.0
1979-06-22,0.0
1979-06-23,0.0
1979-06-24,0.0
1979-06-25,0.0
1979-06-26,0.11912508845101652
1979-06-27,0.27153789317909893
1979-06-28,0.0
1979-06-29,0.0
1979-06-30,0.0
1979-07-01,0.06618060469500918
1979-07-02,0.19270577415405626
1979-07-03,0.9225437954380642
1979-07-04,0.026472241878003674
1979-07-05,0.0
1979-07-06,0.0
1979-07-07,0.0
1979-07-08,0.0
1979-07-09,0.0
1979-07-10,0.0
1979-07-11,0.0
1979-07-12,0.0
1979-07-13,0.0
1979-07-14,0.0
1979-07-15,0.0
1979-07-16,0.0
1979-07-17,0.0
1979-07-18,0.0
1979-07-19,0.0
1979-07-20,0.0
1979-07-21,0.0
1979-07-22,0.0
1979-07-23,0.0
1979-07-24,0.0
1979-07-25,0.0
1979-07-26,0.0
1979-07-27,0.0
1979-07-28,0.0
1979-07-29,0.0
1979-07-30,0.0
1979-07-31,0.0
1979-08-01,0.0
1979-08-02,0.0
1979-08-03,0.07017315195903832
1979-08-04,0.0
1979-08-05,0.0
1979-08-06,0.0
1979-08-07,0.0
1979-08-08,0.0
1979-08-09,0.0
1979-08-10,0.0
1979-08-11,0.0
1979-08-12,0.0
1979-08-13,0.0
1979-08-14,0.0
1979-08-15,0.0
1979-08-16,0.0
1979-08-17,0.0
1979-08-18,0.08137812712413875
1979-08-19,0.0
1979-08-20,0.014543832011626899
1979-08-21,0.0
1979-08-22,6.7774974903439675
1979-08-23,0.0
1979-08-24,0.0
1979-08-25,1.7868763267652485
1979-08-26,0.0
1979-08-27,0.0
1979-08-28,0.0
1979-08-29,0.0745371390595878
1979-08-30,0.0
1979-08-31,0.0
1979-09-01,0.0
1979-09-02,0.0
1979-09-03,0.08544501306830798
1979-09-04,0.0
1979-09-05,2.9194403105784774
1979-09-06,0.1368228057201393
1979-09-07,0.09162938181215727
1979-09-08,0.0
1979-09-09,0.0
1979-09-10,0.0
1979-09-11,0.0
1979-09-12,0.0
1979-09-13,0.0
1979-09-14,0.0
1979-09-15,0.07635511806104117
1979-09-16,0.0
1979-09-17,0.0
1979-09-18,0.0
1979-09-19,0.0
1979-09-20,0.0
1979-09-21,0.0
1979-09-22,0.0
1979-09-23,0.0
1979-09-24,0.0
1979-09-25,0.0
1979-09-26,0.0
1979-09-27,0.0
1979-09-28,0.0
1979-09-29,0.0
1979-09-30,0.0
1979-10-01,0.0
1979-10-02,0.0
1979-10-03,0.0
1979-10-04,0.0
1979-10-05,0.0
1979-10-06,0.0
1979-10-07,0.0
1979-10-08,0.0
1979-10-09,0.0
1979-10-10,0.0
1979-10-11,0.0
1979-10-12,0.0
1979-10-13,0.0
1979-10-14,0.0
1979-10-15,0.0
1979-10-16,0.0
1979-10-17,0.0
1979-10-18,0.0
1979-10-19,0.0
1979-10-20,0.0
1979-10-21,0.0
1979-10-22,0.0
1979-10-23,0.0
1979-10-24,0.0
1979-10-25,0.0
1979-10-26,0.0
1979-10-27,0.0
1979-10-28,0.0
1979-10-29,0.0
1979-10-30,0.0
1979-10-31,0.13634842510900216
1979-11-01,0.0
1979-11-02,0.0
1979-11-03,0.0
1979-11-04,0.0
1979-11-05,0.0
1979-11-06,0.0
1979-11-07,0.0
1979-11-08,0.13223945657672545
1979-11-09,0.0
1979-11-10,0.0
1979-11-11,0.0
1979-11-12,0.0
1979-11-13,0.0
1979-11-14,0.0
1979-11-15,0.0
1979-11-16,0.0
1979-11-17,0.0
1979-11-18,2.10519455877115
1979-11-19,43.17249329267316
1979-11-20,0.0
1979-11-21,0.0
1979-11-22,0.0
1979-11-23,0.0
1979-11-24,0.0
1979-11-25,0.0
1979-11-26,0.0
1979-11-27,0.0
1979-11-28,0.0
1979-11-29,0.0
1979-11-30,0.0
1979-12-01,0.0
1979-12-02,0.0
1979-12-03,0.0
1979-12-04,0.0
1979-12-05,0.0
1979-12-06,0.0
1979-12-07,0.0
1979-12-08,0.0
1979-12-09,0.0
1979-12-10,0.0
1979-12-11,0.0
1979-12-12,3.3887487451719838
1979-12-13,0.0
1979-12-14,0.0
1979-12-15,0.0
1979-12-16,0.0
1979-12-17,0.0
1979-12-18,0.0
1979-12-19,0.23424470996887742
1979-12-20,0.23287974459864838
1979-12-21,0.0
1979-12-22,0.0
1979-12-23,0.0
1979-12-24,0.0
1979-12-25,0.0
1979-12-26,0.06140150796415853
1979-12-27,0.0712058612336214
1979-12-28,0.0
1979-12-29,0.0
1979-12-30,0.17292852013879484
1979-12-31,0.0
1980-01-01,0.0
1980-01-02,0.0
1980-01-03,0.0
1980-01-04,0.0
1980-01-05,5.907724831744187
1980-01-06,2.5888290129167753
1980-01-07,5.925639324486133
1980-01-08,3.1598661563609967
1980-01-09,0.0
1980-01-10,0.0
1980-01-11,5.797648300838061
1980-01-12,0.020344531781034687
1980-01-13,0.7015144097670976
1980-01-14,15.589357881881822
1980-01-15,13.983515996481291
1980-01-16,0.8925002117514118
1980-01-17,0.0
1980-01-18,0.7676950144621064
1980-01-19,3.2885825312125707
1980-01-20,1.7367839911188558
1980-01-21,0.013236120939001837
1980-01-22,0.2437681964075017
1980-01-23,0.3199643042557916
1980-01-24,0.019997769015986974
1980-01-25,0.0
1980-01-26,0.0
1980-01-27,0.0
1980-01-28,2.260403562407725
1980-01-29,0.5163060364127545
1980-01-30,0.0
1980-01-31,0.0
1980-02-01,0.0
1980-02-02,0.0
1980-02-03,0.026472241878003674
1980-02-04,0.0
1980-02-05,4.315438695566438
1980-02-06,8.392479181828016
1980-02-07,3.2286509366252987
1980-02-08,7.277486500996554
1980-02-09,0.18530569314602569
1980-02-10,12.541784367377659
1980-02-11,2.236034795227412
1980-02-12,4.014441007377344
1980-02-13,2.6745120772863453
1980-02-14,6.671543157070107
1980-02-15,22.651346123927276
1980-02-16,15.944828766957688
1980-02-17,21.66938880279265
1980-02-18,11.430490650745224
1980-02-19,20.346963251987038
1980-02-20,24.73485606697357
1980-02-21,0.8712458269248632
1980-02-22,16.137632476837755
1980-02-23,4.770830402047055
1980-02-24,8.11138438044871
1980-02-25,12.563702765524969
1980-02-26,2.699227015305851
1980-02-27,8.255597370178188
1980-02-28,7.076599190853211
1980-02-29,27.800945745547875
1980-03-01,16.423476231120446
1980-03-02,2.2325801226855866
1980-03-03,1.4715240459988763
1980-03-04,1.3409430877671786
1980-03-05,6.118903093987694
1980-03-06,4.779969623182186
1980-03-07,26.449873623558062
1980-03-08,14.46343595923588
1980-03-09,1.956613691660917
1980-03-10,1.2392817002923766
1980-03-11,0.0
1980-03-12,0.8778839875863549
1980-03-13,2.6891336290737295
1980-03-14,2.8135504442777033
1980-03-15,3.765164117566226
1980-03-16,2.7620531680881917
1980-03-17,0.021815748017440333
1980-03-18,0.23837576419111584
1980-03-19,0.0
1980-03-20,2.5619060906600226
1980-03-21,0.11189492479569078
1980-03-22,4.589253863243147
1980-03-23,2.9235909032166365
1980-03-24,0.03635958002906722
1980-03-25,0.010172265890517344
1980-03-26,0.021815748017440333
1980-03-27,0.010172265890517344
1980-03-28,0.021815748017440333
1980-03-29,0.0
1980-03-30,0.0
1980-03-31,0.014543832011626899
1980-04-01,0.0
1980-04-02,0.0
1980-04-03,0.061033595343104055
1980-04-04,0.0
1980-04-05,1.8349875309761599
1980-04-06,6.230797963226694
1980-04-07,2.565397313764253
1980-04-08,1.3554994980687936
1980-04-09,0.04726745403778739
1980-04-10,0.0
1980-04-11,1.7425063559918315
1980-04-12,3.9697324596378567
1980-04-13,0.0
1980-04-14,0.17206957220702387
1980-04-15,0.021815748017440333
1980-04-16,0.0
1980-04-17,0.018179790014533622
1980-04-18,0.0
1980-04-19,0.050861329452586715
1980-04-20,0.0
1980-04-21,0.0
1980-04-22,1.8585797179357009
1980-04-23,8.682960417934446
1980-04-24,0.14176027952525477
1980-04-25,0.0
1980-04-26,0.06544724405232101
1980-04-27,0.6772754871077326
1980-04-28,0.06471163593411818
1980-04-29,0.0
1980-04-30,0.0
1980-05-01,0.20973686330871616
1980-05-02,0.17206957220702387
1980-05-03,0.0
1980-05-04,0.0
1980-05-05,0.0
1980-05-06,0.0
1980-05-07,0.0
1980-05-08,0.0
1980-05-09,0.0
1980-05-10,0.0
1980-05-11,0.0
1980-05-12,0.007271916005813445
1980-05-13,0.0
1980-05-14,0.19854181408502752
1980-05-15,0.05090341204069411
1980-05-16,0.19997769015986971
1980-05-17,0.0
1980-05-18,0.0
1980-05-19,0.0
1980-05-20,0.0
1980-05-21,0.0
1980-05-22,0.0
1980-05-23,0.0
1980-05-24,0.0
1980-05-25,1.4360179183332453
1980-05-26,0.38532738313189774
1980-05-27,0.04544947503633403
1980-05-28,0.0
1980-05-29,0.0
1980-05-30,0.0
1980-05-31,0.0
1980-06-01,0.0
1980-06-02,0.0
1980-06-03,0.0
1980-06-04,0.0
1980-06-05,0.0
1980-06-06,0.013236120939001837
1980-06-07,0.0
1980-06-08,0.0
1980-06-09,0.19854181408502752
1980-06-10,23.583792158922325
1980-06-11,1.8420452389247561
1980-06-12,0.10726076108574832
1980-06-13,0.0
1980-06-14,0.0
1980-06-15,0.0
1980-06-16,0.0
1980-06-17,0.0
1980-06-18,0.0
1980-06-19,0.0
1980-06-20,0.0
1980-06-21,0.0
1980-06-22,0.0
1980-06-23,0.0
1980-06-24,0.0
1980-06-25,0.020344531781034687
1980-06-26,0.0
1980-06-27,0.0
1980-06-28,0.0
1980-06-29,0.0
1980-06-30,0.0
1980-07-01,0.0
1980-07-02,0.0
1980-07-03,0.050861329452586715
1980-07-04,0.0
1980-07-05,0.0
1980-07-06,0.0
1980-07-07,0.0
1980-07-08,0.0
1980-07-09,0.0
1980-07-10,0.0
1980-07-11,0.0
1980-07-12,0.0
1980-07-13,0.0
1980-07-14,0.0
1980-07-15,0.0
1980-07-16,0.0
1980-07-17,0.0
1980-07-18,0.0
1980-07-19,0.0
1980-07-20,0.0
1980-07-21,0.0
1980-07-22,0.054539370043600835
1980-07-23,0.0
1980-07-24,0.0
1980-07-25,0.0
1980-07-26,0.0
1980-07-27,0.0
1980-07-28,0.0
1980-07-29,0.0
1980-07-30,0.0
1980-07-31,0.0
1980-08-01,0.0
1980-08-02,0.0
1980-08-03,0.0
1980-08-04,0.0
1980-08-05,0.0
1980-08-06,0.0
1980-08-07,0.0
1980-08-08,0.0
1980-08-09,0.0
1980-08-10,0.0
1980-08-11,0.0
1980-08-12,0.0
1980-08-13,0.0
1980-08-14,0.0
1980-08-15,0.0
1980-08-16,0.0
1980-08-17,0.0
1980-08-18,0.0
1980-08-19,0.01454383201162689
1980-08-20,0.0
1980-08-21,0.0
1980-08-22,0.0
1980-08-23,0.0
1980-08-24,0.0
1980-08-25,0.0
1980-08-26,0.0
1980-08-27,0.0
1980-08-28,0.0
1980-08-29,0.0
1980-08-30,0.0
1980-08-31,0.0
1980-09-01,0.0
1980-09-02,0.0
1980-09-03,0.0
1980-09-04,0.0
1980-09-05,0.0
1980-09-06,0.0
1980-09-07,0.0
1980-09-08,0.0
1980-09-09,0.009089895007266806
1980-09-10,0.0
1980-09-11,0.010907874008720167
1980-09-12,0.0
1980-09-13,0.0
1980-09-14,0.0
1980-09-15,0.0
1980-09-16,0.009089895007266811
1980-09-17,0.0
1980-09-18,0.0
1980-09-19,0.0
1980-09-20,0.010172265890517344
1980-09-21,0.0
1980-09-22,2.736339524549165
1980-09-23,0.0
1980-09-24,0.0
1980-09-25,0.0
1980-09-26,0.0
1980-09-27,0.0
1980-09-28,0.0
1980-09-29,0.0
1980-09-30,0.0
1980-10-01,0.0
1980-10-02,0.0
1980-10-03,0.0
1980-10-04,0.0
1980-10-05,0.0
1980-10-06,0.0
1980-10-07,0.0
1980-10-08,0.0
1980-10-09,0.0
1980-10-10,0.0
1980-10-11,0.0
1980-10-12,0.0
1980-10-13,0.0
1980-10-14,0.0
1980-10-15,0.0
1980-10-16,0.0
1980-10-17,0.0
1980-10-18,0.0
1980-10-19,0.0
1980-10-20,0.0
1980-10-21,0.0
1980-10-22,0.0
1980-10-23,0.0
1980-10-24,0.0
1980-10-25,0.0
1980-10-26,0.02908766402325378
1980-10-27,0.0
1980-10-28,0.0
1980-10-29,0.0
1980-10-30,0.0
1980-10-31,0.0
1980-11-01,0.0
1980-11-02,0.0
1980-11-03,0.0
1980-11-04,0.0
1980-11-05,0.0
1980-11-06,0.0
1980-11-07,0.0
1980-11-08,0.0
1980-11-09,0.0
1980-11-10,0.0
1980-11-11,0.019997769015986974
1980-11-12,0.0
1980-11-13,0.0
1980-11-14,0.0
1980-11-15,0.06215804881446199
1980-11-16,0.3458570402775897
1980-11-17,3.804061636285136
1980-11-18,0.05453937004360086
1980-11-19,0.0
1980-11-20,0.0
1980-11-21,0.0
1980-11-22,0.0
1980-11-23,0.0
1980-11-24,0.0
1980-11-25,0.0
1980-11-26,0.0
1980-11-27,0.0
1980-11-28,0.0
1980-11-29,0.0
1980-11-30,0.0
1980-12-01,0.0
1980-12-02,0.0
1980-12-03,0.0
1980-12-04,0.0
1980-12-05,0.0
1980-12-06,0.0
1980-12-07,0.0
1980-12-08,0.0
1980-12-09,0.0
1980-12-10,0.0
1980-12-11,0.0
1980-12-12,0.0
1980-12-13,0.0
1980-12-14,0.0
1980-12-15,0.0
1980-12-16,0.0
1980-12-17,0.0
1980-12-18,0.0
1980-12-19,0.0
1980-12-20,0.0
1980-12-21,0.0
1980-12-22,0.04828798989544403
1980-12-23,0.0
1980-12-24,1.3332132167976338
1980-12-25,0.0
1980-12-26,1.0166246235515952
1980-12-27,0.0
1980-12-28,0.0
1980-12-29,0.27109989961375874
1980-12-30,3.404566132854111
1980-12-31,0.010172265890517344
1981-01-01,0.0
1981-01-02,0.0
1981-01-03,0.0
1981-01-04,0.0
1981-01-05,0.0
1981-01-06,3.219311307913385
1981-01-07,0.0401416243798718
1981-01-08,0.0
1981-01-09,0.07017315195903832
1981-01-10,0.11215753605290016
1981-01-11,3.263084218960954
1981-01-12,0.009089895007266811
1981-01-13,0.0
1981-01-14,0.0
1981-01-15,0.0
1981-01-16,0.21787030495943494
1981-01-17,0.6518629262208258
1981-01-18,0.1085043896572648
1981-01-19,13.28930892301876
1981-01-20,1.6111976813847784
1981-01-21,1.1579925301115104
1981-01-22,1.6997341377530555
1981-01-23,0.09998884507993486
1981-01-24,0.0
1981-01-25,0.0
1981-01-26,6.360146979418084
1981-01-27,7.868797010421017
1981-01-28,11.272597874492426
1981-01-29,0.6544724405232101
1981-01-30,2.259671936735468
1981-01-31,21.4843622882548
1981-02-01,0.0
1981-02-02,0.0
1981-02-03,0.0
1981-02-04,0.0
1981-02-05,1.6079896189643104
1981-02-06,19.99933693037823
1981-02-07,3.4708420035039396
1981-02-08,3.8182111458718055
1981-02-09,0.0
1981-02-10,0.0
1981-02-11,0.0
1981-02-12,0.0
1981-02-13,0.07941672563401102
1981-02-14,4.996300350662732
1981-02-15,1.278431677148738
1981-02-16,0.2101515432560605
1981-02-17,0.3676646315568981
1981-02-18,3.8737245801667735
1981-02-19,0.3615469098643935
1981-02-20,0.0
1981-02-21,0.0
1981-02-22,0.0
1981-02-23,0.0
1981-02-24,0.0
1981-02-25,0.0
1981-02-26,0.0
1981-02-27,0.0
1981-02-28,0.0
1981-03-01,0.0
1981-03-02,0.0
1981-03-03,0.0
1981-03-04,0.0
1981-03-05,0.0
1981-03-06,0.0
1981-03-07,0.0
1981-03-08,0.0
1981-03-09,0.0
1981-03-10,0.0
1981-03-11,0.026472241878003684
1981-03-12,3.9692362074851397
1981-03-13,27.980991080908375
1981-03-14,20.170250219677712
1981-03-15,5.464497985556418
1981-03-16,15.161800209263498
1981-03-17,6.162827876591213
1981-03-18,15.777538456439965
1981-03-19,3.495444273847622
1981-03-20,15.508229384005613
1981-03-21,8.448636037289598
1981-03-22,4.205507846029144
1981-03-23,9.923245493134996
1981-03-24,48.881211631769894
1981-03-25,12.279153111937251
1981-03-26,8.894717289870842
1981-03-27,3.9655990571937907
1981-03-28,20.519418289888726
1981-03-29,24.34834274653931
1981-03-30,7.168128251502141
1981-03-31,17.06171429789851
1981-04-01,10.001777642927996
1981-04-02,21.075118660302188
1981-04-03,5.283307341097038
1981-04-04,2.101132671337685
1981-04-05,0.09089895007266806
1981-04-06,9.562807880416726
1981-04-07,2.173846904441024
1981-04-08,0.0
1981-04-09,0.0
1981-04-10,0.0
1981-04-11,0.0
1981-04-12,0.0
1981-04-13,3.4848280311434405
1981-04-14,1.0229711338114453
1981-04-15,0.0
1981-04-16,0.0
1981-04-17,0.0
1981-04-18,0.0
1981-04-19,0.0
1981-04-20,0.041813517033427304
1981-04-21,0.0
1981-04-22,0.0
1981-04-23,0.0
1981-04-24,0.0
1981-04-25,0.0
1981-04-26,0.0
1981-04-27,0.0
1981-04-28,0.0
1981-04-29,0.0
1981-04-30,0.021815748017440333
1981-05-01,24.889886298557443
1981-05-02,0.021815748017440333
1981-05-03,0.005453937004360083
1981-05-04,0.0
1981-05-05,0.0
1981-05-06,0.2599709972078307
1981-05-07,0.0
1981-05-08,0.0
1981-05-09,0.0
1981-05-10,0.038177559030520586
1981-05-11,0.07941672563401102
1981-05-12,0.03635958002906722
1981-05-13,0.07635511806104117
1981-05-14,0.5162087166210716
1981-05-15,1.027158135821149
1981-05-16,0.0
1981-05-17,0.14588450554398863
1981-05-18,2.6138463345633105
1981-05-19,0.09089895007266806
1981-05-20,0.0
1981-05-21,0.12907650910318863
1981-05-22,0.0
1981-05-23,0.0
1981-05-24,0.0
1981-05-25,0.0
1981-05-26,0.0
1981-05-27,0.0
1981-05-28,0.0
1981-05-29,1.585195197445533
1981-05-30,12.793604437949403
1981-05-31,0.0
1981-06-01,0.025451706020347055
1981-06-02,0.0
1981-06-03,0.0
1981-06-04,0.0
1981-06-05,0.0
1981-06-06,0.0
1981-06-07,0.0
1981-06-08,0.0
1981-06-09,0.058868853576602986
1981-06-10,0.0
1981-06-11,0.0
1981-06-12,0.0
1981-06-13,0.01817979001453361
1981-06-14,0.0
1981-06-15,0.0
1981-06-16,0.0
1981-06-17,0.0
1981-06-18,0.0
1981-06-19,0.0
1981-06-20,0.0
1981-06-21,0.0
1981-06-22,0.0
1981-06-23,0.0
1981-06-24,0.0
1981-06-25,0.0
1981-06-26,0.0
1981-06-27,0.0
1981-06-28,0.0
1981-06-29,0.0
1981-06-30,0.0
1981-07-01,0.0
1981-07-02,0.0
1981-07-03,0.0
1981-07-04,0.0
1981-07-05,0.0
1981-07-06,0.0
1981-07-07,0.0
1981-07-08,0.0
1981-07-09,0.0
1981-07-10,0.0
1981-07-11,0.0
1981-07-12,0.0
1981-07-13,0.0
1981-07-14,0.0
1981-07-15,0.005453937004360083
1981-07-16,0.0
1981-07-17,0.0
1981-07-18,0.0
1981-07-19,0.0
1981-07-20,0.0
1981-07-21,0.0
1981-07-22,0.0
1981-07-23,0.0
1981-07-24,0.0
1981-07-25,0.0
1981-07-26,0.0
1981-07-27,0.0
1981-07-28,0.0
1981-07-29,0.0
1981-07-30,0.0
1981-07-31,0.0
1981-08-01,0.0
1981-08-02,0.0
1981-08-03,0.0
1981-08-04,0.0
1981-08-05,0.0
1981-08-06,0.030516797671552028
1981-08-07,0.0
1981-08-08,0.0
1981-08-09,0.0
1981-08-10,0.0
1981-08-11,0.0
1981-08-12,0.0
1981-08-13,0.0
1981-08-14,0.0
1981-08-15,0.005453937004360083
1981-08-16,0.0
1981-08-17,0.0
1981-08-18,0.0
1981-08-19,0.0
1981-08-20,5.851342244176138
1981-08-21,7.67709998316619
1981-08-22,0.0
1981-08-23,0.0
1981-08-24,0.0
1981-08-25,0.0
1981-08-26,0.0
1981-08-27,0.0
1981-08-28,0.10254018472407644
1981-08-29,0.0
1981-08-30,0.0
1981-08-31,0.0
1981-09-01,0.0
1981-09-02,0.0
1981-09-03,0.0
1981-09-04,0.0
1981-09-05,0.0
1981-09-06,0.0
1981-09-07,0.0
1981-09-08,0.0
1981-09-09,0.0
1981-09-10,0.0
1981-09-11,0.0
1981-09-12,0.0
1981-09-13,0.0
1981-09-14,0.0
1981-09-15,0.0
1981-09-16,0.0
1981-09-17,0.0
1981-09-18,0.0
1981-09-19,0.0
1981-09-20,0.0
1981-09-21,0.0
1981-09-22,0.0
1981-09-23,0.0
1981-09-24,0.0
1981-09-25,0.0
1981-09-26,0.0
1981-09-27,0.0
1981-09-28,0.0
1981-09-29,0.0
1981-09-30,0.0
1981-10-01,0.0
1981-10-02,0.0
1981-10-03,0.0
1981-10-04,0.0
1981-10-05,0.0
1981-10-06,0.0
1981-10-07,0.0
1981-10-08,0.0
1981-10-09,0.0
1981-10-10,0.0
1981-10-11,0.0
1981-10-12,0.0
1981-10-13,0.0
1981-10-14,0.0
1981-10-15,0.0
1981-10-16,0.0
1981-10-17,0.0
1981-10-18,0.0
1981-10-19,0.0
1981-10-20,0.0
1981-10-21,0.0
1981-10-22,0.0
1981-10-23,0.0
1981-10-24,0.0
1981-10-25,0.0
1981-10-26,0.0
1981-10-27,0.0
1981-10-28,0.0
1981-10-29,0.0
1981-10-30,0.0
1981-10-31,0.0
1981-11-01,0.0
1981-11-02,0.0
1981-11-03,0.0
1981-11-04,0.0
1981-11-05,0.0
1981-11-06,0.0
1981-11-07,0.0
1981-11-08,0.0
1981-11-09,0.08137812712413875
1981-11-10,0.01817979001453361
1981-11-11,0.07635511806104117
1981-11-12,0.0
1981-11-13,0.0
1981-11-14,0.0
1981-11-15,0.0
1981-11-16,0.0
1981-11-17,0.0
1981-11-18,0.0
1981-11-19,0.0
1981-11-20,0.0
1981-11-21,0.0
1981-11-22,0.0
1981-11-23,0.0
1981-11-24,0.0
1981-11-25,0.0
1981-11-26,0.0
1981-11-27,0.0
1981-11-28,0.0
1981-11-29,0.0
1981-11-30,0.0
1981-12-01,0.0
1981-12-02,0.0
1981-12-03,0.0
1981-12-04,0.0
1981-12-05,0.0
1981-12-06,0.0
1981-12-07,0.0
1981-12-08,0.0
1981-12-09,0.0
1981-12-10,0.0
1981-12-11,0.0
1981-12-12,0.0
1981-12-13,0.0
1981-12-14,0.0
1981-12-15,0.0
1981-12-16,0.0
1981-12-17,0.0
1981-12-18,0.0
1981-12-19,0.712647768569718
1981-12-20,2.1109052581894128
1981-12-21,10.513945252010178
1981-12-22,13.057794100428756
1981-12-23,1.9243301857520214
1981-12-24,2.3406243810936194
1981-12-25,0.15860174411299338
1981-12-26,0.018179790014533622
1981-12-27,0.0
1981-12-28,0.0
1981-12-29,0.0
1981-12-30,0.0
1981-12-31,0.0
1982-01-01,0.0
1982-01-02,0.0
1982-01-03,0.0
1982-01-04,0.0
1982-01-05,0.0
1982-01-06,16.530171884686528
1982-01-07,0.8735839819741211
1982-01-08,0.5952048879660224
1982-01-09,0.5308498684243814
1982-01-10,0.0
1982-01-11,0.04363149603488067
1982-01-12,0.06181128604941431
1982-01-13,0.0
1982-01-14,0.0
1982-01-15,0.474424824324078
1982-01-16,0.0
1982-01-17,0.0
1982-01-18,0.0
1982-01-19,0.0
1982-01-20,1.9315867847480321
1982-01-21,0.5683003940608224
1982-01-22,4.207413138725
1982-01-23,8.471569008661355
1982-01-24,0.0
1982-01-25,3.6611089818237166
1982-01-26,5.395849978913273
1982-01-27,10.239038929642657
1982-01-28,2.578046057118475
1982-01-29,0.6351747948593369
1982-01-30,0.6610301254840738
1982-01-31,0.0
1982-02-01,1.3655889134297385
1982-02-02,4.805233473680629
1982-02-03,7.700237309214777
1982-02-04,2.301710973406826
1982-02-05,0.0
1982-02-06,0.0
1982-02-07,0.0
1982-02-08,1.154026497248851
1982-02-09,1.6274112124746223
1982-02-10,2.506263825214252
1982-02-11,0.5281371171785292
1982-02-12,0.0
1982-02-13,1.8186326305521745
1982-02-14,0.034628914722016464
1982-02-15,4.105274910609872
1982-02-16,13.93075845353381
1982-02-17,0.0
1982-02-18,5.000664080902617
1982-02-19,5.117184075956468
1982-02-20,0.7763988883034006
1982-02-21,0.0
1982-02-22,0.05294448375600737
1982-02-23,1.0621538617338864
1982-02-24,1.0122720177091749
1982-02-25,1.8994374614427778
1982-02-26,3.0333312880893253
1982-02-27,29.58577638709393
1982-02-28,9.280511524636513
1982-03-01,2.5307715475604247
1982-03-02,1.8167333527532727
1982-03-03,6.125830256904374
1982-03-04,3.462831431583062
1982-03-05,1.0339814743192024
1982-03-06,1.3373390012532496
1982-03-07,0.7368477344540317
1982-03-08,9.597168130154358
1982-03-09,21.4322474430436
1982-03-10,6.9486178640205445
1982-03-11,5.498015908860836
1982-03-12,1.0289677398519883
1982-03-13,0.0
1982-03-14,2.3939398696378302
1982-03-15,1.607425616459253
1982-03-16,3.4134600363479413
1982-03-17,0.0
1982-03-18,0.0
1982-03-19,0.0
1982-03-20,0.7495272248882672
1982-03-21,1.8134427612717756
1982-03-22,0.0
1982-03-23,3.4811715625080044
1982-03-24,0.0
1982-03-25,0.9562257118173075
1982-03-26,2.900765808625201
1982-03-27,6.173097436524694
1982-03-28,6.8497772215235955
1982-03-29,0.6021309049321592
1982-03-30,6.891066145942256
1982-03-31,0.01817979001453361
1982-04-01,2.53415718277194
1982-04-02,1.195440508620228
1982-04-03,0.03999553803197397
1982-04-04,0.2673224566567396
1982-04-05,1.2797823036589075
1982-04-06,0.5192277633707115
1982-04-07,0.9734465417327953
1982-04-08,0.0
1982-04-09,0.05272139104214747
1982-04-10,0.9282515843844596
1982-04-11,0.0
1982-04-12,0.0
1982-04-13,2.687338846656119
1982-04-14,8.934549240723323
1982-04-15,12.85482274089657
1982-04-16,3.59454576245965
1982-04-17,0.01817979001453361
1982-04-18,1.7859851061444239
1982-04-19,2.6374374822768294
1982-04-20,7.661325996974706
1982-04-21,0.6450025226884236
1982-04-22,0.32767791073829544
1982-04-23,7.885646438818198
1982-04-24,3.9458734492932357
1982-04-25,2.8975908650470945
1982-04-26,0.040689063562069375
1982-04-27,0.05294448375600735
1982-04-28,1.9390430204322506
1982-04-29,0.12929960181704853
1982-04-30,1.6217369743409789
1982-05-01,0.17314457361008231
1982-05-02,0.24246048533487674
1982-05-03,0.5562252135590143
1982-05-04,0.0
1982-05-05,0.20344531781034686
1982-05-06,0.03999553803197395
1982-05-07,0.2398450631896265
1982-05-08,4.562891291585316
1982-05-09,0.6262027599561711
1982-05-10,3.290741402719745
1982-05-11,0.0
1982-05-12,1.706941936940327
1982-05-13,16.327120494572625
1982-05-14,0.018179790014533622
1982-05-15,0.0
1982-05-16,0.0
1982-05-17,0.0
1982-05-18,0.2512503849033856
1982-05-19,0.0
1982-05-20,0.01817979001453361
1982-05-21,0.0
1982-05-22,0.5490605036494492
1982-05-23,0.025451706020347055
1982-05-24,0.032723622026160505
1982-05-25,0.0
1982-05-26,0.0
1982-05-27,0.0
1982-05-28,0.0
1982-05-29,0.18543385814824292
1982-05-30,0.01817979001453361
1982-05-31,0.0
1982-06-01,9.678721270255686
1982-06-02,0.04959570096806906
1982-06-03,0.04363149603488067
1982-06-04,0.8050082791361326
1982-06-05,0.17314457361008231
1982-06-06,0.29321402179890327
1982-06-07,0.0
1982-06-08,0.0
1982-06-09,0.0
1982-06-10,0.0
1982-06-11,0.0
1982-06-12,0.0
1982-06-13,0.0
1982-06-14,0.0
1982-06-15,0.0
1982-06-16,0.18179790014533623
1982-06-17,0.0
1982-06-18,0.03635958002906722
1982-06-19,0.0
1982-06-20,0.0
1982-06-21,0.0
1982-06-22,0.0
1982-06-23,0.021815748017440333
1982-06-24,0.0
1982-06-25,0.03635958002906722
1982-06-26,0.036359580029067244
1982-06-27,0.040689063562069375
1982-06-28,0.0
1982-06-29,0.0
1982-06-30,0.0
1982-07-01,0.0
1982-07-02,0.06908320205522776
1982-07-03,0.0
1982-07-04,0.0
1982-07-05,0.0
1982-07-06,0.0
1982-07-07,0.0
1982-07-08,0.0
1982-07-09,0.0
1982-07-10,0.0
1982-07-11,0.0
1982-07-12,0.0
1982-07-13,0.0
1982-07-14,0.0
1982-07-15,0.7017315195903833
1982-07-16,0.03999553803197397
1982-07-17,0.021815748017440333
1982-07-18,0.0
1982-07-19,0.0
1982-07-20,0.0
1982-07-21,0.0
1982-07-22,0.0
1982-07-23,0.0
1982-07-24,0.5886618283429488
1982-07-25,0.0
1982-07-26,0.0
1982-07-27,0.0
1982-07-28,0.0
1982-07-29,0.0
1982-07-30,0.0
1982-07-31,0.0
1982-08-01,0.0
1982-08-02,0.0
1982-08-03,0.0
1982-08-04,0.0
1982-08-05,0.0
1982-08-06,0.0
1982-08-07,0.0
1982-08-08,0.0
1982-08-09,0.0
1982-08-10,0.7272072091623457
1982-08-11,0.0
1982-08-12,0.0
1982-08-13,0.0
1982-08-14,0.0
1982-08-15,0.0
1982-08-16,0.0
1982-08-17,0.0
1982-08-18,0.0
1982-08-19,0.0
1982-08-20,0.0
1982-08-21,0.0
1982-08-22,0.0
1982-08-23,0.0
1982-08-24,0.0
1982-08-25,0.0
1982-08-26,0.0
1982-08-27,0.0
1982-08-28,0.0
1982-08-29,0.0
1982-08-30,0.0
1982-08-31,0.0
1982-09-01,0.0
1982-09-02,0.0
1982-09-03,0.0
1982-09-04,0.0
1982-09-05,0.0
1982-09-06,0.0
1982-09-07,0.0
1982-09-08,0.0
1982-09-09,0.0
1982-09-10,0.0
1982-09-11,0.0
1982-09-12,0.0
1982-09-13,0.0
1982-09-14,0.0
1982-09-15,0.0
1982-09-16,0.0
1982-09-17,0.0
1982-09-18,0.0
1982-09-19,0.0
1982-09-20,0.0
1982-09-21,0.0
1982-09-22,0.0
1982-09-23,0.0
1982-09-24,0.0
1982-09-25,0.0
1982-09-26,0.0
1982-09-27,0.0
1982-09-28,0.0
1982-09-29,0.0
1982-09-30,0.0
1982-10-01,0.0
1982-10-02,0.0
1982-10-03,0.0
1982-10-04,0.0
1982-10-05,0.0
1982-10-06,0.0
1982-10-07,0.0
1982-10-08,0.0
1982-10-09,0.0
1982-10-10,0.0
1982-10-11,0.0
1982-10-12,0.0
1982-10-13,0.0
1982-10-14,0.4028771072776963
1982-10-15,0.0
1982-10-16,0.0
1982-10-17,0.0
1982-10-18,0.0
1982-10-19,0.0
1982-10-20,0.0
1982-10-21,0.0
1982-10-22,0.0
1982-10-23,0.0
1982-10-24,0.0
1982-10-25,0.0
1982-10-26,0.009089895007266811
1982-10-27,0.0
1982-10-28,2.7262761541105744
1982-10-29,0.281786745225271
1982-10-30,0.0
1982-10-31,0.0
1982-11-01,0.0
1982-11-02,0.0
1982-11-03,0.0
1982-11-04,0.0
1982-11-05,0.0
1982-11-06,0.0
1982-11-07,0.0
1982-11-08,0.0
1982-11-09,0.08137812712413875
1982-11-10,0.023633727018893696
1982-11-11,0.0
1982-11-12,0.0
1982-11-13,0.0
1982-11-14,0.0
1982-11-15,0.0
1982-11-16,0.0
1982-11-17,0.0
1982-11-18,0.0
1982-11-19,0.0
1982-11-20,0.0
1982-11-21,0.0
1982-11-22,0.0
1982-11-23,0.0
1982-11-24,0.0
1982-11-25,0.0
1982-11-26,0.050861329452586715
1982-11-27,3.113584963168262
1982-11-28,0.050861329452586715
1982-11-29,0.0
1982-11-30,0.025451706020347055
1982-12-01,0.0
1982-12-02,0.0
1982-12-03,0.0
1982-12-04,0.0
1982-12-05,0.0
1982-12-06,0.0
1982-12-07,0.0
1982-12-08,0.0
1982-12-09,0.0
1982-12-10,0.0
1982-12-11,0.0036359580029067225
1982-12-12,0.0
1982-12-13,0.0
1982-12-14,0.0
1982-12-15,0.0
1982-12-16,0.0
1982-12-17,0.0
1982-12-18,0.0
1982-12-19,0.0
1982-12-20,0.0
1982-12-21,0.0
1982-12-22,0.0
1982-12-23,0.0
1982-12-24,0.0
1982-12-25,0.0
1982-12-26,2.922695519123055
1982-12-27,0.09319130968525863
1982-12-28,0.0
1982-12-29,0.0
1982-12-30,0.0
1982-12-31,0.0
1983-01-01,0.061033595343104055
1983-01-02,0.030516797671552028
1983-01-03,0.0
1983-01-04,0.0
1983-01-05,0.0
1983-01-06,0.0
1983-01-07,0.0
1983-01-08,0.0
1983-01-09,0.0
1983-01-10,0.0
1983-01-11,0.0
1983-01-12,0.0
1983-01-13,0.0
1983-01-14,0.0
1983-01-15,0.0
1983-01-16,0.0
1983-01-17,0.0
1983-01-18,1.5607889142558569
1983-01-19,0.0
1983-01-20,0.45465383724953123
1983-01-21,0.0
1983-01-22,0.01694374372585992
1983-01-23,0.0
1983-01-24,0.0
1983-01-25,0.0
1983-01-26,0.07577563954158853
1983-01-27,0.0
1983-01-28,0.22724737518167015
1983-01-29,0.3788781977079427
1983-01-30,0.0
1983-01-31,0.0
1983-02-01,0.6438622615826769
1983-02-02,0.0
1983-02-03,0.6618060469500918
1983-02-04,26.040229613615544
1983-02-05,8.9748079702701
1983-02-06,9.128345101270266
1983-02-07,13.804112897428215
1983-02-08,20.84265044577986
1983-02-09,24.495353933368577
1983-02-10,0.2083830087393685
1983-02-11,0.0
1983-02-12,0.46326423286506424
1983-02-13,17.787226139220643
1983-02-14,1.5344739822712175
1983-02-15,0.13634842510900208
1983-02-16,0.31166023249814817
1983-02-17,5.5661674212812935
1983-02-18,4.750718030812335
1983-02-19,0.0
1983-02-20,0.6164132306708867
1983-02-21,0.0
1983-02-22,0.0
1983-02-23,0.0
1983-02-24,0.0
1983-02-25,0.0
1983-02-26,0.0
1983-02-27,0.0
1983-02-28,0.0
1983-03-01,0.0
1983-03-02,0.0
1983-03-03,0.0
1983-03-04,0.0
1983-03-05,0.0
1983-03-06,5.910101666849066
1983-03-07,0.2651351949524644
1983-03-08,0.09453490807557478
1983-03-09,0.24240240305411523
1983-03-10,0.07577563954158853
1983-03-11,0.0
1983-03-12,0.23235005446995322
1983-03-13,0.0
1983-03-14,0.0
1983-03-15,0.0
1983-03-16,0.0
1983-03-17,0.0
1983-03-18,0.0
1983-03-19,0.6362926505086764
1983-03-20,0.0
1983-03-21,0.0
1983-03-22,4.386318436735944
1983-03-23,2.9780866660934158
1983-03-24,18.267651438060916
1983-03-25,8.758526324444425
1983-03-26,5.868459502037455
1983-03-27,6.025764506542113
1983-03-28,13.089764086926861
1983-03-29,0.14486396968633203
1983-03-30,0.0
1983-03-31,0.03970836281700551
1983-04-01,0.0
1983-04-02,0.0
1983-04-03,0.2514862978410349
1983-04-04,2.2401762815186737
1983-04-05,0.34074789652140197
1983-04-06,3.1583811262909345
1983-04-07,10.138151134644485
1983-04-08,1.3329329468545998
1983-04-09,0.23263722968492165
1983-04-10,0.0
1983-04-11,0.06618060469500918
1983-04-12,0.0
1983-04-13,0.050861329452586715
1983-04-14,0.0
1983-04-15,0.0
1983-04-16,1.6609341027203177
1983-04-17,0.4962750301061932
1983-04-18,0.2254293961802168
1983-04-19,0.0
1983-04-20,0.0
1983-04-21,0.0
1983-04-22,0.0
1983-04-23,0.0
1983-04-24,0.22508794569310703
1983-04-25,0.025451706020347055
1983-04-26,0.0
1983-04-27,0.0036359580029067225
1983-04-28,0.0
1983-04-29,0.0
1983-04-30,0.0
1983-05-01,0.0
1983-05-02,0.1694374372585992
1983-05-03,0.020344531781034687
1983-05-04,0.0
1983-05-05,0.0
1983-05-06,0.3309030234750459
1983-05-07,0.14760306188276995
1983-05-08,0.043858219974398954
1983-05-09,0.0
1983-05-10,0.007271916005813445
1983-05-11,1.2763810094722838
1983-05-12,2.3750053307502212
1983-05-13,0.0
1983-05-14,0.0
1983-05-15,0.0
1983-05-16,0.0
1983-05-17,0.0
1983-05-18,0.0
1983-05-19,0.0
1983-05-20,0.0
1983-05-21,1.491049447875673
1983-05-22,0.0
1983-05-23,0.0
1983-05-24,0.0
1983-05-25,0.0
1983-05-26,0.0
1983-05-27,0.054539370043600835
1983-05-28,0.0
1983-05-29,0.11912508845101652
1983-05-30,0.054539370043600835
1983-05-31,0.0
1983-06-01,0.0
1983-06-02,0.0
1983-06-03,0.0
1983-06-04,0.0
1983-06-05,0.0
1983-06-06,0.0
1983-06-07,0.0
1983-06-08,0.0
1983-06-09,0.0
1983-06-10,0.0
1983-06-11,0.0
1983-06-12,0.0
1983-06-13,0.03970836281700551
1983-06-14,0.09089895007266806
1983-06-15,0.0
1983-06-16,0.0
1983-06-17,0.0
1983-06-18,0.0
1983-06-19,0.0
1983-06-20,0.0
1983-06-21,0.0
1983-06-22,0.0
1983-06-23,0.0
1983-06-24,0.0
1983-06-25,0.0
1983-06-26,0.0
1983-06-27,0.0
1983-06-28,0.01817979001453361
1983-06-29,0.0
1983-06-30,0.0
1983-07-01,0.0
1983-07-02,0.0
1983-07-03,0.0
1983-07-04,0.0
1983-07-05,0.0
1983-07-06,0.0
1983-07-07,0.0
1983-07-08,0.0
1983-07-09,0.0
1983-07-10,0.7717923363035921
1983-07-11,0.0
1983-07-12,0.0
1983-07-13,0.0
1983-07-14,0.0
1983-07-15,0.0
1983-07-16,0.0
1983-07-17,0.0
1983-07-18,0.0
1983-07-19,0.0
1983-07-20,0.0
1983-07-21,0.0
1983-07-22,0.0
1983-07-23,0.0
1983-07-24,0.0
1983-07-25,0.0
1983-07-26,0.0
1983-07-27,0.0
1983-07-28,0.0
1983-07-29,0.0
1983-07-30,0.0
1983-07-31,0.0
1983-08-01,0.0
1983-08-02,0.01817979001453361
1983-08-03,0.5397782526112817
1983-08-04,0.0
1983-08-05,0.0
1983-08-06,0.0
1983-08-07,0.0
1983-08-08,0.0
1983-08-09,0.0
1983-08-10,0.0
1983-08-11,0.0
1983-08-12,0.0
1983-08-13,0.0
1983-08-14,0.0
1983-08-15,0.0
1983-08-16,0.0
1983-08-17,0.0
1983-08-18,0.0
1983-08-19,0.0
1983-08-20,0.0
1983-08-21,0.0
1983-08-22,0.0
1983-08-23,0.0
1983-08-24,0.0
1983-08-25,0.0
1983-08-26,0.0
1983-08-27,0.0
1983-08-28,0.34628914722016463
1983-08-29,0.0
1983-08-30,0.0
1983-08-31,0.0
1983-09-01,0.0
1983-09-02,0.0
1983-09-03,0.0
1983-09-04,0.0
1983-09-05,0.0
1983-09-06,0.01817979001453361
1983-09-07,0.0
1983-09-08,0.0
1983-09-09,0.0
1983-09-10,0.0
1983-09-11,0.0
1983-09-12,0.0
1983-09-13,0.0
1983-09-14,0.0
1983-09-15,0.0
1983-09-16,0.0
1983-09-17,0.0
1983-09-18,0.0
1983-09-19,0.0
1983-09-20,0.0
1983-09-21,0.0
1983-09-22,0.0
1983-09-23,0.0
1983-09-24,0.0
1983-09-25,0.0
1983-09-26,0.0
1983-09-27,0.0
1983-09-28,0.0
1983-09-29,0.03635958002906722
1983-09-30,0.0
1983-10-01,0.0
1983-10-02,0.0
1983-10-03,0.0
1983-10-04,0.03635958002906722
1983-10-05,0.0
1983-10-06,0.0
1983-10-07,0.0
1983-10-08,0.0
1983-10-09,0.0
1983-10-10,0.0
1983-10-11,0.0
1983-10-12,0.0
1983-10-13,0.0
1983-10-14,0.0
1983-10-15,0.0
1983-10-16,0.0
1983-10-17,0.0
1983-10-18,0.0
1983-10-19,0.0
1983-10-20,0.0
1983-10-21,0.0
1983-10-22,0.0
1983-10-23,0.0
1983-10-24,0.0
1983-10-25,0.0
1983-10-26,0.0
1983-10-27,0.0
1983-10-28,0.0
1983-10-29,0.0
1983-10-30,0.0
1983-10-31,0.0
1983-11-01,0.0
1983-11-02,0.0
1983-11-03,0.0
1983-11-04,0.0
1983-11-05,0.0
1983-11-06,0.0
1983-11-07,0.0
1983-11-08,0.0
1983-11-09,0.0
1983-11-10,0.0
1983-11-11,0.0
1983-11-12,0.0
1983-11-13,0.0
1983-11-14,0.0
1983-11-15,0.0
1983-11-16,0.0
1983-11-17,0.0
1983-11-18,0.0
1983-11-19,0.0
1983-11-20,0.0
1983-11-21,0.0
1983-11-22,0.0
1983-11-23,0.0
1983-11-24,0.0
1983-11-25,0.0
1983-11-26,0.0
1983-11-27,0.0
1983-11-28,0.0
1983-11-29,0.0
1983-11-30,0.0
1983-12-01,0.0
1983-12-02,0.0
1983-12-03,0.0
1983-12-04,0.0
1983-12-05,0.0
1983-12-06,0.0
1983-12-07,0.0
1983-12-08,0.0
1983-12-09,0.0
1983-12-10,0.0
1983-12-11,0.0
1983-12-12,0.01817979001453361
1983-12-13,0.0
1983-12-14,0.0
1983-12-15,0.0
1983-12-16,0.0
1983-12-17,0.0
1983-12-18,0.0
1983-12-19,0.0
1983-12-20,0.0
1983-12-21,0.013236120939001837
1983-12-22,1.7790930912152916
1983-12-23,0.23179737371539783
1983-12-24,0.0
1983-12-25,0.0
1983-12-26,0.0
1983-12-27,0.054539370043600835
1983-12-28,0.23906928972121125
1983-12-29,0.19511239790119578
1983-12-30,0.0
1983-12-31,0.0
1984-01-01,0.0
1984-01-02,0.0
1984-01-03,0.579488074734412
1984-01-04,0.020344531781034687
1984-01-05,0.3454160102761386
1984-01-06,0.0
1984-01-07,0.0
1984-01-08,1.0827897429596685
1984-01-09,18.766676343830664
1984-01-10,6.814336629861943
1984-01-11,0.7545831402859603
1984-01-12,0.010907874008720167
1984-01-13,0.0
1984-01-14,0.0
1984-01-15,4.511219262980016
1984-01-16,2.3695528606191534
1984-01-17,0.13555098196520535
1984-01-18,0.09453490807557478
1984-01-19,0.18530569314602569
1984-01-20,0.10834313196899885
1984-01-21,4.610693862819466
1984-01-22,0.20332492471031902
1984-01-23,0.0
1984-01-24,0.0
1984-01-25,0.0
1984-01-26,0.39708362817005505
1984-01-27,0.2908766402325378
1984-01-28,0.0
1984-01-29,0.0
1984-01-30,1.8660279195599576
1984-01-31,0.09089895007266806
1984-02-01,0.0
1984-02-02,0.8810746737447158
1984-02-03,0.1694374372585992
1984-02-04,2.876710029717172
1984-02-05,11.740382165544922
1984-02-06,7.048117223775903
1984-02-07,7.311126126895217
1984-02-08,2.7815684845847737
1984-02-09,0.0
1984-02-10,0.0
1984-02-11,0.35086575979519163
1984-02-12,15.011822816279604
1984-02-13,3.1340493689655315
1984-02-14,5.511341057164268
1984-02-15,0.8059443251507136
1984-02-16,1.4801914996157526
1984-02-17,0.0
1984-02-18,0.0
1984-02-19,0.026472241878003674
1984-02-20,0.013236120939001837
1984-02-21,0.0
1984-02-22,0.0
1984-02-23,1.29713985202218
1984-02-24,0.1577753277732873
1984-02-25,0.5471554012268538
1984-02-26,0.03635958002906722
1984-02-27,0.0
1984-02-28,3.6971372024117484
1984-02-29,11.90214304479489
1984-03-01,8.45825777379142
1984-03-02,4.488893328887115
1984-03-03,6.947760199235702
1984-03-04,0.9519801717504756
1984-03-05,1.641395151574949
1984-03-06,7.266330719442219
1984-03-07,11.663899947095318
1984-03-08,7.227480489760376
1984-03-09,8.194650798399291
1984-03-10,0.8437629573081792
1984-03-11,7.6267258591658855
1984-03-12,14.8519913574571
1984-03-13,11.829986378967483
1984-03-14,9.851565158405021
1984-03-15,18.584220696222815
1984-03-16,3.9568368936985943
1984-03-17,25.32399367108734
1984-03-18,13.298147720407894
1984-03-19,1.2280301592831706
1984-03-20,1.785415293005733
1984-03-21,1.8286283204190525
1984-03-22,21.27720683852432
1984-03-23,0.8544501306830797
1984-03-24,2.5369556849014887
1984-03-25,0.5162087166210716
1984-03-26,7.632486300754141
1984-03-27,14.007783855508091
1984-03-28,0.6410415940184835
1984-03-29,2.1021433041612045
1984-03-30,2.08800845908704
1984-03-31,7.578735386964102
1984-04-01,16.611167225987984
1984-04-02,14.519453292169803
1984-04-03,6.140156241950451
1984-04-04,9.28066616264196
1984-04-05,22.325616156937404
1984-04-06,15.783074353902009
1984-04-07,13.677141575390227
1984-04-08,5.24657115630228
1984-04-09,3.5217322682236483
1984-04-10,8.55167847765334
1984-04-11,11.811996451739095
1984-04-12,7.045675783815037
1984-04-13,2.660843847720426
1984-04-14,19.6928903333151
1984-04-15,14.756832145642564
1984-04-16,16.32810922697272
1984-04-17,15.475869021773516
1984-04-18,5.945626775161664
1984-04-19,11.453433875775412
1984-04-20,31.38909549658998
1984-04-21,10.695773167456181
1984-04-22,7.633161129796461
1984-04-23,3.707447617831197
1984-04-24,4.004412943029966
1984-04-25,2.800192440882404
1984-04-26,5.886233643922153
1984-04-27,1.0987644259570692
1984-04-28,4.763079228786695
1984-04-29,2.5475512128088886
1984-04-30,0.0
1984-05-01,6.643271319015497
1984-05-02,5.5540181751815645
1984-05-03,2.7117949446064245
1984-05-04,0.6674412301925173
1984-05-05,4.120840851919953
1984-05-06,3.5064434521731527
1984-05-07,2.2873017431207354
1984-05-08,5.259938390524263
1984-05-09,1.0803608396568443
1984-05-10,0.050293642381912196
1984-05-11,7.363913746733967
1984-05-12,0.0
1984-05-13,5.603727874781944
1984-05-14,10.563620121179234
1984-05-15,0.19672169612793317
1984-05-16,0.03135758887888572
1984-05-17,1.304464720850017
1984-05-18,0.3232243776746682
1984-05-19,3.166154102261805
1984-05-20,1.1323927046017677
1984-05-21,1.3740127340077797
1984-05-22,2.826681454414407
1984-05-23,5.28651641944556
1984-05-24,1.054010073084339
1984-05-25,2.310350533882795
1984-05-26,0.0
1984-05-27,0.0841590142483882
1984-05-28,0.024121222214527477
1984-05-29,0.0
1984-05-30,0.0
1984-05-31,0.0
1984-06-01,0.4328614340252051
1984-06-02,3.3607994211210204
1984-06-03,4.59872688764442
1984-06-04,0.9354022469588814
1984-06-05,1.5910608525096963
1984-06-06,0.2170909999307473
1984-06-07,0.0
1984-06-08,0.06271517775777144
1984-06-09,0.0
1984-06-10,0.0
1984-06-11,1.0099081709806583
1984-06-12,0.7233837782830319
1984-06-13,0.15142631423846786
1984-06-14,0.0
1984-06-15,0.0
1984-06-16,0.0
1984-06-17,0.0
1984-06-18,0.0841590142483882
1984-06-19,0.06512729997922419
1984-06-20,0.0
1984-06-21,0.0
1984-06-22,0.0
1984-06-23,0.0
1984-06-24,0.0
1984-06-25,0.0
1984-06-26,0.0
1984-06-27,0.0
1984-06-28,0.11578186662973189
1984-06-29,0.07571315711923393
1984-06-30,0.0
1984-07-01,0.0
1984-07-02,0.0
1984-07-03,8.186927593482462
1984-07-04,0.0
1984-07-05,0.0
1984-07-06,0.5891130997387174
1984-07-07,0.45589109985456927
1984-07-08,0.0420795071241941
1984-07-09,0.0
1984-07-10,0.0
1984-07-11,0.0
1984-07-12,0.0
1984-07-13,0.17314457361008204
1984-07-14,0.09407276663665716
1984-07-15,0.0
1984-07-16,0.0
1984-07-17,0.7995106353596878
1984-07-18,0.5652447656769823
1984-07-19,0.03135758887888572
1984-07-20,0.0
1984-07-21,0.0
1984-07-22,0.0
1984-07-23,0.0
1984-07-24,0.0
1984-07-25,0.0
1984-07-26,0.0
1984-07-27,0.0
1984-07-28,0.0
1984-07-29,0.0
1984-07-30,0.0
1984-07-31,0.0
1984-08-01,0.0
1984-08-02,0.0
1984-08-03,0.0
1984-08-04,0.0
1984-08-05,0.0
1984-08-06,0.0
1984-08-07,0.0
1984-08-08,0.0
1984-08-09,0.0
1984-08-10,0.0
1984-08-11,0.0
1984-08-12,0.0
1984-08-13,0.0
1984-08-14,0.0
1984-08-15,0.0
1984-08-16,0.0
1984-08-17,0.0
1984-08-18,0.0
1984-08-19,0.15142631423846786
1984-08-20,0.0
1984-08-21,0.0
1984-08-22,0.0
1984-08-23,0.0
1984-08-24,0.0
1984-08-25,0.0
1984-08-26,0.0
1984-08-27,0.036181833321791215
1984-08-28,0.0
1984-08-29,0.0
1984-08-30,0.0
1984-08-31,0.3462891472201641
1984-09-01,0.0
1984-09-02,0.0
1984-09-03,1.8630463165016764
1984-09-04,0.0
1984-09-05,0.0
1984-09-06,0.0
1984-09-07,0.0
1984-09-08,0.0
1984-09-09,0.0
1984-09-10,0.0
1984-09-11,0.0
1984-09-12,0.0
1984-09-13,0.0
1984-09-14,0.0
1984-09-15,0.0
1984-09-16,0.0
1984-09-17,0.0
1984-09-18,0.0
1984-09-19,0.0
1984-09-20,0.0
1984-09-21,0.0
1984-09-22,0.0
1984-09-23,0.0
1984-09-24,0.0
1984-09-25,0.0
1984-09-26,0.0
1984-09-27,0.0
1984-09-28,0.0
1984-09-29,0.0
1984-09-30,0.0
1984-10-01,0.0
1984-10-02,0.0
1984-10-03,0.0
1984-10-04,0.0
1984-10-05,0.0
1984-10-06,0.0
1984-10-07,0.0
1984-10-08,0.0
1984-10-09,0.0
1984-10-10,0.19854181408502752
1984-10-11,28.669643867208112
1984-10-12,0.0
1984-10-13,0.0
1984-10-14,0.0
1984-10-15,0.0
1984-10-16,0.0
1984-10-17,0.0
1984-10-18,0.0
1984-10-19,0.0
1984-10-20,0.0
1984-10-21,0.0
1984-10-22,0.0
1984-10-23,0.0
1984-10-24,0.0
1984-10-25,0.0
1984-10-26,0.0
1984-10-27,0.0
1984-10-28,0.0
1984-10-29,0.0
1984-10-30,0.0
1984-10-31,0.0
1984-11-01,0.0
1984-11-02,0.0
1984-11-03,0.0
1984-11-04,0.0
1984-11-05,0.0
1984-11-06,0.0
1984-11-07,0.0
1984-11-08,0.0
1984-11-09,0.0
1984-11-10,0.0
1984-11-11,0.0
1984-11-12,0.0
1984-11-13,0.0
1984-11-14,1.9777368348371227
1984-11-15,8.714338550693999
1984-11-16,0.19296977771621981
1984-11-17,0.06030305553631869
1984-11-18,0.0
1984-11-19,0.0
1984-11-20,0.0
1984-11-21,0.0
1984-11-22,0.0
1984-11-23,0.0
1984-11-24,0.0
1984-11-25,0.0
1984-11-26,0.0
1984-11-27,0.0
1984-11-28,0.0
1984-11-29,0.0
1984-11-30,0.0
1984-12-01,0.0
1984-12-02,0.0
1984-12-03,0.0
1984-12-04,0.0
1984-12-05,0.0
1984-12-06,0.0
1984-12-07,0.0
1984-12-08,0.0
1984-12-09,0.0
1984-12-10,0.0
1984-12-11,0.0
1984-12-12,0.0
1984-12-13,0.0
1984-12-14,0.0
1984-12-15,0.0
1984-12-16,0.0
1984-12-17,0.0
1984-12-18,0.0
1984-12-19,0.0
1984-12-20,0.0
1984-12-21,0.0
1984-12-22,0.0
1984-12-23,3.9133941625500515
1984-12-24,0.41555492018500295
1984-12-25,0.12060611107263738
1984-12-26,0.024121222214527477
1984-12-27,0.0
1984-12-28,0.0
1984-12-29,0.0
1984-12-30,0.0
1984-12-31,0.6255601965629666
1985-01-01,0.0
1985-01-02,0.0
1985-01-03,0.0
1985-01-04,0.0
1985-01-05,0.3838475072310534
1985-01-06,10.444145706932483
1985-01-07,1.5587229555675293
1985-01-08,0.9729442001879933
1985-01-09,9.761524697062065
1985-01-10,1.8077224213428913
1985-01-11,1.1754596230571068
1985-01-12,5.820053318801174
1985-01-13,13.667699005680316
1985-01-14,0.527213910421475
1985-01-15,0.0
1985-01-16,0.08362703406685465
1985-01-17,2.4658459118352454
1985-01-18,24.06337633246178
1985-01-19,20.57685678264522
1985-01-20,1.50649856066287
1985-01-21,4.524777815055905
1985-01-22,16.274821088556017
1985-01-23,9.883038307540012
1985-01-24,15.833610564377718
1985-01-25,10.925805039615756
1985-01-26,4.2588426129148855
1985-01-27,4.2939210168291915
1985-01-28,6.823677966828087
1985-01-29,4.419051413727751
1985-01-30,12.35181133345965
1985-01-31,1.654671358876392
1985-02-01,0.4928995392629774
1985-02-02,0.08450648105744066
1985-02-03,1.094967870359696
1985-02-04,12.344719405052958
1985-02-05,6.388188810434464
1985-02-06,11.622703239668994
1985-02-07,4.647173472707059
1985-02-08,6.511742277366473
1985-02-09,2.1994445065356856
1985-02-10,5.12214848119336
1985-02-11,9.438467710656424
1985-02-12,5.608233784339011
1985-02-13,2.840762883770127
1985-02-14,30.5108026597362
1985-02-15,8.91264800762248
1985-02-16,23.656389829881498
1985-02-17,20.468193281005984
1985-02-18,3.2433617631953457
1985-02-19,2.8910497187101525
1985-02-20,10.865778002158018
1985-02-21,4.758525596046663
1985-02-22,9.351215181768769
1985-02-23,15.194040893787653
1985-02-24,9.620414496100045
1985-02-25,21.60566451105689
1985-02-26,0.28644323908583447
1985-02-27,0.0
1985-02-28,3.390745485998295
1985-03-01,2.3752823675819483
1985-03-02,1.9887549227222237
1985-03-03,13.27140962676745
1985-03-04,7.497732783026125
1985-03-05,6.832263194611963
1985-03-06,16.564790929854833
1985-03-07,3.379115471323842
1985-03-08,0.013236120939001842
1985-03-09,0.7330350544972581
1985-03-10,1.098598037937153
1985-03-11,0.09453490807557484
1985-03-12,1.1118341588761547
1985-03-13,0.6362285680075681
1985-03-14,10.90775264488851
1985-03-15,5.645794698742914
1985-03-16,7.758414544005257
1985-03-17,10.474407625296468
1985-03-18,10.117795833759327
1985-03-19,15.171293934865115
1985-03-20,22.022044591003475
1985-03-21,0.757759257681315
1985-03-22,1.1719556309263328
1985-03-23,7.379364815369055
1985-03-24,34.90573412466641
1985-03-25,53.348280509626846
1985-03-26,1.5055997904055387
1985-03-27,11.149882453227248
1985-03-28,27.583051765630195
1985-03-29,7.463399974442783
1985-03-30,13.462370949585631
1985-03-31,11.431876441466088
1985-04-01,12.43719730997557
1985-04-02,21.990647802083934
1985-04-03,11.570529859538834
1985-04-04,9.717998611245301
1985-04-05,4.2522426098403265
1985-04-06,2.704809431649146
1985-04-07,11.02199088344289
1985-04-08,33.89630594743308
1985-04-09,7.478348230368489
1985-04-10,4.444523237212602
1985-04-11,7.3205565170802
1985-04-12,4.48241179705383
1985-04-13,14.988200742112172
1985-04-14,7.933303847007396
1985-04-15,12.274621602934277
1985-04-16,16.637028405608824
1985-04-17,16.858186005695003
1985-04-18,3.4423132331908652
1985-04-19,0.5237678078418537
1985-04-20,16.441789342745583
1985-04-21,20.360225887208912
1985-04-22,19.145646340232975
1985-04-23,10.133949010560174
1985-04-24,0.9530007076081326
1985-04-25,12.585079502060873
1985-04-26,0.3497853289217337
1985-04-27,1.8120913149111262
1985-04-28,5.442982014841249
1985-04-29,22.521366823735036
1985-04-30,11.904483256812027
1985-05-01,0.21067992843774402
1985-05-02,15.133794473011982
1985-05-03,3.41925788359896
1985-05-04,0.6663149832687096
1985-05-05,0.0
1985-05-06,7.980347698548992
1985-05-07,7.289102516848726
1985-05-08,4.062980546767085
1985-05-09,1.5877456117577295
1985-05-10,4.475216267565523
1985-05-11,4.157874280312189
1985-05-12,14.051384327942515
1985-05-13,0.4606685692770753
1985-05-14,5.975539393706155
1985-05-15,3.1770839610192536
1985-05-16,0.0808620360965079
1985-05-17,0.0
1985-05-18,0.0
1985-05-19,0.0833124008267051
1985-05-20,4.152390888859166
1985-05-21,10.059385835734759
1985-05-22,6.9957904754420355
1985-05-23,0.15927370746281858
1985-05-24,2.7664086281539837
1985-05-25,0.0
1985-05-26,0.0
1985-05-27,0.0
1985-05-28,0.0
1985-05-29,1.8961193559396963
1985-05-30,0.3430510622276093
1985-05-31,0.3031074278502261
1985-06-01,0.0
1985-06-02,1.8910964452960408
1985-06-03,0.0
1985-06-04,2.074664809106332
1985-06-05,13.712926751164918
1985-06-06,1.1808915766101236
1985-06-07,0.04410656514354976
1985-06-08,0.0
1985-06-09,0.0
1985-06-10,0.0
1985-06-11,0.0
1985-06-12,11.274961146275894
1985-06-13,1.1029381604260766
1985-06-14,5.213295940316126
1985-06-15,0.222983190447946
1985-06-16,0.18377735476479068
1985-06-17,0.5056318282505856
1985-06-18,3.986143168474142
1985-06-19,1.5043696292634383
1985-06-20,0.14947224854202973
1985-06-21,0.0
1985-06-22,0.12741896597025487
1985-06-23,0.0
1985-06-24,0.0
1985-06-25,0.0
1985-06-26,0.0
1985-06-27,0.0
1985-06-28,0.0
1985-06-29,0.0
1985-06-30,5.568925721938403
1985-07-01,4.737256250977231
1985-07-02,0.8005837280634273
1985-07-03,0.3430510622276093
1985-07-04,1.4747594990642081
1985-07-05,1.346679264879349
1985-07-06,0.0
1985-07-07,2.0646632986898914
1985-07-08,2.0522000838312144
1985-07-09,0.0
1985-07-10,0.0
1985-07-11,1.7973287124605302
1985-07-12,1.572430626788009
1985-07-13,0.9468932588353481
1985-07-14,0.08427197137509762
1985-07-15,0.08427197137509762
1985-07-16,0.6772087977236062
1985-07-17,0.0
1985-07-18,0.0
1985-07-19,0.6751867799083893
1985-07-20,0.0
1985-07-21,0.0
1985-07-22,0.0
1985-07-23,0.0
1985-07-24,0.0
1985-07-25,0.0
1985-07-26,0.0
1985-07-27,0.0
1985-07-28,0.0
1985-07-29,0.07351094190591627
1985-07-30,0.0
1985-07-31,0.31854741492563715
1985-08-01,0.2949518998128416
1985-08-02,0.0
1985-08-03,0.0
1985-08-04,0.0
1985-08-05,0.0
1985-08-06,0.0
1985-08-07,0.5179350902607875
1985-08-08,0.31854741492563715
1985-08-09,0.0
1985-08-10,0.0
1985-08-11,0.0
1985-08-12,0.0
1985-08-13,0.0
1985-08-14,0.0
1985-08-15,0.0
1985-08-16,0.0
1985-08-17,0.0
1985-08-18,0.0
1985-08-19,0.0
1985-08-20,0.0
1985-08-21,0.04900729460394418
1985-08-22,0.0
1985-08-23,0.0
1985-08-24,0.0
1985-08-25,0.1102664128588744
1985-08-26,0.0
1985-08-27,0.0
1985-08-28,0.0
1985-08-29,0.0
1985-08-30,0.0
1985-08-31,0.0
1985-09-01,0.0
1985-09-02,0.0
1985-09-03,0.0
1985-09-04,0.0
1985-09-05,0.0
1985-09-06,0.0
1985-09-07,0.02450364730197209
1985-09-08,0.0
1985-09-09,0.0
1985-09-10,0.0
1985-09-11,0.0
1985-09-12,0.4925495702566174
1985-09-13,0.036755470952958134
1985-09-14,0.0
1985-09-15,0.0
1985-09-16,0.0
1985-09-17,0.0
1985-09-18,0.0
1985-09-19,0.0
1985-09-20,0.0
1985-09-21,0.0
1985-09-22,0.0
1985-09-23,0.0
1985-09-24,0.0
1985-09-25,0.0
1985-09-26,0.0
1985-09-27,0.0
1985-09-28,0.0
1985-09-29,0.0
1985-09-30,0.0
1985-10-01,0.0
1985-10-02,0.0
1985-10-03,0.0
1985-10-04,0.0
1985-10-05,0.0
1985-10-06,0.0
1985-10-07,0.0
1985-10-08,0.0
1985-10-09,0.0
1985-10-10,0.0
1985-10-11,0.0
1985-10-12,0.0
1985-10-13,0.0
1985-10-14,0.0
1985-10-15,0.0
1985-10-16,0.0
1985-10-17,0.0
1985-10-18,0.0
1985-10-19,0.0
1985-10-20,0.0
1985-10-21,0.0
1985-10-22,0.0
1985-10-23,0.0
1985-10-24,0.0
1985-10-25,0.0
1985-10-26,0.0
1985-10-27,0.0
1985-10-28,0.0
1985-10-29,0.0
1985-10-30,0.0
1985-10-31,0.0
1985-11-01,0.0
1985-11-02,0.0
1985-11-03,0.0
1985-11-04,0.0
1985-11-05,0.0
1985-11-06,0.0
1985-11-07,0.0
1985-11-08,0.0
1985-11-09,0.0
1985-11-10,0.0
1985-11-11,0.0
1985-11-12,0.0
1985-11-13,0.0
1985-11-14,0.0
1985-11-15,0.0
1985-11-16,0.0
1985-11-17,0.0
1985-11-18,0.0
1985-11-19,0.0
1985-11-20,0.0
1985-11-21,0.0
1985-11-22,0.0
1985-11-23,0.0
1985-11-24,0.0
1985-11-25,0.0
1985-11-26,0.0
1985-11-27,0.0
1985-11-28,0.0
1985-11-29,0.0
1985-11-30,0.0
1985-12-01,0.0
1985-12-02,0.0
1985-12-03,0.0
1985-12-04,0.0
1985-12-05,0.9472107120319564
1985-12-06,0.9691276708136224
1985-12-07,0.39051612429053273
1985-12-08,0.1911284489553823
1985-12-09,0.0
1985-12-10,0.0
1985-12-11,0.9691276708136224
1985-12-12,0.7966940075106415
1985-12-13,7.054405222632456
1985-12-14,20.03276019607219
1985-12-15,0.0
1985-12-16,0.8821313028709952
1985-12-17,0.0
1985-12-18,6.790240908466687
1985-12-19,1.811425403610365
1985-12-20,0.0
1985-12-21,0.0
1985-12-22,1.9889020435494298
1985-12-23,5.2669982109436
1985-12-24,22.569281849913363
1985-12-25,11.410759000576721
1985-12-26,4.234762690801503
1985-12-27,2.5761737022482527
1985-12-28,4.217118508240248
1985-12-29,1.1366528544383478
1985-12-30,19.46351354233364
1985-12-31,4.7283111822440285
1986-01-01,0.0
1986-01-02,0.07090118105668113
1986-01-03,0.3999553803197397
1986-01-04,1.3968130687566533
1986-01-05,0.5109470271200375
1986-01-06,0.0
1986-01-07,0.13236120939001841
1986-01-08,4.238844843898899
1986-01-09,0.1404946510407372
1986-01-10,0.34908281348957965
1986-01-11,0.07090118105668113
1986-01-12,0.07271916005813449
1986-01-13,0.0
1986-01-14,0.0
1986-01-15,0.0
1986-01-16,0.0
1986-01-17,0.026472241878003684
1986-01-18,0.013236120939001842
1986-01-19,0.0
1986-01-20,0.0
1986-01-21,0.0
1986-01-22,0.03970836281700552
1986-01-23,7.0371688491508255
1986-01-24,0.11816863509446854
1986-01-25,0.0
1986-01-26,0.0
1986-01-27,0.0
1986-01-28,5.08109875884584
1986-01-29,0.5947778607017625
1986-01-30,27.829208750110887
1986-01-31,31.070972849423654
1986-02-01,26.294483669574472
1986-02-02,8.289369647648726
1986-02-03,1.8764227570061844
1986-02-04,2.2082111112703378
1986-02-05,15.537726180515794
1986-02-06,15.468323812040115
1986-02-07,5.371223050804333
1986-02-08,4.614974249696418
1986-02-09,0.48832212034600436
1986-02-10,0.0
1986-02-11,5.651565173088175
1986-02-12,6.621809534887065
1986-02-13,5.077318785535217
1986-02-14,7.940044247633286
1986-02-15,5.135304949826178
1986-02-16,16.716974127487266
1986-02-17,12.036483657587258
1986-02-18,10.048352714353005
1986-02-19,1.0505121110033158
1986-02-20,1.6493288726188309
1986-02-21,0.7330350544972581
1986-02-22,5.813521189775348
1986-02-23,5.909026885872942
1986-02-24,5.061650488894109
1986-02-25,6.6160499946361915
1986-02-26,0.05010596889689739
1986-02-27,0.21177793502402947
1986-02-28,5.910145700954031
1986-03-01,6.869035233108164
1986-03-02,10.10890452311623
1986-03-03,5.955132721827806
1986-03-04,30.79105582088583
1986-03-05,18.073747358606955
1986-03-06,1.3770635607942674
1986-03-07,0.7938617987776369
1986-03-08,2.0197753908917333
1986-03-09,17.580537682088814
1986-03-10,15.035779173685992
1986-03-11,0.8565220476089275
1986-03-12,13.345701651077425
1986-03-13,8.377538678979022
1986-03-14,11.776631872703668
1986-03-15,27.412918760207482
1986-03-16,0.21177793502402947
1986-03-17,10.280994209136983
1986-03-18,1.8795272637904477
1986-03-19,0.23633727018893708
1986-03-20,5.713228154762852
1986-03-21,1.7010247945432544
1986-03-22,10.230668837004893
1986-03-23,0.99175261706859
1986-03-24,23.040056159001754
1986-03-25,22.883985991299486
1986-03-26,17.251378136505902
1986-03-27,6.297953709606598
1986-03-28,7.184912591515243
1986-03-29,16.8511763262419
1986-03-30,10.075786411996535
1986-03-31,17.56367870540275
1986-04-01,7.40631815202306
1986-04-02,2.9473233543932666
1986-04-03,4.786215533549112
1986-04-04,0.23633727018893708
1986-04-05,0.8338756191571159
1986-04-06,3.901512542675228
1986-04-07,15.430789479850624
1986-04-08,4.996042914735846
1986-04-09,15.987182007926194
1986-04-10,0.2212190877473733
1986-04-11,0.23633727018893708
1986-04-12,10.783580032565336
1986-04-13,3.7735811767003398
1986-04-14,7.977645759085774
1986-04-15,20.97175343085591
1986-04-16,0.6996015030540015
1986-04-17,8.442430820442084
1986-04-18,11.050514810469165
1986-04-19,6.141284431888369
1986-04-20,3.1556850816714483
1986-04-21,3.0246829391063588
1986-04-22,0.4544947503633405
1986-04-23,2.9684997980180996
1986-04-24,5.403494072192285
1986-04-25,0.4908543303924078
1986-04-26,7.005436781843456
1986-04-27,5.534017754981878
1986-04-28,3.608139322266514
1986-04-29,2.135323099403823
1986-04-30,9.356140437883173
1986-05-01,15.213937412423938
1986-05-02,0.5423629380735729
1986-05-03,8.659487587943133
1986-05-04,0.5327816194320211
1986-05-05,0.0
1986-05-06,0.35518774628801403
1986-05-07,0.0
1986-05-08,3.6373736124465963
1986-05-09,11.66956467799329
1986-05-10,0.0
1986-05-11,0.0
1986-05-12,0.0
1986-05-13,0.0
1986-05-14,0.0
1986-05-15,0.0
1986-05-16,0.0
1986-05-17,0.8169318164624322
1986-05-18,0.0
1986-05-19,0.0
1986-05-20,0.0
1986-05-21,0.13236120939001841
1986-05-22,0.35855096788907737
1986-05-23,3.6231781299918433
1986-05-24,3.435001856302073
1986-05-25,9.888441066302098
1986-05-26,0.6614880265245895
1986-05-27,0.7271916005813449
1986-05-28,0.0
1986-05-29,0.6485699260110903
1986-05-30,0.6544724405232104
1986-05-31,0.5559170794380773
1986-06-01,0.5453937004360087
1986-06-02,0.18179790014533623
1986-06-03,2.714486645396744
1986-06-04,8.165059316592396
1986-06-05,0.0
1986-06-06,0.0
1986-06-07,0.0
1986-06-08,0.0
1986-06-09,0.0
1986-06-10,0.026472241878003684
1986-06-11,0.0
1986-06-12,0.0
1986-06-13,6.1655925002165795
1986-06-14,0.0
1986-06-15,0.0
1986-06-16,0.0
1986-06-17,0.18179790014533623
1986-06-18,0.3785858177300191
1986-06-19,12.127633369314959
1986-06-20,0.0
1986-06-21,0.03970836281700552
1986-06-22,0.0
1986-06-23,0.11816863509446854
1986-06-24,0.0
1986-06-25,0.0
1986-06-26,0.0
1986-06-27,0.0
1986-06-28,0.0
1986-06-29,0.0
1986-06-30,0.0
1986-07-01,0.0
1986-07-02,7.619852635832565
1986-07-03,0.08362703406685465
1986-07-04,0.0
1986-07-05,0.0
1986-07-06,0.0
1986-07-07,0.5294448375600737
1986-07-08,0.2726968502180043
1986-07-09,0.0
1986-07-10,0.13236120939001841
1986-07-11,0.0
1986-07-12,0.0
1986-07-13,0.07941672563401105
1986-07-14,0.12725853010173535
1986-07-15,0.0
1986-07-16,0.2726968502180043
1986-07-17,0.0
1986-07-18,0.0
1986-07-19,0.0
1986-07-20,0.0
1986-07-21,0.0
1986-07-22,0.0
1986-07-23,0.0
1986-07-24,0.0
1986-07-25,0.0
1986-07-26,0.0
1986-07-27,0.0
1986-07-28,0.0
1986-07-29,0.0
1986-07-30,0.0
1986-07-31,0.0
1986-08-01,0.0
1986-08-02,0.0
1986-08-03,0.0
1986-08-04,0.0
1986-08-05,0.09089895007266811
1986-08-06,0.0
1986-08-07,4.019407595228899
1986-08-08,2.3257150223130134
1986-08-09,0.0
1986-08-10,0.0
1986-08-11,0.0
1986-08-12,0.0
1986-08-13,0.0
1986-08-14,0.0
1986-08-15,0.0
1986-08-16,0.0
1986-08-17,0.0
1986-08-18,0.0
1986-08-19,0.0
1986-08-20,0.0
1986-08-21,0.0
1986-08-22,0.0
1986-08-23,0.0
1986-08-24,0.0
1986-08-25,0.0
1986-08-26,0.0
1986-08-27,0.0
1986-08-28,0.39708362817005527
1986-08-29,0.35450590528340564
1986-08-30,0.0
1986-08-31,0.0
1986-09-01,0.0
1986-09-02,0.2050803694481529
1986-09-03,0.03272362202616052
1986-09-04,0.0
1986-09-05,0.0
1986-09-06,0.0
1986-09-07,0.0
1986-09-08,0.0
1986-09-09,0.0
1986-09-10,0.0
1986-09-11,0.0
1986-09-12,0.0
1986-09-13,0.0
1986-09-14,0.0
1986-09-15,0.0
1986-09-16,0.0
1986-09-17,0.0
1986-09-18,0.0
1986-09-19,0.0
1986-09-20,0.0
1986-09-21,0.0
1986-09-22,0.0
1986-09-23,0.0
1986-09-24,0.0
1986-09-25,0.0
1986-09-26,0.0
1986-09-27,0.036359580029067244
1986-09-28,0.0
1986-09-29,0.0
1986-09-30,0.04544947503633406
1986-10-01,0.0
1986-10-02,0.0
1986-10-03,0.0
1986-10-04,0.0
1986-10-05,0.0
1986-10-06,1.5249369353273938
1986-10-07,0.09089895007266811
1986-10-08,0.036359580029067244
1986-10-09,0.018179790014533622
1986-10-10,0.05453937004360086
1986-10-11,0.0
1986-10-12,0.0
1986-10-13,0.0
1986-10-14,0.0
1986-10-15,0.0
1986-10-16,0.0
1986-10-17,0.0
1986-10-18,0.0
1986-10-19,0.0
1986-10-20,0.0
1986-10-21,0.0
1986-10-22,0.02726968502180043
1986-10-23,0.0
1986-10-24,0.0
1986-10-25,0.0
1986-10-26,0.0
1986-10-27,0.0
1986-10-28,0.0
1986-10-29,0.0
1986-10-30,0.0
1986-10-31,0.0
1986-11-01,0.0
1986-11-02,0.0
1986-11-03,0.0
1986-11-04,0.09998884507993493
1986-11-05,0.19997769015986985
1986-11-06,0.0
1986-11-07,0.0
1986-11-08,0.0
1986-11-09,0.0
1986-11-10,0.036359580029067244
1986-11-11,0.0
1986-11-12,0.0
1986-11-13,0.0
1986-11-14,0.0
1986-11-15,0.0
1986-11-16,0.0
1986-11-17,0.0
1986-11-18,0.0
1986-11-19,0.0
1986-11-20,0.0
1986-11-21,0.0
1986-11-22,0.018179790014533622
1986-11-23,0.0
1986-11-24,0.0
1986-11-25,0.0
1986-11-26,0.0
1986-11-27,0.0
1986-11-28,0.2726968502180043
1986-11-29,0.0
1986-11-30,0.0
1986-12-01,0.0
1986-12-02,0.0
1986-12-03,0.0
1986-12-04,0.0
1986-12-05,0.0
1986-12-06,0.0
1986-12-07,0.0
1986-12-08,0.0
1986-12-09,0.0
1986-12-10,0.0
1986-12-11,0.0
1986-12-12,0.0
1986-12-13,0.0
1986-12-14,0.0
1986-12-15,0.0
1986-12-16,0.0
1986-12-17,0.0
1986-12-18,0.0
1986-12-19,0.0
1986-12-20,0.0
1986-12-21,0.0
1986-12-22,4.238844843898899
1986-12-23,0.0
1986-12-24,8.613161890342782
1986-12-25,0.0
1986-12-26,0.0
1986-12-27,0.0
1986-12-28,0.0
1986-12-29,0.0
1986-12-30,1.1250702798151566
1986-12-31,0.0
1987-01-01,1.3657151782286203
1987-01-02,0.14543832011626898
1987-01-03,0.03817755903052061
1987-01-04,0.0
1987-01-05,0.887969365720035
1987-01-06,0.07271916005813449
1987-01-07,0.17759387314400701
1987-01-08,0.0
1987-01-09,0.0
1987-01-10,0.0
1987-01-11,0.026472241878003684
1987-01-12,0.02545170602034707
1987-01-13,0.0
1987-01-14,0.0
1987-01-15,0.0
1987-01-16,0.21815748017440345
1987-01-17,0.036359580029067244
1987-01-18,1.9369055723182749
1987-01-19,0.8719081120664705
1987-01-20,0.47816874474004
1987-01-21,5.33561844846563
1987-01-22,0.010907874008720174
1987-01-23,0.0
1987-01-24,0.0
1987-01-25,0.0
1987-01-26,0.0
1987-01-27,0.0
1987-01-28,0.0
1987-01-29,0.0
1987-01-30,0.0
1987-01-31,0.0
1987-02-01,0.0
1987-02-02,0.0
1987-02-03,0.0
1987-02-04,0.0
1987-02-05,0.0
1987-02-06,0.0
1987-02-07,0.2726968502180043
1987-02-08,0.0
1987-02-09,4.1111095253689305
1987-02-10,0.20922659537988797
1987-02-11,0.9923646102705195
1987-02-12,0.2684928232166751
1987-02-13,0.937368456367825
1987-02-14,28.890391726652524
1987-02-15,12.364983572285903
1987-02-16,0.018179790014533622
1987-02-17,0.4264276221977434
1987-02-18,0.1545282151235358
1987-02-19,7.321641094007188
1987-02-20,0.0
1987-02-21,0.0
1987-02-22,0.0
1987-02-23,2.7205570019631806
1987-02-24,1.926747656317681
1987-02-25,0.0
1987-02-26,0.0
1987-02-27,0.0
1987-02-28,0.0
1987-03-01,0.0
1987-03-02,0.0
1987-03-03,1.3136401595749219
1987-03-04,0.28290220879457045
1987-03-05,0.23633727018893708
1987-03-06,0.48686711467342403
1987-03-07,0.036359580029067244
1987-03-08,0.8829942894869313
1987-03-09,37.75771179018165
1987-03-10,19.955687654522354
1987-03-11,1.0430968654295996
1987-03-12,16.58399073746411
1987-03-13,8.230199628134661
1987-03-14,14.715457563845453
1987-03-15,1.8556835289855034
1987-03-16,1.2180459309737526
1987-03-17,7.0862332108444495
1987-03-18,25.14015589076044
1987-03-19,1.9967413550761821
1987-03-20,16.738508296908996
1987-03-21,0.7584837520140812
1987-03-22,24.853658430737106
1987-03-23,9.335680829723751
1987-03-24,4.2372271080960235
1987-03-25,3.388095831831351
1987-03-26,0.28318938400953886
1987-03-27,27.714801337083934
1987-03-28,11.427340320124703
1987-03-29,5.433641807322401
1987-03-30,10.924301656508268
1987-03-31,0.46572064479756337
1987-04-01,1.6631033394378494
1987-04-02,0.0
1987-04-03,6.606492080957062
1987-04-04,0.0
1987-04-05,0.08799635271244956
1987-04-06,0.39708362817005527
1987-04-07,5.037924924104007
1987-04-08,0.2726968502180043
1987-04-09,0.3838475072310534
1987-04-10,9.622207446209869
1987-04-11,5.943861079083846
1987-04-12,0.007271916005813449
1987-04-13,0.0
1987-04-14,2.5928705479025025
1987-04-15,0.0
1987-04-16,0.5284883842035256
1987-04-17,1.2362581223773645
1987-04-18,0.5581503986567162
1987-04-19,0.0
1987-04-20,0.13236120939001841
1987-04-21,0.3195489640386061
1987-04-22,0.4181660155448074
1987-04-23,0.4273199930531828
1987-04-24,0.5755327455274533
1987-04-25,0.23024490025353156
1987-04-26,0.07271916005813449
1987-04-27,0.0
1987-04-28,0.0
1987-04-29,0.05090341204069414
1987-04-30,0.0
1987-05-01,0.0
1987-05-02,0.5294448375600737
1987-05-03,4.379052319724668
1987-05-04,0.07941672563401105
1987-05-05,4.624194375162435
1987-05-06,0.021815748017440347
1987-05-07,0.17452598413952278
1987-05-08,0.0
1987-05-09,0.0
1987-05-10,3.388748745171986
1987-05-11,0.06618060469500921
1987-05-12,2.1666452523568855
1987-05-13,0.0
1987-05-14,0.0
1987-05-15,0.0
1987-05-16,0.0
1987-05-17,0.0
1987-05-18,0.0
1987-05-19,0.0
1987-05-20,0.0
1987-05-21,0.0
1987-05-22,0.0
1987-05-23,0.0
1987-05-24,0.0
1987-05-25,0.0
1987-05-26,0.0
1987-05-27,0.18530569314602577
1987-05-28,0.0
1987-05-29,0.0
1987-05-30,0.0
1987-05-31,0.036359580029067244
1987-06-01,3.665175272486291
1987-06-02,0.0
1987-06-03,1.5413981250541449
1987-06-04,0.0
1987-06-05,0.0
1987-06-06,0.0
1987-06-07,5.504486140444142
1987-06-08,13.887922859654282
1987-06-09,0.0
1987-06-10,0.0
1987-06-11,0.0
1987-06-12,1.2828113453702017
1987-06-13,0.2545170602034707
1987-06-14,0.036359580029067244
1987-06-15,0.0
1987-06-16,0.03999553803197397
1987-06-17,0.0
1987-06-18,0.0
1987-06-19,2.8178094688628468
1987-06-20,2.027933375442743
1987-06-21,0.0
1987-06-22,0.0
1987-06-23,0.0
1987-06-24,0.0
1987-06-25,0.0
1987-06-26,0.0
1987-06-27,0.0
1987-06-28,0.058175328046507595
1987-06-29,0.12725853010173535
1987-06-30,0.18020301385774273
1987-07-01,0.0
1987-07-02,0.0
1987-07-03,0.0
1987-07-04,2.241837576611748
1987-07-05,0.0
1987-07-06,0.0
1987-07-07,0.0
1987-07-08,0.9162938181215727
1987-07-09,0.0
1987-07-10,0.08362703406685465
1987-07-11,0.4763104983807809
1987-07-12,0.0
1987-07-13,0.0
1987-07-14,0.0
1987-07-15,0.0
1987-07-16,0.0
1987-07-17,0.0
1987-07-18,0.0
1987-07-19,0.0
1987-07-20,0.0
1987-07-21,0.0
1987-07-22,0.0
1987-07-23,0.0
1987-07-24,0.0
1987-07-25,0.0
1987-07-26,0.0
1987-07-27,0.0
1987-07-28,0.018179790014533622
1987-07-29,0.0
1987-07-30,0.0
1987-07-31,0.0
1987-08-01,0.0
1987-08-02,0.0
1987-08-03,0.0
1987-08-04,0.0
1987-08-05,0.0
1987-08-06,0.0
1987-08-07,0.0
1987-08-08,0.0
1987-08-09,0.0
1987-08-10,0.0
1987-08-11,0.0
1987-08-12,0.0
1987-08-13,0.0
1987-08-14,0.0
1987-08-15,0.0
1987-08-16,0.0
1987-08-17,0.0
1987-08-18,0.0
1987-08-19,0.0
1987-08-20,0.0
1987-08-21,0.0
1987-08-22,0.0
1987-08-23,0.0
1987-08-24,0.0
1987-08-25,0.0
1987-08-26,0.0
1987-08-27,0.0
1987-08-28,0.0
1987-08-29,0.0
1987-08-30,0.0
1987-08-31,0.0
1987-09-01,0.0
1987-09-02,0.0
1987-09-03,0.05453937004360086
1987-09-04,0.0
1987-09-05,0.0
1987-09-06,0.0
1987-09-07,0.0
1987-09-08,0.0
1987-09-09,0.0
1987-09-10,0.0
1987-09-11,0.0
1987-09-12,0.0
1987-09-13,0.0
1987-09-14,0.0
1987-09-15,0.0
1987-09-16,0.0
1987-09-17,0.0
1987-09-18,0.0
1987-09-19,0.0
1987-09-20,0.0
1987-09-21,0.0
1987-09-22,0.0
1987-09-23,0.0
1987-09-24,0.0
1987-09-25,0.0
1987-09-26,0.0
1987-09-27,0.0
1987-09-28,0.0
1987-09-29,0.0
1987-09-30,0.0
1987-10-01,0.0
1987-10-02,0.0
1987-10-03,0.0
1987-10-04,0.09089895007266811
1987-10-05,0.0
1987-10-06,0.0
1987-10-07,0.0
1987-10-08,0.0
1987-10-09,0.009089895007266811
1987-10-10,0.0
1987-10-11,0.0
1987-10-12,0.0
1987-10-13,0.0
1987-10-14,0.0
1987-10-15,0.018179790014533622
1987-10-16,0.0
1987-10-17,0.0
1987-10-18,0.0
1987-10-19,0.0
1987-10-20,0.0
1987-10-21,0.0
1987-10-22,0.0
1987-10-23,0.0
1987-10-24,0.0
1987-10-25,0.0
1987-10-26,0.0
1987-10-27,0.0
1987-10-28,0.0
1987-10-29,0.0
1987-10-30,0.036359580029067244
1987-10-31,0.0
1987-11-01,0.0
1987-11-02,0.0
1987-11-03,0.0
1987-11-04,0.0
1987-11-05,0.0
1987-11-06,0.0
1987-11-07,0.0
1987-11-08,0.0
1987-11-09,0.0
1987-11-10,0.0
1987-11-11,0.0
1987-11-12,0.02363372701889371
1987-11-13,0.0
1987-11-14,0.018179790014533622
1987-11-15,0.0
1987-11-16,0.0
1987-11-17,0.0
1987-11-18,0.0
1987-11-19,0.0
1987-11-20,0.0
1987-11-21,0.0
1987-11-22,0.0
1987-11-23,0.0
1987-11-24,0.0
1987-11-25,0.0
1987-11-26,0.0
1987-11-27,0.0
1987-11-28,0.0
1987-11-29,0.0
1987-11-30,0.0
1987-12-01,0.0
1987-12-02,0.0
1987-12-03,0.0
1987-12-04,0.0
1987-12-05,0.0
1987-12-06,0.0
1987-12-07,0.0
1987-12-08,0.0
1987-12-09,0.0
1987-12-10,0.0
1987-12-11,0.0
1987-12-12,0.0
1987-12-13,0.0
1987-12-14,0.0
1987-12-15,0.0
1987-12-16,0.0
1987-12-17,0.0
1987-12-18,0.0
1987-12-19,0.0
1987-12-20,0.0
1987-12-21,0.0
1987-12-22,0.0
1987-12-23,0.0
1987-12-24,0.0
1987-12-25,0.0
1987-12-26,0.0
1987-12-27,0.0
1987-12-28,0.0
1987-12-29,0.0
1987-12-30,0.0
1987-12-31,0.0
1988-01-01,0.0
1988-01-02,1.4907427811917544
1988-01-03,0.0
1988-01-04,0.0
1988-01-05,0.009089895007266795
1988-01-06,0.0
1988-01-07,0.0
1988-01-08,0.0
1988-01-09,0.0
1988-01-10,0.0
1988-01-11,0.929123172725563
1988-01-12,7.584658880179554
1988-01-13,1.641458354719641
1988-01-14,0.0
1988-01-15,0.0
1988-01-16,0.0
1988-01-17,2.7581151527120427
1988-01-18,0.005453937004360077
1988-01-19,2.942345784749031
1988-01-20,0.0
1988-01-21,6.069206545401277
1988-01-22,6.9579325870628494
1988-01-23,1.0564984253425018
1988-01-24,7.3413002746352936
1988-01-25,1.929558359428206
1988-01-26,5.08127421817889
1988-01-27,6.366272175755716
1988-01-28,1.3231611194355064
1988-01-29,0.21354100090765343
1988-01-30,1.4291689680759934
1988-01-31,0.0
1988-02-01,0.0
1988-02-02,0.0
1988-02-03,0.0
1988-02-04,0.0
1988-02-05,0.21095537279398335
1988-02-06,0.11403426917111345
1988-02-07,0.0
1988-02-08,0.0
1988-02-09,0.0
1988-02-10,0.0
1988-02-11,0.0
1988-02-12,0.0
1988-02-13,5.719933031392751
1988-02-14,3.419961158416566
1988-02-15,2.7566678533195956
1988-02-16,10.607950250592603
1988-02-17,0.3081012161366727
1988-02-18,0.39783698888009505
1988-02-19,0.09845006868370547
1988-02-20,0.8633087892151766
1988-02-21,0.0
1988-02-22,3.2778558372729227
1988-02-23,0.7031845759799449
1988-02-24,0.21177793502402925
1988-02-25,1.03082599714265
1988-02-26,19.54159772761321
1988-02-27,2.2387942374224097
1988-02-28,0.03970836281700544
1988-02-29,3.4165797356637113
1988-03-01,14.981262252343946
1988-03-02,7.176139933300416
1988-03-03,0.574696761752014
1988-03-04,8.875306659296088
1988-03-05,7.574558185084088
1988-03-06,3.9806380958509195
1988-03-07,3.0833695246357196
1988-03-08,2.9331662809412897
1988-03-09,5.271247756581983
1988-03-10,39.93537500927633
1988-03-11,6.122652295819433
1988-03-12,11.355459302647926
1988-03-13,4.219983039903948
1988-03-14,9.468456213867093
1988-03-15,10.865910879660092
1988-03-16,12.876246769889377
1988-03-17,6.776149583463062
1988-03-18,2.591301815423623
1988-03-19,26.90329723253499
1988-03-20,4.21899200444623
1988-03-21,19.036882105857693
1988-03-22,42.4364480988291
1988-03-23,30.07892384129979
1988-03-24,14.964724967136881
1988-03-25,2.6306561352975257
1988-03-26,0.31609549070065607
1988-03-27,10.194597042074445
1988-03-28,9.463122410025697
1988-03-29,2.0287324089804346
1988-03-30,6.345167196501173
1988-03-31,16.906623422014103
1988-04-01,15.262483096005282
1988-04-02,3.985228420621889
1988-04-03,2.639692927538581
1988-04-04,0.0
1988-04-05,1.15610737003835
1988-04-06,0.8778467704941972
1988-04-07,0.2672101388723789
1988-04-08,3.4086939014282516
1988-04-09,3.884317376089654
1988-04-10,1.1143353748984528
1988-04-11,10.540799862135689
1988-04-12,2.7118031948494132
1988-04-13,5.490053144166683
1988-04-14,12.46028431965286
1988-04-15,26.7736872419271
1988-04-16,5.952307360016887
1988-04-17,15.794842589709422
1988-04-18,36.576650963429614
1988-04-19,3.587294503893902
1988-04-20,9.364707007697646
1988-04-21,9.368459958746836
1988-04-22,12.04318357233881
1988-04-23,6.653051526019786
1988-04-24,16.6903219195083
1988-04-25,1.898458731026629
1988-04-26,0.0
1988-04-27,2.5577117303092947
1988-04-28,3.0746766092847024
1988-04-29,9.542831346266318
1988-04-30,13.750455461962698
1988-05-01,6.904284369137063
1988-05-02,1.3747383961762139
1988-05-03,3.271812254083735
1988-05-04,8.330760686357893
1988-05-05,13.30463092559644
1988-05-06,0.0
1988-05-07,0.04836143724813603
1988-05-08,0.06563337912247029
1988-05-09,0.0
1988-05-10,4.662408487834673
1988-05-11,0.0518158256230028
1988-05-12,0.0
1988-05-13,3.6517183361647816
1988-05-14,0.0
1988-05-15,4.860248785359936
1988-05-16,1.3342396228215088
1988-05-17,8.854278869783698
1988-05-18,0.0
1988-05-19,0.0
1988-05-20,0.0
1988-05-21,0.07254215587220393
1988-05-22,4.918014928309931
1988-05-23,4.4097070774216185
1988-05-24,1.0976523095119939
1988-05-25,0.0
1988-05-26,0.0
1988-05-27,0.0
1988-05-28,0.0
1988-05-29,0.0
1988-05-30,0.0
1988-05-31,0.0
1988-06-01,0.0
1988-06-02,0.0
1988-06-03,0.0
1988-06-04,0.0
1988-06-05,0.0
1988-06-06,0.0
1988-06-07,0.0
1988-06-08,0.0
1988-06-09,0.3126904460690722
1988-06-10,2.222507084765009
1988-06-11,0.0
1988-06-12,0.0
1988-06-13,0.5956254422550824
1988-06-14,0.18179790014533603
1988-06-15,0.0
1988-06-16,2.082751134219511
1988-06-17,0.10907874008720163
1988-06-18,0.0
1988-06-19,0.0
1988-06-20,0.0
1988-06-21,0.0
1988-06-22,0.054539370043600814
1988-06-23,2.965910591453006
1988-06-24,1.0066848595132307
1988-06-25,0.3502792600891707
1988-06-26,0.09089895007266802
1988-06-27,2.1316081346923412
1988-06-28,2.863782809551828
1988-06-29,0.018179790014533605
1988-06-30,0.0
1988-07-01,0.0
1988-07-02,0.0
1988-07-03,0.0
1988-07-04,0.0
1988-07-05,0.0
1988-07-06,0.0
1988-07-07,0.0
1988-07-08,0.0
1988-07-09,0.0
1988-07-10,0.0
1988-07-11,1.4559613698249125
1988-07-12,0.0
1988-07-13,0.0
1988-07-14,0.0
1988-07-15,0.0
1988-07-16,0.0
1988-07-17,0.0
1988-07-18,0.0
1988-07-19,0.0
1988-07-20,0.0
1988-07-21,0.0
1988-07-22,0.0
1988-07-23,0.0
1988-07-24,0.0
1988-07-25,0.0
1988-07-26,0.0
1988-07-27,0.0
1988-07-28,0.0
1988-07-29,0.0
1988-07-30,0.0
1988-07-31,0.0
1988-08-01,0.0
1988-08-02,0.0
1988-08-03,0.0
1988-08-04,0.0
1988-08-05,0.0
1988-08-06,0.0
1988-08-07,0.0
1988-08-08,0.0
1988-08-09,0.0
1988-08-10,0.0
1988-08-11,0.0
1988-08-12,0.0
1988-08-13,0.0
1988-08-14,0.0
1988-08-15,0.0
1988-08-16,0.0
1988-08-17,0.0
1988-08-18,0.0
1988-08-19,0.0
1988-08-20,0.0
1988-08-21,0.0
1988-08-22,0.0
1988-08-23,0.0
1988-08-24,0.0
1988-08-25,0.0
1988-08-26,0.0
1988-08-27,0.0
1988-08-28,0.0
1988-08-29,0.0
1988-08-30,0.0
1988-08-31,0.0
1988-09-01,0.0
1988-09-02,0.0
1988-09-03,0.0
1988-09-04,0.0
1988-09-05,0.0
1988-09-06,0.0
1988-09-07,0.0
1988-09-08,0.0
1988-09-09,0.0
1988-09-10,0.0
1988-09-11,0.0
1988-09-12,0.0
1988-09-13,0.0
1988-09-14,0.0
1988-09-15,0.0
1988-09-16,0.0
1988-09-17,0.0
1988-09-18,0.0
1988-09-19,0.0
1988-09-20,0.0
1988-09-21,0.0
1988-09-22,0.0
1988-09-23,0.0
1988-09-24,0.0
1988-09-25,0.0
1988-09-26,0.0
1988-09-27,0.0
1988-09-28,0.0
1988-09-29,0.0
1988-09-30,0.0
1988-10-01,0.0
1988-10-02,0.0
1988-10-03,0.0
1988-10-04,0.0
1988-10-05,0.0
1988-10-06,0.0
1988-10-07,0.0
1988-10-08,0.0
1988-10-09,0.0
1988-10-10,0.0
1988-10-11,0.0
1988-10-12,0.0
1988-10-13,0.0
1988-10-14,0.0
1988-10-15,0.0
1988-10-16,0.0
1988-10-17,0.0
1988-10-18,0.0
1988-10-19,0.0
1988-10-20,0.0
1988-10-21,0.0
1988-10-22,0.0
1988-10-23,0.0
1988-10-24,0.0
1988-10-25,0.0
1988-10-26,0.0
1988-10-27,0.0
1988-10-28,0.0
1988-10-29,0.0
1988-10-30,0.0
1988-10-31,0.0
1988-11-01,0.0
1988-11-02,0.0
1988-11-03,0.0
1988-11-04,0.0
1988-11-05,0.0
1988-11-06,0.0
1988-11-07,0.0
1988-11-08,0.0
1988-11-09,0.0
1988-11-10,0.0
1988-11-11,0.0
1988-11-12,0.0
1988-11-13,0.0
1988-11-14,0.0
1988-11-15,0.0
1988-11-16,0.0
1988-11-17,0.0
1988-11-18,0.0
1988-11-19,0.0
1988-11-20,0.0
1988-11-21,0.0
1988-11-22,0.0
1988-11-23,0.0
1988-11-24,0.0
1988-11-25,0.0
1988-11-26,0.0
1988-11-27,0.0
1988-11-28,0.0
1988-11-29,0.0
1988-11-30,1.6922352965533527
1988-12-01,0.0
1988-12-02,0.0
1988-12-03,0.0
1988-12-04,0.0
1988-12-05,0.0
1988-12-06,0.0
1988-12-07,2.887217143695033
1988-12-08,21.90535244184204
1988-12-09,4.494375174134195
1988-12-10,0.0
1988-12-11,0.0
1988-12-12,0.0
1988-12-13,0.0
1988-12-14,0.0
1988-12-15,6.401004840432437
1988-12-16,15.593648784081498
1988-12-17,3.894942568213724
1988-12-18,9.036956076224968
1988-12-19,3.532097475748396
1988-12-20,3.637150401632747
1988-12-21,4.927589422703624
1988-12-22,10.068972617873401
1988-12-23,7.848488240040753
1988-12-24,0.5956254422550824
1988-12-25,0.34723398927759186
1988-12-26,0.0
1988-12-27,0.0
1988-12-28,0.0
1988-12-29,0.0
1988-12-30,0.0
1988-12-31,1.8664941322616753
1989-01-01,12.60319773036489
1989-01-02,2.197320617520487
1989-01-03,0.48183373072563157
1989-01-04,7.15792776723599
1989-01-05,0.0
1989-01-06,0.0
1989-01-07,0.0
1989-01-08,0.0
1989-01-09,0.0
1989-01-10,0.0
1989-01-11,0.0
1989-01-12,0.5167247441887033
1989-01-13,1.9114967342546887
1989-01-14,1.6368956779156214
1989-01-15,0.1817979001453358
1989-01-16,0.05999330704796081
1989-01-17,0.0
1989-01-18,0.0
1989-01-19,0.0
1989-01-20,0.0
1989-01-21,0.0
1989-01-22,0.0
1989-01-23,3.6606068525061812
1989-01-24,16.24381867169154
1989-01-25,5.935051641898389
1989-01-26,5.083175156450245
1989-01-27,2.174235645605197
1989-01-28,1.3599478519620845
1989-01-29,0.10907874008720148
1989-01-30,0.20001272735652995
1989-01-31,0.0
1989-02-01,0.0
1989-02-02,3.0953201155615093
1989-02-03,0.0
1989-02-04,0.0
1989-02-05,0.0
1989-02-06,0.0
1989-02-07,1.5150821947757787
1989-02-08,7.1264368293217295
1989-02-09,4.6604040538510825
1989-02-10,3.2887776227841035
1989-02-11,0.0
1989-02-12,0.0
1989-02-13,2.1280325794485377
1989-02-14,0.3882563652866424
1989-02-15,1.6316675998242232
1989-02-16,1.4583990290670408
1989-02-17,1.0982804598661757
1989-02-18,0.0
1989-02-19,2.321490086671132
1989-02-20,0.0
1989-02-21,0.33090302347504535
1989-02-22,4.899664293654949
1989-02-23,3.432307875704841
1989-02-24,0.5956254422550816
1989-02-25,1.5981047961412749
1989-02-26,0.0
1989-02-27,0.10907874008720148
1989-02-28,1.5883345126802175
1989-03-01,0.8479115753199531
1989-03-02,1.0791443379083587
1989-03-03,0.2726968502180037
1989-03-04,0.8338756191571143
1989-03-05,0.5839842076036733
1989-03-06,0.03635958002906716
1989-03-07,0.07005585201783404
1989-03-08,0.0
1989-03-09,5.829048945417741
1989-03-10,9.09754064161122
1989-03-11,4.848062566246908
1989-03-12,3.522169046314131
1989-03-13,8.210259234413755
1989-03-14,0.7887941622107081
1989-03-15,12.051084683820255
1989-03-16,5.484607177894403
1989-03-17,9.803738524999002
1989-03-18,9.845535509856562
1989-03-19,9.381158138895744
1989-03-20,1.0570091869386582
1989-03-21,7.076725012885762
1989-03-22,3.980337592405724
1989-03-23,10.818286143051349
1989-03-24,17.415825515180043
1989-03-25,12.18746967777955
1989-03-26,5.272753145228375
1989-03-27,4.633390232549666
1989-03-28,11.391569841383607
1989-03-29,20.407960091164245
1989-03-30,12.190934021862224
1989-03-31,12.674753292210625
1989-04-01,2.3113436571777033
1989-04-02,8.732262233962421
1989-04-03,18.768753904353527
1989-04-04,16.324962867583235
1989-04-05,9.195025345201476
1989-04-06,16.507826552804524
1989-04-07,13.956383203604032
1989-04-08,25.739012411970975
1989-04-09,23.620565404203973
1989-04-10,8.45751974010071
1989-04-11,29.0515433956536
1989-04-12,17.83575802452436
1989-04-13,5.320031673970064
1989-04-14,4.375863232884765
1989-04-15,6.153047729033032
1989-04-16,11.691364061776971
1989-04-17,42.073295556784615
1989-04-18,1.7644051384247224
1989-04-19,2.4519505457127626
1989-04-20,10.08745599803137
1989-04-21,4.7935721228261015
1989-04-22,0.10907874008720148
1989-04-23,5.332232198341722
1989-04-24,28.073519592788067
1989-04-25,12.320028525832146
1989-04-26,6.586108092581441
1989-04-27,7.323008500409954
1989-04-28,8.56333513540562
1989-04-29,1.946937737398717
1989-04-30,14.434346254496749
1989-05-01,2.070223306227216
1989-05-02,13.31384613437937
1989-05-03,28.556593328727587
1989-05-04,23.615270322059853
1989-05-05,24.168970581569255
1989-05-06,2.8982447990016933
1989-05-07,2.3078391618061147
1989-05-08,2.951131974454525
1989-05-09,7.732033778196613
1989-05-10,5.229118647752736
1989-05-11,28.882762028674257
1989-05-12,2.788649718604323
1989-05-13,1.7107206130494865
1989-05-14,0.10907874008720148
1989-05-15,2.4352594722628553
1989-05-16,0.0
1989-05-17,4.274244948911609
1989-05-18,2.046284056801422
1989-05-19,0.989324160606785
1989-05-20,4.226555134988305
1989-05-21,7.267461736255583
1989-05-22,0.3822371282605257
1989-05-23,0.0
1989-05-24,0.0
1989-05-25,0.0
1989-05-26,0.0
1989-05-27,0.6920858453350098
1989-05-28,2.5391465987335433
1989-05-29,13.300162372791064
1989-05-30,5.353974728495645
1989-05-31,1.7287779629275373
1989-06-01,0.0
1989-06-02,1.5247076397093904
1989-06-03,0.1817979001453358
1989-06-04,0.0
1989-06-05,0.0
1989-06-06,0.0
1989-06-07,0.0
1989-06-08,1.0654260191149991
1989-06-09,0.12725853010173507
1989-06-10,0.0
1989-06-11,0.0
1989-06-12,0.5536686762680079
1989-06-13,3.8967107437733985
1989-06-14,4.250697063033503
1989-06-15,0.0
1989-06-16,0.0
1989-06-17,0.0
1989-06-18,0.0
1989-06-19,0.4566111510492854
1989-06-20,0.0
1989-06-21,0.0
1989-06-22,0.0
1989-06-23,2.321490086671132
1989-06-24,0.6088148680657138
1989-06-25,0.1941281826433212
1989-06-26,3.322012057608047
1989-06-27,0.0
1989-06-28,3.1955562766352723
1989-06-29,0.0
1989-06-30,0.0
1989-07-01,0.0
1989-07-02,0.0
1989-07-03,0.0
1989-07-04,0.0
1989-07-05,0.0
1989-07-06,13.132283484506331
1989-07-07,0.9271692907412126
1989-07-08,0.0
1989-07-09,6.590221889917755
1989-07-10,2.470395195955928
1989-07-11,0.0
1989-07-12,0.0
1989-07-13,0.0
1989-07-14,0.0
1989-07-15,0.0
1989-07-16,0.0
1989-07-17,0.0
1989-07-18,0.0
1989-07-19,0.0
1989-07-20,0.0
1989-07-21,0.10907874008720148
1989-07-22,0.0
1989-07-23,0.0
1989-07-24,0.5506553899370419
1989-07-25,0.14543832011626864
1989-07-26,0.0
1989-07-27,0.0
1989-07-28,0.0
1989-07-29,0.0
1989-07-30,0.0
1989-07-31,0.0
1989-08-01,0.0
1989-08-02,0.0
1989-08-03,0.0
1989-08-04,0.0
1989-08-05,0.0
1989-08-06,0.0
1989-08-07,0.4879825782427223
1989-08-08,0.0
1989-08-09,0.0
1989-08-10,0.0
1989-08-11,0.0
1989-08-12,0.0
1989-08-13,0.0
1989-08-14,1.497980319428976
1989-08-15,1.021872795823747
1989-08-16,0.43153030148602545
1989-08-17,1.2490273429777947
1989-08-18,0.0
1989-08-19,0.05294448375600726
1989-08-20,0.0
1989-08-21,0.0
1989-08-22,0.0
1989-08-23,0.0
1989-08-24,0.0
1989-08-25,0.0
1989-08-26,0.0
1989-08-27,0.0
1989-08-28,0.0
1989-08-29,0.0
1989-08-30,0.0
1989-08-31,0.0
1989-09-01,0.0
1989-09-02,0.0
1989-09-03,0.0
1989-09-04,0.0
1989-09-05,0.0
1989-09-06,0.0
1989-09-07,0.0
1989-09-08,0.0
1989-09-09,0.0
1989-09-10,0.0
1989-09-11,0.0
1989-09-12,0.0
1989-09-13,0.0
1989-09-14,0.0
1989-09-15,0.0
1989-09-16,0.0
1989-09-17,0.0
1989-09-18,0.0
1989-09-19,2.3825017690203265
1989-09-20,0.1985418140850272
1989-09-21,0.02726968502180037
1989-09-22,0.0
1989-09-23,0.0
1989-09-24,0.0
1989-09-25,0.0
1989-09-26,0.0
1989-09-27,0.0
1989-09-28,0.0
1989-09-29,0.0
1989-09-30,0.0
1989-10-01,0.0
1989-10-02,0.0
1989-10-03,0.0
1989-10-04,0.05453937004360074
1989-10-05,0.0
1989-10-06,0.0
1989-10-07,0.0
1989-10-08,0.0
1989-10-09,0.0
1989-10-10,0.0
1989-10-11,0.0
1989-10-12,0.0
1989-10-13,0.0
1989-10-14,0.0
1989-10-15,0.0
1989-10-16,0.0
1989-10-17,0.0
1989-10-18,0.0
1989-10-19,0.0
1989-10-20,0.0
1989-10-21,0.0
1989-10-22,0.0
1989-10-23,0.0
1989-10-24,0.0
1989-10-25,0.0
1989-10-26,0.0
1989-10-27,0.0
1989-10-28,0.0
1989-10-29,0.0
1989-10-30,0.0
1989-10-31,0.0
1989-11-01,0.0
1989-11-02,0.0
1989-11-03,0.0
1989-11-04,0.0
1989-11-05,0.0
1989-11-06,0.0
1989-11-07,0.0
1989-11-08,0.0
1989-11-09,0.28022340807133617
1989-11-10,0.0
1989-11-11,0.0
1989-11-12,0.0
1989-11-13,0.0
1989-11-14,0.0
1989-11-15,0.0
1989-11-16,0.0
1989-11-17,0.0
1989-11-18,0.0
1989-11-19,0.0
1989-11-20,0.0
1989-11-21,0.0
1989-11-22,0.0
1989-11-23,0.0
1989-11-24,0.0
1989-11-25,0.0
1989-11-26,0.8613964391107262
1989-11-27,0.0
1989-11-28,0.0
1989-11-29,0.0
1989-11-30,0.0
1989-12-01,0.0
1989-12-02,0.0
1989-12-03,0.0
1989-12-04,0.019345750722259435
1989-12-05,0.679448639251625
1989-12-06,0.0
1989-12-07,0.34782523654624664
1989-12-08,1.7707420511681105
1989-12-09,0.0
1989-12-10,0.0
1989-12-11,4.836437680564858
1989-12-12,0.0
1989-12-13,0.33090302347504535
1989-12-14,0.8229756656877412
1989-12-15,6.425836766731162
1989-12-16,1.411678780109208
1989-12-17,0.15452821512353543
1989-12-18,1.0949001868046855
1989-12-19,4.910343341157911
1989-12-20,0.886792690646194
1989-12-21,12.680343971495313
1989-12-22,14.268399610075177
1989-12-23,14.00150246833396
1989-12-24,8.45057479200413
1989-12-25,17.132268873653615
1989-12-26,25.091612861934273
1989-12-27,8.834547391551997
1989-12-28,2.1204454904829215
1989-12-29,0.7640282112486643
1989-12-30,0.0
1989-12-31,0.0908989500726679
1990-01-01,0.0
1990-01-02,0.0
1990-01-03,0.18231466730557086
1990-01-04,0.0
1990-01-05,0.0
1990-01-06,0.0
1990-01-07,0.0
1990-01-08,0.0
1990-01-09,1.4788714225576363
1990-01-10,0.0
1990-01-11,0.0
1990-01-12,0.0
1990-01-13,0.0
1990-01-14,0.0
1990-01-15,0.0
1990-01-16,0.0
1990-01-17,0.0
1990-01-18,0.0
1990-01-19,0.0
1990-01-20,0.0
1990-01-21,0.0
1990-01-22,0.024308622307409447
1990-01-23,0.0
1990-01-24,0.00486172446148189
1990-01-25,0.014585173384445668
1990-01-26,0.0
1990-01-27,0.0
1990-01-28,0.0
1990-01-29,0.0
1990-01-30,0.0012154311153704724
1990-01-31,0.3650267292366758
1990-02-01,0.0
1990-02-02,0.0
1990-02-03,0.0
1990-02-04,0.0
1990-02-05,0.4099620603553783
1990-02-06,0.0
1990-02-07,2.706225222171702
1990-02-08,3.3810426784715215
1990-02-09,20.335184822140036
1990-02-10,16.245026342581895
1990-02-11,3.333980447875946
1990-02-12,5.495324043383719
1990-02-13,0.417089255414925
1990-02-14,0.0
1990-02-15,2.5792911835857897
1990-02-16,6.149240929089264
1990-02-17,13.834556019866787
1990-02-18,1.4905320160696616
1990-02-19,8.800393179412612
1990-02-20,0.1458517338444567
1990-02-21,1.1465974132768875
1990-02-22,15.053399303652675
1990-02-23,15.596018891007883
1990-02-24,7.306752617726633
1990-02-25,7.932799490648654
1990-02-26,7.79692982364248
1990-02-27,11.998327699473904
1990-02-28,20.31637894183343
1990-03-01,6.310262617733397
1990-03-02,2.134926663153442
1990-03-03,2.11154043701435
1990-03-04,0.31230203140578505
1990-03-05,4.450100323899382
1990-03-06,0.5914131657271171
1990-03-07,0.9132223020985702
1990-03-08,0.0
1990-03-09,0.0
1990-03-10,0.0
1990-03-11,0.0
1990-03-12,0.013718202776484558
1990-03-13,0.07420076834235441
1990-03-14,0.14175476202367376
1990-03-15,0.019446897845927538
1990-03-16,0.0
1990-03-17,0.0
1990-03-18,0.18231466730557064
1990-03-19,0.0753567291529692
1990-03-20,0.2901802685242806
1990-03-21,4.894828673957804
1990-03-22,2.3794730950603116
1990-03-23,0.0
1990-03-24,4.0241136886523705
1990-03-25,1.8135420032050822
1990-03-26,0.01215431115370471
1990-03-27,0.0
1990-03-28,0.2875159947635588
1990-03-29,0.3892919146717097
1990-03-30,2.836120545908911
1990-03-31,7.4930686504498105
1990-04-01,3.0875627752825547
1990-04-02,1.330780953444159
1990-04-03,4.272518262806895
1990-04-04,9.907769702855912
1990-04-05,4.476928597507985
1990-04-06,1.0336072369477571
1990-04-07,9.095499366483331
1990-04-08,2.627621344885505
1990-04-09,3.548623681283847
1990-04-10,3.768990172330281
1990-04-11,1.6086830301463102
1990-04-12,0.0
1990-04-13,0.0
1990-04-14,0.0
1990-04-15,0.0
1990-04-16,0.7610185850821418
1990-04-17,0.18441202983630084
1990-04-18,0.051048106845559785
1990-04-19,2.045058604456673
1990-04-20,2.09982240476062
1990-04-21,3.6039572802082906
1990-04-22,0.6869448340862259
1990-04-23,0.9700298878387201
1990-04-24,4.04588662416912
1990-04-25,13.828797171762254
1990-04-26,3.402060982114664
1990-04-27,12.690833202876702
1990-04-28,15.814677136134334
1990-04-29,4.520055451268706
1990-04-30,5.816909914646911
1990-05-01,1.4328564963420534
1990-05-02,10.704490699056954
1990-05-03,6.279504511591241
1990-05-04,0.012154311153704706
1990-05-05,0.48013709717695935
1990-05-06,0.0
1990-05-07,0.0
1990-05-08,0.0
1990-05-09,0.0
1990-05-10,0.0
1990-05-11,0.0
1990-05-12,0.03646293346111412
1990-05-13,0.0
1990-05-14,0.2649639831507626
1990-05-15,0.38132199368229247
1990-05-16,1.6461907364923607
1990-05-17,0.0
1990-05-18,0.0
1990-05-19,1.118078346423757
1990-05-20,0.0
1990-05-21,0.27951958660593923
1990-05-22,0.2623075157894487
1990-05-23,0.0
1990-05-24,0.0
1990-05-25,0.0
1990-05-26,0.0
1990-05-27,0.0
1990-05-28,6.707661671322153
1990-05-29,0.21016755605350268
1990-05-30,0.0
1990-05-31,0.4003732847171556
1990-06-01,0.0
1990-06-02,0.014585173384445647
1990-06-03,1.6052644259336075
1990-06-04,0.5579103085256529
1990-06-05,0.0
1990-06-06,0.0
1990-06-07,0.3376686914962175
1990-06-08,0.9252637830986687
1990-06-09,0.0
1990-06-10,0.07535672915296918
1990-06-11,0.0
1990-06-12,0.0
1990-06-13,0.0
1990-06-14,0.0
1990-06-15,0.0
1990-06-16,0.0
1990-06-17,0.0
1990-06-18,0.0
1990-06-19,0.0
1990-06-20,0.0
1990-06-21,0.0
1990-06-22,0.0
1990-06-23,0.0
1990-06-24,0.0
1990-06-25,0.0
1990-06-26,0.0
1990-06-27,0.0
1990-06-28,0.0
1990-06-29,0.0
1990-06-30,0.0
1990-07-01,0.0
1990-07-02,0.0
1990-07-03,9.789861839332406
1990-07-04,2.2910435595052907
1990-07-05,0.14011170403566844
1990-07-06,4.172891872579035
1990-07-07,0.5241131619306532
1990-07-08,0.34778819979994147
1990-07-09,0.0
1990-07-10,0.0
1990-07-11,0.0
1990-07-12,0.0
1990-07-13,0.0
1990-07-14,0.0
1990-07-15,0.0
1990-07-16,0.0
1990-07-17,0.0
1990-07-18,0.009723448922963783
1990-07-19,0.0
1990-07-20,0.6557687894736218
1990-07-21,0.0
1990-07-22,0.24519548206241978
1990-07-23,0.0
1990-07-24,0.0
1990-07-25,0.0
1990-07-26,0.04861724461481891
1990-07-27,0.0
1990-07-28,0.0
1990-07-29,1.1866910497410716
1990-07-30,0.0
1990-07-31,0.0
1990-08-01,0.004861724461481891
1990-08-02,0.0
1990-08-03,0.0
1990-08-04,0.0
1990-08-05,0.0
1990-08-06,0.0
1990-08-07,0.0
1990-08-08,0.0
1990-08-09,0.0
1990-08-10,0.004861724461481891
1990-08-11,0.0
1990-08-12,0.0
1990-08-13,0.012154311153704727
1990-08-14,0.0
1990-08-15,0.0
1990-08-16,0.0
1990-08-17,0.0
1990-08-18,0.0
1990-08-19,0.0
1990-08-20,0.0
1990-08-21,0.0
1990-08-22,0.0
1990-08-23,0.0
1990-08-24,0.0
1990-08-25,0.08751104030667403
1990-08-26,0.0
1990-08-27,0.004861724461481891
1990-08-28,0.0
1990-08-29,0.0
1990-08-30,0.0024308622307409457
1990-08-31,0.0
1990-09-01,0.0
1990-09-02,0.0
1990-09-03,0.0
1990-09-04,0.0
1990-09-05,0.0
1990-09-06,0.0
1990-09-07,0.0
1990-09-08,0.0
1990-09-09,0.0
1990-09-10,0.002430862230740948
1990-09-11,0.01215431115370474
1990-09-12,0.0
1990-09-13,0.01215431115370474
1990-09-14,0.0
1990-09-15,0.0
1990-09-16,0.0
1990-09-17,0.0
1990-09-18,0.0
1990-09-19,0.0
1990-09-20,0.0
1990-09-21,0.0
1990-09-22,0.0
1990-09-23,0.002430862230740948
1990-09-24,0.0
1990-09-25,1.7698435596748943
1990-09-26,6.535059358341734
1990-09-27,1.7698435596748943
1990-09-28,0.5709528903751377
1990-09-29,0.0
1990-09-30,0.0
1990-10-01,0.0
1990-10-02,0.0
1990-10-03,0.4903909641248401
1990-10-04,0.0
1990-10-05,0.0
1990-10-06,0.0
1990-10-07,0.0
1990-10-08,0.0
1990-10-09,0.0
1990-10-10,0.0
1990-10-11,0.0
1990-10-12,0.0
1990-10-13,0.0
1990-10-14,0.0
1990-10-15,0.0
1990-10-16,0.0
1990-10-17,0.0
1990-10-18,0.0
1990-10-19,0.0
1990-10-20,0.0
1990-10-21,0.0
1990-10-22,0.0072925866922228435
1990-10-23,0.0
1990-10-24,0.0
1990-10-25,0.0
1990-10-26,0.0
1990-10-27,0.0
1990-10-28,0.009723448922963791
1990-10-29,0.0
1990-10-30,0.0
1990-10-31,0.0
1990-11-01,0.0
1990-11-02,0.0
1990-11-03,0.0
1990-11-04,0.0
1990-11-05,0.0
1990-11-06,0.0
1990-11-07,0.0
1990-11-08,0.0
1990-11-09,0.0
1990-11-10,0.0
1990-11-11,0.0
1990-11-12,0.0
1990-11-13,0.0
1990-11-14,0.0
1990-11-15,0.0
1990-11-16,0.0
1990-11-17,0.0
1990-11-18,0.0
1990-11-19,0.0
1990-11-20,0.8790304072156087
1990-11-21,6.093582973995825
1990-11-22,1.9064354912725037
1990-11-23,0.4904521433372905
1990-11-24,1.1349045466490808
1990-11-25,0.0
1990-11-26,0.0
1990-11-27,0.0
1990-11-28,0.012154311153704727
1990-11-29,0.0
1990-11-30,0.0
1990-12-01,0.0
1990-12-02,0.0
1990-12-03,0.0024308622307409457
1990-12-04,0.0
1990-12-05,0.0
1990-12-06,2.9121221582220866
1990-12-07,0.0
1990-12-08,0.0
1990-12-09,0.0
1990-12-10,0.0
1990-12-11,0.0
1990-12-12,0.0
1990-12-13,0.0
1990-12-14,0.0
1990-12-15,0.0024308622307409457
1990-12-16,0.019446897845927565
1990-12-17,0.014585173384445671
1990-12-18,0.007292586692222836
1990-12-19,0.0
1990-12-20,0.0
1990-12-21,0.0
1990-12-22,0.007292586692222836
1990-12-23,0.03646293346111418
1990-12-24,0.0
1990-12-25,0.0
1990-12-26,0.0
1990-12-27,0.0
1990-12-28,0.0
1990-12-29,0.0
1990-12-30,0.0
1990-12-31,0.0
1991-01-01,0.23818989686063635
1991-01-02,0.7869225473683461
1991-01-03,1.3992282781193328
1991-01-04,0.051048106845559854
1991-01-05,0.0
1991-01-06,0.0
1991-01-07,6.310628205917842
1991-01-08,23.47946851502906
1991-01-09,0.12154311153704728
1991-01-10,0.0
1991-01-11,0.0
1991-01-12,0.670917975684501
1991-01-13,0.024308622307409454
1991-01-14,2.227485671736803
1991-01-15,0.1644203263430779
1991-01-16,1.8985135896833074
1991-01-17,2.88987399166723
1991-01-18,12.215418822457329
1991-01-19,13.996570166947647
1991-01-20,5.360230641209644
1991-01-21,16.010566301614425
1991-01-22,7.320330895823021
1991-01-23,7.220941931143039
1991-01-24,6.3996971200626085
1991-01-25,2.0570950679598474
1991-01-26,0.8518989222625715
1991-01-27,0.0
1991-01-28,0.0
1991-01-29,1.2306425701018522
1991-01-30,0.41035667719942376
1991-01-31,6.647556554659446
1991-02-01,19.784736625629158
1991-02-02,0.5821566913607376
1991-02-03,0.0
1991-02-04,4.371079390423598
1991-02-05,5.710714443559056
1991-02-06,1.0603068669596611
1991-02-07,4.171081537198473
1991-02-08,4.270076329300639
1991-02-09,0.3642904304927368
1991-02-10,0.0
1991-02-11,0.0
1991-02-12,0.0
1991-02-13,0.21877760076668473
1991-02-14,0.4537328913240268
1991-02-15,5.683596633784432
1991-02-16,24.72017574915077
1991-02-17,3.538804975589235
1991-02-18,30.852964365656867
1991-02-19,17.467506512280043
1991-02-20,1.6211797309128013
1991-02-21,0.07292586692222824
1991-02-22,0.0
1991-02-23,0.0
1991-02-24,3.612110973297935
1991-02-25,1.4259316191797575
1991-02-26,3.414861103252
1991-02-27,0.14009181691352526
1991-02-28,0.0
1991-03-01,0.24519548206241978
1991-03-02,0.0
1991-03-03,1.2196252330474637
1991-03-04,4.580643211869498
1991-03-05,2.2928685824535684
1991-03-06,1.5799267831089654
1991-03-07,0.0
1991-03-08,0.0
1991-03-09,11.228023808899701
1991-03-10,3.672712763440711
1991-03-11,2.29646259555569
1991-03-12,0.28141039968176695
1991-03-13,11.443440576583928
1991-03-14,5.656933758853581
1991-03-15,20.77694954395447
1991-03-16,16.90836353152947
1991-03-17,3.938132969850139
1991-03-18,4.029035040677732
1991-03-19,13.995669290018476
1991-03-20,0.03646293346111418
1991-03-21,0.0
1991-03-22,0.0
1991-03-23,2.229613884210314
1991-03-24,9.854126903827328
1991-03-25,12.017942047136714
1991-03-26,0.012154311153704727
1991-03-27,2.483155439767173
1991-03-28,25.209632652840135
1991-03-29,34.667680296865214
1991-03-30,18.97063622521857
1991-03-31,4.252980523385536
1991-04-01,1.7694026741488302
1991-04-02,1.1550467728976002
1991-04-03,3.657563060950283
1991-04-04,6.246661978692161
1991-04-05,2.9772603960096324
1991-04-06,0.05469440019167118
1991-04-07,0.0
1991-04-08,0.04254008903796648
1991-04-09,3.03474877853987
1991-04-10,0.012154311153704708
1991-04-11,0.6166835704214312
1991-04-12,1.3183390940180013
1991-04-13,0.0
1991-04-14,1.6066914430710793
1991-04-15,0.07292586692222824
1991-04-16,0.738956118266257
1991-04-17,0.0
1991-04-18,0.0
1991-04-19,4.726101588507467
1991-04-20,3.862133131260464
1991-04-21,2.9482675387930497
1991-04-22,14.619538975170308
1991-04-23,4.030076569188321
1991-04-24,1.4414347960585367
1991-04-25,6.745406322858653
1991-04-26,2.127082867708875
1991-04-27,0.11865320951051009
1991-04-28,9.103624628821636
1991-04-29,2.471633852990259
1991-04-30,10.182489131841404
1991-05-01,1.0533584144260701
1991-05-02,5.493444199528219
1991-05-03,2.927474796073738
1991-05-04,0.8664123111909298
1991-05-05,1.21656433976237
1991-05-06,11.186392951998148
1991-05-07,1.287763604100181
1991-05-08,0.024308622307409416
1991-05-09,0.0
1991-05-10,0.07003596489569126
1991-05-11,0.0
1991-05-12,0.0
1991-05-13,0.0
1991-05-14,0.0
1991-05-15,12.55092691462698
1991-05-16,0.13381636330026314
1991-05-17,0.0
1991-05-18,0.0
1991-05-19,0.105083778026751
1991-05-20,4.449522666119666
1991-05-21,0.024308622307409416
1991-05-22,0.0
1991-05-23,0.0
1991-05-24,0.7765127305732852
1991-05-25,16.23510667427091
1991-05-26,0.15367119195835574
1991-05-27,2.033486163724505
1991-05-28,0.0
1991-05-29,0.0
1991-05-30,0.0
1991-05-31,0.0
1991-06-01,0.014585173384445647
1991-06-02,2.5156134429422465
1991-06-03,0.0
1991-06-04,0.0
1991-06-05,0.0
1991-06-06,0.012154311153704706
1991-06-07,0.07292586692222824
1991-06-08,1.7771827901598307
1991-06-09,0.0
1991-06-10,0.0
1991-06-11,0.0
1991-06-12,0.0
1991-06-13,0.0
1991-06-14,0.0
1991-06-15,0.0
1991-06-16,0.0
1991-06-17,0.0
1991-06-18,0.0
1991-06-19,0.0
1991-06-20,0.3058520505316216
1991-06-21,0.03889379569185506
1991-06-22,0.012154311153704706
1991-06-23,0.0
1991-06-24,1.5886014857367037
1991-06-25,0.0
1991-06-26,0.0
1991-06-27,0.21441232406547292
1991-06-28,0.03646293346111412
1991-06-29,0.0
1991-06-30,0.0
1991-07-01,0.0
1991-07-02,0.0
1991-07-03,0.0
1991-07-04,0.0
1991-07-05,0.0
1991-07-06,0.0
1991-07-07,0.0
1991-07-08,0.0
1991-07-09,0.0
1991-07-10,0.0
1991-07-11,0.0
1991-07-12,0.0
1991-07-13,0.0
1991-07-14,0.03646293346111412
1991-07-15,0.41635402077051287
1991-07-16,0.0
1991-07-17,0.0
1991-07-18,0.0
1991-07-19,0.0
1991-07-20,0.0
1991-07-21,0.0
1991-07-22,0.0
1991-07-23,0.0
1991-07-24,0.0
1991-07-25,0.0
1991-07-26,0.0
1991-07-27,0.0
1991-07-28,0.0
1991-07-29,0.0
1991-07-30,0.0
1991-07-31,0.012154311153704706
1991-08-01,0.0
1991-08-02,0.0
1991-08-03,0.0
1991-08-04,0.0
1991-08-05,0.0
1991-08-06,0.012154311153704706
1991-08-07,0.0
1991-08-08,0.0
1991-08-09,0.0
1991-08-10,0.0
1991-08-11,0.0
1991-08-12,0.0
1991-08-13,0.0
1991-08-14,0.0
1991-08-15,0.0
1991-08-16,0.0
1991-08-17,0.026739484538150355
1991-08-18,0.0
1991-08-19,0.0
1991-08-20,0.0
1991-08-21,0.0
1991-08-22,0.0
1991-08-23,0.0
1991-08-24,0.0
1991-08-25,0.0
1991-08-26,0.0
1991-08-27,0.0
1991-08-28,0.0
1991-08-29,0.0
1991-08-30,0.0
1991-08-31,0.0
1991-09-01,0.0
1991-09-02,0.0
1991-09-03,0.0
1991-09-04,0.0
1991-09-05,0.0
1991-09-06,0.0
1991-09-07,0.0
1991-09-08,0.0
1991-09-09,0.0
1991-09-10,0.0
1991-09-11,0.0
1991-09-12,0.0
1991-09-13,0.0
1991-09-14,0.0
1991-09-15,0.0
1991-09-16,0.0
1991-09-17,0.0
1991-09-18,0.0
1991-09-19,0.0
1991-09-20,0.0
1991-09-21,0.0
1991-09-22,0.0
1991-09-23,0.0
1991-09-24,0.0
1991-09-25,0.0
1991-09-26,0.0
1991-09-27,0.0
1991-09-28,0.0
1991-09-29,0.0
1991-09-30,0.0
1991-10-01,0.0
1991-10-02,0.0
1991-10-03,0.0
1991-10-04,0.0
1991-10-05,0.0
1991-10-06,0.0
1991-10-07,0.0
1991-10-08,0.0
1991-10-09,0.03646293346111422
1991-10-10,0.0
1991-10-11,0.0
1991-10-12,0.0
1991-10-13,0.0
1991-10-14,0.0
1991-10-15,0.0
1991-10-16,0.0
1991-10-17,0.0
1991-10-18,0.0
1991-10-19,0.0
1991-10-20,0.0
1991-10-21,0.0
1991-10-22,0.0
1991-10-23,0.02430862230740948
1991-10-24,0.05469440019167133
1991-10-25,0.02430862230740948
1991-10-26,0.0
1991-10-27,0.0
1991-10-28,0.00607715557685237
1991-10-29,0.0
1991-10-30,0.0
1991-10-31,0.01215431115370474
1991-11-01,0.0
1991-11-02,0.0
1991-11-03,0.03038577788426182
1991-11-04,0.0
1991-11-05,0.0
1991-11-06,0.0
1991-11-07,0.0
1991-11-08,0.0
1991-11-09,0.0
1991-11-10,0.0
1991-11-11,0.0
1991-11-12,0.0
1991-11-13,0.0
1991-11-14,0.0
1991-11-15,0.0
1991-11-16,0.0
1991-11-17,0.0
1991-11-18,0.0
1991-11-19,0.73878281120002
1991-11-20,0.0
1991-11-21,0.0
1991-11-22,0.0
1991-11-23,0.0
1991-11-24,0.0
1991-11-25,0.0060771555768523635
1991-11-26,0.0
1991-11-27,0.0
1991-11-28,0.0
1991-11-29,0.0
1991-11-30,0.0
1991-12-01,0.0
1991-12-02,0.0
1991-12-03,0.0
1991-12-04,0.0
1991-12-05,0.0
1991-12-06,0.0
1991-12-07,0.0
1991-12-08,0.0
1991-12-09,0.0
1991-12-10,0.0
1991-12-11,0.0
1991-12-12,0.0
1991-12-13,0.0
1991-12-14,0.0
1991-12-15,0.0
1991-12-16,0.0
1991-12-17,0.0
1991-12-18,0.0
1991-12-19,0.0
1991-12-20,0.0
1991-12-21,0.0
1991-12-22,0.0
1991-12-23,0.0
1991-12-24,0.0
1991-12-25,0.0
1991-12-26,0.0
1991-12-27,0.0
1991-12-28,0.0
1991-12-29,0.0
1991-12-30,0.0
1991-12-31,0.0
1992-01-01,0.0
1992-01-02,0.0
1992-01-03,0.0
1992-01-04,0.0
1992-01-05,0.0
1992-01-06,0.0
1992-01-07,0.0
1992-01-08,0.0
1992-01-09,0.0
1992-01-10,0.0
1992-01-11,0.0
1992-01-12,0.0
1992-01-13,0.0
1992-01-14,0.0
1992-01-15,0.0
1992-01-16,0.0
1992-01-17,0.0
1992-01-18,0.291703467688913
1992-01-19,0.09625389774146667
1992-01-20,0.0
1992-01-21,1.2574737969468623
1992-01-22,0.012154311153704708
1992-01-23,0.0
1992-01-24,3.4410164335519755
1992-01-25,3.7429581811518333
1992-01-26,30.067135342329973
1992-01-27,5.5150314853565
1992-01-28,7.884652191257139
1992-01-29,8.076753779019532
1992-01-30,39.52289855335974
1992-01-31,4.450991045532809
1992-02-01,0.0
1992-02-02,0.0
1992-02-03,1.9862691739128104
1992-02-04,0.0
1992-02-05,0.0
1992-02-06,0.0
1992-02-07,2.88136779513101
1992-02-08,0.23405184721294603
1992-02-09,0.0
1992-02-10,0.1111055945428381
1992-02-11,0.8448402022495177
1992-02-12,19.667351621559916
1992-02-13,6.446907515836038
1992-02-14,6.067798240184052
1992-02-15,2.8965765933990446
1992-02-16,5.94493319104792
1992-02-17,0.0
1992-02-18,17.46632287359192
1992-02-19,5.228060913572835
1992-02-20,10.823545256529165
1992-02-21,15.104381325518805
1992-02-22,2.6484415740213665
1992-02-23,0.5634749727158459
1992-02-24,0.5923171282228156
1992-02-25,0.0
1992-02-26,1.1428918750907824
1992-02-27,0.24914626274852458
1992-02-28,0.0
1992-02-29,0.0
1992-03-01,0.5604468161426723
1992-03-02,0.048617244614818866
1992-03-03,2.9659791126687827
1992-03-04,0.0
1992-03-05,2.1172430383392564
1992-03-06,0.0
1992-03-07,0.018231466730557075
1992-03-08,9.001939610193212
1992-03-09,6.867812938500781
1992-03-10,0.8871244531749336
1992-03-11,0.0
1992-03-12,0.7572350485021156
1992-03-13,0.40704465146262225
1992-03-14,0.9939295079357707
1992-03-15,0.7640868593039066
1992-03-16,5.984906395641458
1992-03-17,1.7956132353344576
1992-03-18,3.7704812598887196
1992-03-19,0.0
1992-03-20,0.5040957833401334
1992-03-21,0.0
1992-03-22,5.405942116745918
1992-03-23,1.899474060322833
1992-03-24,0.08508017807593302
1992-03-25,8.846385534108745
1992-03-26,8.944668662052138
1992-03-27,2.588713732418993
1992-03-28,0.04254008903796651
1992-03-29,20.163225095216376
1992-03-30,0.03116576170740089
1992-03-31,4.063980756248409
1992-04-01,6.007477034241382
1992-04-02,6.7446935506186625
1992-04-03,12.140942807058947
1992-04-04,15.068733269865334
1992-04-05,1.7096611725507733
1992-04-06,6.236238876100284
1992-04-07,2.9368513236979137
1992-04-08,0.6835731332396247
1992-04-09,0.0
1992-04-10,0.048617244614818866
1992-04-11,0.17045770767564444
1992-04-12,0.22102664147477857
1992-04-13,0.19618085733491603
1992-04-14,0.08350374849417358
1992-04-15,4.543395862969123
1992-04-16,0.11101613973530652
1992-04-17,0.024308622307409433
1992-04-18,0.0
1992-04-19,0.0
1992-04-20,0.08264931584519207
1992-04-21,0.0
1992-04-22,0.024308622307409433
1992-04-23,0.0024308622307409435
1992-04-24,0.0
1992-04-25,0.0
1992-04-26,0.0
1992-04-27,0.0
1992-04-28,0.0
1992-04-29,0.0
1992-04-30,0.0
1992-05-01,0.0
1992-05-02,0.0
1992-05-03,0.0
1992-05-04,0.0
1992-05-05,0.07292586692222824
1992-05-06,0.13698422435931298
1992-05-07,0.012154311153704706
1992-05-08,0.0
1992-05-09,0.034032071230373176
1992-05-10,0.0
1992-05-11,0.0
1992-05-12,0.0
1992-05-13,0.0
1992-05-14,0.0
1992-05-15,0.0
1992-05-16,0.0
1992-05-17,0.0
1992-05-18,0.0
1992-05-19,0.0
1992-05-20,0.0
1992-05-21,0.0
1992-05-22,0.0
1992-05-23,0.0
1992-05-24,0.0
1992-05-25,0.0
1992-05-26,0.0
1992-05-27,0.0
1992-05-28,0.0
1992-05-29,0.030385777884261764
1992-05-30,0.0
1992-05-31,0.0
1992-06-01,0.0
1992-06-02,3.7719406271578206
1992-06-03,0.0
1992-06-04,0.14011170403566844
1992-06-05,0.0
1992-06-06,0.0
1992-06-07,0.0
1992-06-08,0.0
1992-06-09,0.0
1992-06-10,0.0
1992-06-11,0.0
1992-06-12,0.0
1992-06-13,0.0
1992-06-14,0.0
1992-06-15,0.0
1992-06-16,0.0
1992-06-17,0.0
1992-06-18,0.0
1992-06-19,0.4123254339392034
1992-06-20,0.0
1992-06-21,0.0
1992-06-22,0.0
1992-06-23,0.0
1992-06-24,0.0
1992-06-25,0.0
1992-06-26,4.724405544470825
1992-06-27,0.0
1992-06-28,0.0
1992-06-29,0.10508377802675134
1992-06-30,0.0
1992-07-01,0.0
1992-07-02,0.0
1992-07-03,0.0
1992-07-04,0.0
1992-07-05,0.0
1992-07-06,0.01823146673055709
1992-07-07,0.0
1992-07-08,0.0
1992-07-09,0.0
1992-07-10,0.0
1992-07-11,0.0
1992-07-12,0.0
1992-07-13,2.174240239106323
1992-07-14,0.0
1992-07-15,0.0
1992-07-16,0.0
1992-07-17,0.0
1992-07-18,0.0
1992-07-19,0.0
1992-07-20,0.0
1992-07-21,0.0
1992-07-22,0.0
1992-07-23,0.0
1992-07-24,0.0
1992-07-25,0.0
1992-07-26,0.0
1992-07-27,0.0
1992-07-28,0.0
1992-07-29,0.0
1992-07-30,0.0
1992-07-31,0.0
1992-08-01,0.0
1992-08-02,0.0
1992-08-03,0.0
1992-08-04,0.0
1992-08-05,0.0
1992-08-06,0.0
1992-08-07,0.012154311153704727
1992-08-08,0.0
1992-08-09,0.0
1992-08-10,0.0
1992-08-11,0.0
1992-08-12,0.0
1992-08-13,0.0
1992-08-14,0.012154311153704727
1992-08-15,0.0024308622307409457
1992-08-16,0.0
1992-08-17,0.0
1992-08-18,0.0
1992-08-19,0.0
1992-08-20,0.0
1992-08-21,0.0
1992-08-22,0.0
1992-08-23,0.0
1992-08-24,0.0
1992-08-25,0.0
1992-08-26,0.0
1992-08-27,0.0
1992-08-28,0.0
1992-08-29,0.0
1992-08-30,0.0
1992-08-31,0.0
1992-09-01,0.0
1992-09-02,0.0
1992-09-03,0.0
1992-09-04,0.0
1992-09-05,0.0
1992-09-06,0.0
1992-09-07,0.0
1992-09-08,0.0
1992-09-09,0.0
1992-09-10,0.021877760076668508
1992-09-11,0.0
1992-09-12,0.0
1992-09-13,0.0
1992-09-14,0.0
1992-09-15,0.0
1992-09-16,0.0
1992-09-17,0.0
1992-09-18,0.0
1992-09-19,0.0
1992-09-20,0.0
1992-09-21,0.0
1992-09-22,0.0
1992-09-23,0.0
1992-09-24,0.0
1992-09-25,0.0
1992-09-26,0.0
1992-09-27,0.0
1992-09-28,0.0
1992-09-29,0.0
1992-09-30,0.0
1992-10-01,0.0
1992-10-02,0.0
1992-10-03,0.0
1992-10-04,0.0
1992-10-05,0.0
1992-10-06,0.0
1992-10-07,0.0
1992-10-08,0.0
1992-10-09,0.0
1992-10-10,0.0
1992-10-11,0.0
1992-10-12,0.0
1992-10-13,0.0
1992-10-14,0.0
1992-10-15,0.0
1992-10-16,0.0
1992-10-17,0.0
1992-10-18,0.0
1992-10-19,0.0
1992-10-20,0.0
1992-10-21,0.0
1992-10-22,0.0
1992-10-23,0.0
1992-10-24,0.0
1992-10-25,0.0
1992-10-26,0.0
1992-10-27,0.03889379569185513
1992-10-28,0.0
1992-10-29,0.0
1992-10-30,0.0
1992-10-31,0.0
1992-11-01,0.0
1992-11-02,0.0
1992-11-03,0.0
1992-11-04,0.0
1992-11-05,0.0
1992-11-06,0.0
1992-11-07,0.0
1992-11-08,0.0
1992-11-09,0.0
1992-11-10,0.0
1992-11-11,0.0
1992-11-12,0.0
1992-11-13,0.0
1992-11-14,0.0
1992-11-15,0.0
1992-11-16,0.0
1992-11-17,0.0
1992-11-18,0.0
1992-11-19,0.0
1992-11-20,0.0
1992-11-21,0.0
1992-11-22,0.0
1992-11-23,0.0
1992-11-24,0.0
1992-11-25,0.0
1992-11-26,0.0
1992-11-27,0.0
1992-11-28,0.0
1992-11-29,0.0
1992-11-30,0.0
1992-12-01,0.0
1992-12-02,0.0
1992-12-03,0.0
1992-12-04,0.0
1992-12-05,0.0
1992-12-06,0.0
1992-12-07,0.0
1992-12-08,0.0
1992-12-09,0.0
1992-12-10,0.7606917957894013
1992-12-11,0.0
1992-12-12,0.0
1992-12-13,0.0
1992-12-14,0.0
1992-12-15,0.04254008903796654
1992-12-16,0.0
1992-12-17,0.0
1992-12-18,0.0
1992-12-19,0.0
1992-12-20,0.0
1992-12-21,0.0
1992-12-22,0.0
1992-12-23,0.0
1992-12-24,0.0
1992-12-25,0.0
1992-12-26,0.0
1992-12-27,0.0
1992-12-28,0.0
1992-12-29,0.0
1992-12-30,0.0
1992-12-31,0.0
1993-01-01,0.0
1993-01-02,0.0
1993-01-03,0.0
1993-01-04,0.0
1993-01-05,0.02309319119203894
1993-01-06,0.0
1993-01-07,0.0
1993-01-08,0.0
1993-01-09,0.01944689784592753
1993-01-10,0.6180163226422092
1993-01-11,1.1909494843031796
1993-01-12,0.0
1993-01-13,0.0
1993-01-14,0.0
1993-01-15,0.0
1993-01-16,0.0
1993-01-17,1.7323824597648503
1993-01-18,10.483008593460616
1993-01-19,1.563186044345396
1993-01-20,0.0
1993-01-21,0.0
1993-01-22,0.0
1993-01-23,0.0
1993-01-24,0.0
1993-01-25,0.0
1993-01-26,0.0
1993-01-27,0.0
1993-01-28,0.0
1993-01-29,0.0
1993-01-30,0.0
1993-01-31,0.0
1993-02-01,0.4777696679309494
1993-02-02,0.4734280817470591
1993-02-03,0.0
1993-02-04,0.0
1993-02-05,0.0
1993-02-06,0.0
1993-02-07,0.46186382384077884
1993-02-08,0.0
1993-02-09,0.0
1993-02-10,0.0
1993-02-11,0.0
1993-02-12,0.0
1993-02-13,4.608500272020893
1993-02-14,16.545690548347025
1993-02-15,4.328214429564202
1993-02-16,4.539688488171526
1993-02-17,0.5054152901829375
1993-02-18,0.09723448922963765
1993-02-19,1.2411118734966715
1993-02-20,1.5620732821805823
1993-02-21,0.0
1993-02-22,0.0024308622307409413
1993-02-23,0.45338135256643597
1993-02-24,1.9744914333086907
1993-02-25,0.3497373774472308
1993-02-26,0.685971802685816
1993-02-27,0.0
1993-02-28,0.0704950046914873
1993-03-01,0.3502792600891705
1993-03-02,8.660989237607051
1993-03-03,1.7402092669187106
1993-03-04,2.598250824858189
1993-03-05,3.4629411041819598
1993-03-06,0.0
1993-03-07,0.0
1993-03-08,0.0
1993-03-09,0.0
1993-03-10,0.0
1993-03-11,0.0
1993-03-12,0.2498124124623077
1993-03-13,0.0
1993-03-14,0.0
1993-03-15,0.0
1993-03-16,0.0
1993-03-17,2.4706858763130093
1993-03-18,0.0
1993-03-19,0.0
1993-03-20,2.9070005095871423
1993-03-21,0.2802234080713364
1993-03-22,0.78265484249663
1993-03-23,0.8553453177923798
1993-03-24,0.0
1993-03-25,0.22360941047761385
1993-03-26,10.630057792094334
1993-03-27,5.006366705798339
1993-03-28,2.2836276729511464
1993-03-29,8.18446811897547
1993-03-30,18.878772683509393
1993-03-31,3.8306905890532756
1993-04-01,2.638661030229232
1993-04-02,1.3816032798508229
1993-04-03,3.5798431535370607
1993-04-04,8.233385581414176
1993-04-05,0.0
1993-04-06,0.03889379569185506
1993-04-07,0.0
1993-04-08,0.0
1993-04-09,0.048617244614818825
1993-04-10,0.14828259607519742
1993-04-11,0.0
1993-04-12,0.0
1993-04-13,0.0
1993-04-14,0.0
1993-04-15,0.0
1993-04-16,0.0012154311153704707
1993-04-17,0.3354235039271271
1993-04-18,3.780898011395233
1993-04-19,9.66343370558059
1993-04-20,7.616198098353561
1993-04-21,1.5920493111633203
1993-04-22,11.842003364760037
1993-04-23,1.405269911530059
1993-04-24,0.0
1993-04-25,0.0
1993-04-26,1.435626648270428
1993-04-27,5.8585602960426355
1993-04-28,0.276190022216092
1993-04-29,0.9358715451400121
1993-04-30,0.7652044808864191
1993-05-01,0.3401860959262444
1993-05-02,13.048046387499873
1993-05-03,12.926953712912809
1993-05-04,1.480838725239136
1993-05-05,0.12554469067069404
1993-05-06,0.0
1993-05-07,0.0
1993-05-08,0.0
1993-05-09,0.0
1993-05-10,0.0
1993-05-11,0.0
1993-05-12,0.0
1993-05-13,0.004861724461481883
1993-05-14,0.014585173384445647
1993-05-15,0.0
1993-05-16,0.0
1993-05-17,0.0024308622307409413
1993-05-18,1.0068448779309715
1993-05-19,0.0
1993-05-20,0.0
1993-05-21,0.0
1993-05-22,4.529105394710943
1993-05-23,12.391703126376122
1993-05-24,0.0
1993-05-25,0.0
1993-05-26,0.0
1993-05-27,1.7185800502614863
1993-05-28,0.0
1993-05-29,0.0
1993-05-30,0.0
1993-05-31,0.0
1993-06-01,0.0
1993-06-02,0.0
1993-06-03,0.0
1993-06-04,0.0
1993-06-05,0.0
1993-06-06,0.0
1993-06-07,0.0
1993-06-08,0.0
1993-06-09,0.0
1993-06-10,0.03646293346111412
1993-06-11,4.420586572839094
1993-06-12,0.0
1993-06-13,0.0
1993-06-14,0.0
1993-06-15,0.08062638442661611
1993-06-16,0.0
1993-06-17,0.0
1993-06-18,0.0
1993-06-19,0.0
1993-06-20,0.0
1993-06-21,0.0
1993-06-22,0.0072925866922228235
1993-06-23,0.0
1993-06-24,0.0
1993-06-25,0.0
1993-06-26,0.0
1993-06-27,0.0072925866922228235
1993-06-28,0.0
1993-06-29,0.0
1993-06-30,0.0
1993-07-01,0.0
1993-07-02,0.0
1993-07-03,0.0
1993-07-04,0.0
1993-07-05,0.0
1993-07-06,0.0
1993-07-07,0.0
1993-07-08,0.0
1993-07-09,0.0
1993-07-10,1.2185877667295122
1993-07-11,1.1323569304171854
1993-07-12,0.0
1993-07-13,14.184401386335603
1993-07-14,0.7008093834410443
1993-07-15,0.06277234533534702
1993-07-16,0.0
1993-07-17,0.0
1993-07-18,0.0
1993-07-19,0.0
1993-07-20,0.0
1993-07-21,0.0
1993-07-22,0.0
1993-07-23,0.0
1993-07-24,0.0
1993-07-25,0.0
1993-07-26,0.0
1993-07-27,0.0
1993-07-28,0.0
1993-07-29,0.0
1993-07-30,0.0
1993-07-31,0.0
1993-08-01,0.0
1993-08-02,0.0
1993-08-03,0.0
1993-08-04,0.0
1993-08-05,0.0
1993-08-06,0.0
1993-08-07,0.0
1993-08-08,0.0
1993-08-09,0.0
1993-08-10,0.0
1993-08-11,0.0
1993-08-12,0.0
1993-08-13,0.0
1993-08-14,0.0
1993-08-15,0.0
1993-08-16,0.0
1993-08-17,0.0
1993-08-18,0.0
1993-08-19,0.0
1993-08-20,0.0
1993-08-21,0.0
1993-08-22,0.0
1993-08-23,0.0
1993-08-24,0.0
1993-08-25,0.0
1993-08-26,0.0
1993-08-27,0.0
1993-08-28,0.0
1993-08-29,0.0
1993-08-30,0.0
1993-08-31,0.0
1993-09-01,0.0
1993-09-02,0.0
1993-09-03,0.0
1993-09-04,0.0
1993-09-05,0.0
1993-09-06,0.0
1993-09-07,0.0
1993-09-08,0.0
1993-09-09,0.0
1993-09-10,0.0
1993-09-11,0.0
1993-09-12,0.0
1993-09-13,0.0
1993-09-14,0.0
1993-09-15,0.0
1993-09-16,0.0
1993-09-17,0.0
1993-09-18,0.0
1993-09-19,0.0
1993-09-20,0.0
1993-09-21,0.0
1993-09-22,0.0
1993-09-23,0.0
1993-09-24,0.0
1993-09-25,0.0
1993-09-26,0.0
1993-09-27,0.0
1993-09-28,0.3152513340802534
1993-09-29,0.6375877863384766
1993-09-30,0.0
1993-10-01,0.0
1993-10-02,0.0
1993-10-03,0.0
1993-10-04,0.0
1993-10-05,0.0
1993-10-06,0.0
1993-10-07,0.0
1993-10-08,0.2802234080713364
1993-10-09,0.0
1993-10-10,0.0
1993-10-11,0.0
1993-10-12,0.0
1993-10-13,0.0
1993-10-14,0.0
1993-10-15,0.0
1993-10-16,0.0
1993-10-17,0.0
1993-10-18,0.0
1993-10-19,0.0
1993-10-20,0.0
1993-10-21,0.0
1993-10-22,0.0
1993-10-23,0.048617244614818825
1993-10-24,0.0
1993-10-25,0.0
1993-10-26,0.0
1993-10-27,0.0
1993-10-28,0.0
1993-10-29,0.0
1993-10-30,0.0
1993-10-31,0.0
1993-11-01,0.0
1993-11-02,0.0
1993-11-03,0.0
1993-11-04,0.0
1993-11-05,0.0
1993-11-06,0.0
1993-11-07,0.0
1993-11-08,0.0
1993-11-09,0.0
1993-11-10,0.0
1993-11-11,0.0
1993-11-12,0.0
1993-11-13,0.0
1993-11-14,0.0
1993-11-15,0.0
1993-11-16,0.0
1993-11-17,0.0
1993-11-18,0.0
1993-11-19,0.0
1993-11-20,0.0
1993-11-21,0.0
1993-11-22,0.0
1993-11-23,0.0
1993-11-24,0.0
1993-11-25,0.0
1993-11-26,0.0
1993-11-27,0.0
1993-11-28,0.0
1993-11-29,0.0
1993-11-30,0.0
1993-12-01,0.10932430509839158
1993-12-02,0.0
1993-12-03,0.0
1993-12-04,0.0
1993-12-05,0.03766340720120822
1993-12-06,6.1675274382280545
1993-12-07,0.0
1993-12-08,0.0
1993-12-09,0.0
1993-12-10,0.0
1993-12-11,0.0
1993-12-12,0.0
1993-12-13,0.0
1993-12-14,0.03766340720120822
1993-12-15,0.0
1993-12-16,0.0
1993-12-17,0.0
1993-12-18,0.0
1993-12-19,0.0
1993-12-20,0.0
1993-12-21,0.0
1993-12-22,0.0
1993-12-23,0.0
1993-12-24,0.0
1993-12-25,0.0
1993-12-26,0.0
1993-12-27,0.0
1993-12-28,10.042476189574948
1993-12-29,0.05466215254919579
1993-12-30,2.7387898485996627
1993-12-31,0.2008715050731105
1994-01-01,2.6689873935582153
1994-01-02,0.8865137229674455
1994-01-03,0.0
1994-01-04,3.6610517696312304
1994-01-05,15.255614822882851
1994-01-06,1.824671565734944
1994-01-07,0.8974101366105331
1994-01-08,2.158097445466905
1994-01-09,0.4363206639036138
1994-01-10,0.3075162981721325
1994-01-11,0.0
1994-01-12,2.4760638598586886
1994-01-13,0.18370707729752106
1994-01-14,0.010379259090261979
1994-01-15,3.560374328876258
1994-01-16,12.718793020779096
1994-01-17,8.737768484542746
1994-01-18,8.601439338700601
1994-01-19,11.472963811477715
1994-01-20,1.2644082245811883
1994-01-21,5.658158379952587
1994-01-22,9.43744346584567
1994-01-23,1.0176241768639653
1994-01-24,0.006919506060174652
1994-01-25,0.04119569316965259
1994-01-26,0.1869945702444059
1994-01-27,0.0
1994-01-28,0.5911054134117473
1994-01-29,0.24284550865551824
1994-01-30,0.04497678939113524
1994-01-31,0.0
1994-02-01,0.8133704346413116
1994-02-02,0.0
1994-02-03,0.0
1994-02-04,0.0
1994-02-05,0.0
1994-02-06,3.48089181976938
1994-02-07,5.1034378306683825
1994-02-08,8.705763329982961
1994-02-09,0.9558256974386642
1994-02-10,1.493613825467964
1994-02-11,0.4468463094491344
1994-02-12,11.97730020180878
1994-02-13,18.59710394042817
1994-02-14,0.076862233989443
1994-02-15,9.617954502639394
1994-02-16,0.5010496743469182
1994-02-17,0.18609444873720138
1994-02-18,4.350464158395824
1994-02-19,0.4061855783431472
1994-02-20,0.3144487489128906
1994-02-21,0.6001452534545495
1994-02-22,0.0
1994-02-23,0.0
1994-02-24,0.0
1994-02-25,0.0
1994-02-26,3.363404345324309
1994-02-27,10.765615502342488
1994-02-28,3.566496323107301
1994-03-01,2.160466382621406
1994-03-02,0.4389655612778187
1994-03-03,1.1073200966651773
1994-03-04,0.0
1994-03-05,1.7874059939150493
1994-03-06,0.48446111020707605
1994-03-07,12.128814191848061
1994-03-08,17.86494004306266
1994-03-09,12.28216937297412
1994-03-10,7.187523794646256
1994-03-11,0.47264444076707984
1994-03-12,11.825007385151666
1994-03-13,6.504480808048822
1994-03-14,8.511767517453123
1994-03-15,13.820160277941516
1994-03-16,14.391305974343544
1994-03-17,1.004645723281173
1994-03-18,3.2564246158948054
1994-03-19,0.7539011044769793
1994-03-20,1.7857609831781942
1994-03-21,2.0308635376801183
1994-03-22,2.199934311378435
1994-03-23,2.0233839112044056
1994-03-24,0.3617618461354072
1994-03-25,1.669764435883325
1994-03-26,14.73370627891482
1994-03-27,12.795479849411906
1994-03-28,0.8005317187395594
1994-03-29,2.510169289221671
1994-03-30,14.963256707982218
1994-03-31,5.387663614452985
1994-04-01,0.07756098157116698
1994-04-02,3.004780233701629
1994-04-03,10.612269474105485
1994-04-04,6.2985271738733974
1994-04-05,3.0731321637827547
1994-04-06,2.115442798305945
1994-04-07,12.633596430201536
1994-04-08,4.060377812388728
1994-04-09,1.032016902543281
1994-04-10,0.6648782661539798
1994-04-11,1.7889252749408453
1994-04-12,2.180860769229274
1994-04-13,3.682548107388798
1994-04-14,0.3413372719204584
1994-04-15,0.04428483878511802
1994-04-16,2.0029284989980507
1994-04-17,12.929119694875583
1994-04-18,4.662294034176846
1994-04-19,18.142761508874113
1994-04-20,5.785770308095778
1994-04-21,1.070040042450684
1994-04-22,0.8567322067347599
1994-04-23,0.13749093694504505
1994-04-24,0.0
1994-04-25,0.08734344771527812
1994-04-26,2.0646422830370903
1994-04-27,2.6707762104237713
1994-04-28,2.1907756113461745
1994-04-29,1.7343093202437885
1994-04-30,4.623553402102644
1994-05-01,0.2164895817220032
1994-05-02,0.013839012120349381
1994-05-03,4.048838235271565
1994-05-04,0.9588910346548276
1994-05-05,0.4610367584921331
1994-05-06,0.0
1994-05-07,0.0
1994-05-08,0.0
1994-05-09,1.9837224519848782
1994-05-10,1.622725107759297
1994-05-11,2.1309746162287078
1994-05-12,8.350416626847231
1994-05-13,1.4857337998562152
1994-05-14,0.7170541399127458
1994-05-15,3.5221151049395805
1994-05-16,0.47790044432102635
1994-05-17,5.008202161982659
1994-05-18,0.4148721643115568
1994-05-19,1.6965748752685244
1994-05-20,1.2884395908239539
1994-05-21,0.8595587757151898
1994-05-22,0.45985687289957367
1994-05-23,0.8926035507567139
1994-05-24,0.3434624757066734
1994-05-25,1.4835329122688303
1994-05-26,0.0
1994-05-27,0.3485984891002264
1994-05-28,0.055356048481397524
1994-05-29,0.0
1994-05-30,0.19389813996290806
1994-05-31,0.0
1994-06-01,0.016606814544419257
1994-06-02,0.011071209696279505
1994-06-03,2.3927591722414814
1994-06-04,1.1970236620788974
1994-06-05,6.863421112869172
1994-06-06,4.476009907725377
1994-06-07,2.678342404469725
1994-06-08,0.0
1994-06-09,0.0
1994-06-10,0.0
1994-06-11,0.16260839241410524
1994-06-12,0.017298765150436726
1994-06-13,0.15490139504507472
1994-06-14,0.6902451209149145
1994-06-15,0.02075851818052407
1994-06-16,0.0
1994-06-17,1.1275289262870418
1994-06-18,5.287691702795499
1994-06-19,4.296029187349164
1994-06-20,0.0
1994-06-21,0.3650626361040669
1994-06-22,0.28996934517207956
1994-06-23,0.9349958783710961
1994-06-24,0.23032859384235257
1994-06-25,0.30130725760966665
1994-06-26,0.0
1994-06-27,3.226532498336119
1994-06-28,2.0796965745904354
1994-06-29,7.659622646805046
1994-06-30,0.5898369106699949
1994-07-01,0.3292359234927854
1994-07-02,3.4463431681884873
1994-07-03,0.0
1994-07-04,0.0
1994-07-05,0.0
1994-07-06,0.0
1994-07-07,0.0
1994-07-08,0.1317062822671788
1994-07-09,0.09687308484244567
1994-07-10,0.0
1994-07-11,0.0
1994-07-12,0.0
1994-07-13,0.11524299698378143
1994-07-14,0.0329265705667947
1994-07-15,0.0
1994-07-16,0.6801884445885678
1994-07-17,0.10041450210102987
1994-07-18,1.6246865952022973
1994-07-19,0.0
1994-07-20,0.17121816694733244
1994-07-21,0.0
1994-07-22,0.0
1994-07-23,0.0
1994-07-24,0.0
1994-07-25,0.15146222460725559
1994-07-26,0.0
1994-07-27,1.0005221966464206
1994-07-28,0.0
1994-07-29,0.18603512370239006
1994-07-30,0.0
1994-07-31,0.0
1994-08-01,0.0
1994-08-02,0.0
1994-08-03,0.0
1994-08-04,0.0
1994-08-05,0.0
1994-08-06,0.0
1994-08-07,0.0
1994-08-08,0.0
1994-08-09,0.0
1994-08-10,0.0
1994-08-11,0.0
1994-08-12,0.0
1994-08-13,0.0
1994-08-14,0.0
1994-08-15,0.0
1994-08-16,0.0
1994-08-17,0.0
1994-08-18,0.0
1994-08-19,0.0
1994-08-20,0.0
1994-08-21,0.0
1994-08-22,0.0
1994-08-23,0.0
1994-08-24,0.0
1994-08-25,0.0
1994-08-26,0.0
1994-08-27,0.0
1994-08-28,0.0
1994-08-29,0.0
1994-08-30,0.3862797732356419
1994-08-31,0.0
1994-09-01,0.0
1994-09-02,0.0
1994-09-03,0.0
1994-09-04,0.0
1994-09-05,0.0
1994-09-06,0.0
1994-09-07,0.0
1994-09-08,0.0
1994-09-09,0.0
1994-09-10,0.0
1994-09-11,0.0
1994-09-12,0.0
1994-09-13,0.0
1994-09-14,0.0
1994-09-15,0.0
1994-09-16,0.0
1994-09-17,0.0
1994-09-18,0.0
1994-09-19,0.0
1994-09-20,0.0
1994-09-21,0.0
1994-09-22,0.0
1994-09-23,0.0
1994-09-24,0.0
1994-09-25,0.0
1994-09-26,0.0
1994-09-27,0.0
1994-09-28,0.0
1994-09-29,0.0
1994-09-30,0.0
1994-10-01,0.0
1994-10-02,0.0
1994-10-03,0.0
1994-10-04,0.0
1994-10-05,0.0
1994-10-06,0.0
1994-10-07,0.0
1994-10-08,0.0
1994-10-09,0.0
1994-10-10,0.0
1994-10-11,0.0
1994-10-12,0.0
1994-10-13,0.0
1994-10-14,0.0
1994-10-15,0.0
1994-10-16,0.0
1994-10-17,0.0
1994-10-18,0.5888516622838487
1994-10-19,0.0
1994-10-20,0.0
1994-10-21,0.0
1994-10-22,0.0
1994-10-23,0.0
1994-10-24,0.0
1994-10-25,0.0
1994-10-26,0.0
1994-10-27,0.0
1994-10-28,0.0
1994-10-29,0.0
1994-10-30,0.013839012120349381
1994-10-31,0.0
1994-11-01,0.0
1994-11-02,0.0
1994-11-03,0.0
1994-11-04,0.0
1994-11-05,0.0
1994-11-06,0.0
1994-11-07,0.0
1994-11-08,0.0
1994-11-09,0.0
1994-11-10,0.0
1994-11-11,0.0
1994-11-12,0.0
1994-11-13,0.0
1994-11-14,0.0
1994-11-15,0.0
1994-11-16,0.0
1994-11-17,0.0
1994-11-18,0.0
1994-11-19,0.0
1994-11-20,0.0
1994-11-21,0.0
1994-11-22,0.0
1994-11-23,0.0
1994-11-24,0.0
1994-11-25,0.0
1994-11-26,0.0
1994-11-27,0.0
1994-11-28,0.0
1994-11-29,0.43042165135789306
1994-11-30,0.0
1994-12-01,0.0
1994-12-02,0.0
1994-12-03,0.0
1994-12-04,0.0
1994-12-05,0.0
1994-12-06,0.0
1994-12-07,0.0
1994-12-08,0.0
1994-12-09,0.0
1994-12-10,0.0
1994-12-11,0.0
1994-12-12,0.0
1994-12-13,0.0
1994-12-14,3.24893150015599
1994-12-15,3.081019753701805
1994-12-16,0.03459753030087345
1994-12-17,0.0
1994-12-18,0.0
1994-12-19,0.0
1994-12-20,0.0
1994-12-21,0.5719162473574323
1994-12-22,0.0
1994-12-23,0.0
1994-12-24,0.24784223207211956
1994-12-25,0.0
1994-12-26,2.9917594004656176
1994-12-27,3.7653186121417854
1994-12-28,10.51769621515471
1994-12-29,5.717617789575353
1994-12-30,1.623201544626262
1994-12-31,0.0
1995-01-01,1.2964267334872877
1995-01-02,0.0
1995-01-03,0.0
1995-01-04,0.0
1995-01-05,1.616976212646005
1995-01-06,11.089825586727073
1995-01-07,0.371580765694149
1995-01-08,3.5277416503193595
1995-01-09,2.250403713534718
1995-01-10,0.17143916026184777
1995-01-11,0.0
1995-01-12,0.0
1995-01-13,0.9196612545345779
1995-01-14,1.0175010340934154
1995-01-15,0.0
1995-01-16,0.0
1995-01-17,0.0
1995-01-18,0.031170024913260146
1995-01-19,0.0
1995-01-20,0.0
1995-01-21,0.0
1995-01-22,0.7784936890161126
1995-01-23,1.377109468801439
1995-01-24,0.7617254276321722
1995-01-25,0.69917105696027
1995-01-26,0.0
1995-01-27,0.010390008304420049
1995-01-28,0.0
1995-01-29,0.3977265179368071
1995-01-30,2.197656565947205
1995-01-31,0.0
1995-02-01,1.28999893264747
1995-02-02,0.21671982068477494
1995-02-03,1.3209484435300283
1995-02-04,3.6445170900036303
1995-02-05,3.144622750740949
1995-02-06,7.7860267675107835
1995-02-07,1.0205628915463998
1995-02-08,2.1099439830733475
1995-02-09,9.433318157132636
1995-02-10,11.082664710539966
1995-02-11,4.151555208596579
1995-02-12,4.23390812015837
1995-02-13,0.2047973618366592
1995-02-14,0.43353922763899805
1995-02-15,0.6515275640550621
1995-02-16,4.279359469951368
1995-02-17,21.843545782775564
1995-02-18,18.06156398112506
1995-02-19,4.938246058662133
1995-02-20,12.536895800485063
1995-02-21,8.852098896637122
1995-02-22,5.067186899065914
1995-02-23,0.13610841270358362
1995-02-24,1.2310313634249637
1995-02-25,1.4207824180823367
1995-02-26,2.8966679047039765
1995-02-27,1.8411996922102707
1995-02-28,1.1558390436521329
1995-03-01,0.8495888272886011
1995-03-02,4.100787807190324
1995-03-03,2.769947623156963
1995-03-04,1.5878946851075417
1995-03-05,1.1462703233335552
1995-03-06,4.076457541042433
1995-03-07,3.706971890343928
1995-03-08,4.5466078425375756
1995-03-09,2.1157339296241817
1995-03-10,0.12031578222422064
1995-03-11,0.10629741879099455
1995-03-12,2.1800111596135974
1995-03-13,4.8384461154034115
1995-03-14,10.19743347119085
1995-03-15,3.6413711885891535
1995-03-16,8.241620002447306
1995-03-17,2.3333625484566456
1995-03-18,1.0712196988194729
1995-03-19,8.136630454349602
1995-03-20,8.810729532427732
1995-03-21,1.4707621053806648
1995-03-22,2.917145967563182
1995-03-23,1.0188262712481666
1995-03-24,0.2290945381141305
1995-03-25,7.832165836737033
1995-03-26,13.014162509500405
1995-03-27,0.0
1995-03-28,5.292776803473651
1995-03-29,17.096255440675126
1995-03-30,0.6880994092648894
1995-03-31,0.24658162736161937
1995-04-01,2.685474372813281
1995-04-02,18.75462766964214
1995-04-03,4.424312704897814
1995-04-04,2.9047135416993433
1995-04-05,2.0448371577533937
1995-04-06,31.672657101404887
1995-04-07,20.99737385904563
1995-04-08,11.606779407994727
1995-04-09,18.386355899121998
1995-04-10,5.303682411087373
1995-04-11,9.258806183899532
1995-04-12,7.007597245280562
1995-04-13,3.700139882534934
1995-04-14,3.792096052299424
1995-04-15,13.171259051585393
1995-04-16,28.956423369707373
1995-04-17,23.9130213910524
1995-04-18,1.1976618053912391
1995-04-19,3.0319143083054634
1995-04-20,10.394972195892477
1995-04-21,4.066577496131477
1995-04-22,21.51012046766007
1995-04-23,0.0
1995-04-24,0.39620153355908194
1995-04-25,0.009697341084125368
1995-04-26,2.6787344234436565
1995-04-27,0.5944787631245163
1995-04-28,4.33179691025769
1995-04-29,13.464288673866653
1995-04-30,3.3586328882516536
1995-05-01,0.7914040660360617
1995-05-02,16.79872396418689
1995-05-03,8.780470436275246
1995-05-04,3.787849505192376
1995-05-05,0.0
1995-05-06,0.0
1995-05-07,2.80770689725479
1995-05-08,0.4138711856096165
1995-05-09,1.319949612002419
1995-05-10,0.0
1995-05-11,1.1652850949337834
1995-05-12,0.0
1995-05-13,0.0
1995-05-14,0.3958510689167998
1995-05-15,3.3647995607728904
1995-05-16,6.708277025778137
1995-05-17,1.1652850949337834
1995-05-18,0.0
1995-05-19,2.038622576044618
1995-05-20,3.6269950326914433
1995-05-21,6.319709803691199
1995-05-22,12.078841967986373
1995-05-23,1.2677127890937854
1995-05-24,4.83187949343954
1995-05-25,22.497659851012695
1995-05-26,7.711883757743568
1995-05-27,13.577516079411733
1995-05-28,1.7404227904055247
1995-05-29,3.3321407854716747
1995-05-30,2.0044044781232397
1995-05-31,0.30147155142400717
1995-06-01,0.0
1995-06-02,0.0
1995-06-03,0.5074946645037914
1995-06-04,0.5466636869027794
1995-06-05,0.0
1995-06-06,0.0
1995-06-07,0.0
1995-06-08,0.0
1995-06-09,0.02058856882707358
1995-06-10,0.0
1995-06-11,0.0
1995-06-12,0.8465026442201034
1995-06-13,2.495734443675229
1995-06-14,1.5931054467960393
1995-06-15,1.906687295679441
1995-06-16,0.3562538749869808
1995-06-17,0.0
1995-06-18,0.0
1995-06-19,0.056581222622620414
1995-06-20,0.0
1995-06-21,0.0
1995-06-22,0.08755948604098533
1995-06-23,0.0
1995-06-24,0.0
1995-06-25,0.0
1995-06-26,7.759317395088007
1995-06-27,0.0
1995-06-28,0.05849381816151399
1995-06-29,0.0
1995-06-30,0.0
1995-07-01,0.0
1995-07-02,2.074628077255572
1995-07-03,1.345584855979541
1995-07-04,0.06978665669770825
1995-07-05,1.2712140893666315
1995-07-06,0.0
1995-07-07,0.0
1995-07-08,0.0
1995-07-09,0.0
1995-07-10,0.07005585201783415
1995-07-11,0.0
1995-07-12,0.07799685160332098
1995-07-13,0.0
1995-07-14,0.012315292358419104
1995-07-15,0.0
1995-07-16,3.7541705678623534
1995-07-17,0.7946492981352692
1995-07-18,0.0
1995-07-19,0.1496969219702319
1995-07-20,0.0
1995-07-21,0.0
1995-07-22,1.2063360694618463
1995-07-23,0.0
1995-07-24,2.716022569254547
1995-07-25,1.2373923427704596
1995-07-26,0.2873568216964458
1995-07-27,0.0
1995-07-28,0.26982570761224506
1995-07-29,0.0
1995-07-30,0.0
1995-07-31,0.0
1995-08-01,0.0
1995-08-02,0.0
1995-08-03,0.0
1995-08-04,0.0
1995-08-05,0.012154311153704734
1995-08-06,0.0
1995-08-07,0.0
1995-08-08,0.0
1995-08-09,0.0
1995-08-10,0.0
1995-08-11,0.0
1995-08-12,0.0
1995-08-13,0.0
1995-08-14,0.0
1995-08-15,0.0
1995-08-16,0.0
1995-08-17,0.0
1995-08-18,0.0
1995-08-19,0.0
1995-08-20,0.0
1995-08-21,0.0
1995-08-22,0.0
1995-08-23,0.0
1995-08-24,0.0
1995-08-25,0.0
1995-08-26,0.0
1995-08-27,0.0
1995-08-28,0.0
1995-08-29,0.0
1995-08-30,0.0
1995-08-31,0.0
1995-09-01,0.0
1995-09-02,0.0
1995-09-03,0.0
1995-09-04,0.0
1995-09-05,0.0
1995-09-06,0.0
1995-09-07,0.0
1995-09-08,0.0
1995-09-09,0.0
1995-09-10,0.0
1995-09-11,0.0
1995-09-12,0.0
1995-09-13,0.0
1995-09-14,0.0
1995-09-15,0.0
1995-09-16,0.0
1995-09-17,0.0
1995-09-18,0.0
1995-09-19,0.0
1995-09-20,0.0
1995-09-21,0.0
1995-09-22,0.0
1995-09-23,0.0
1995-09-24,0.0
1995-09-25,0.0
1995-09-26,0.0
1995-09-27,0.0
1995-09-28,0.0
1995-09-29,0.0
1995-09-30,0.0
1995-10-01,0.0
1995-10-02,0.0
1995-10-03,0.0
1995-10-04,0.0
1995-10-05,0.0
1995-10-06,0.0
1995-10-07,0.0
1995-10-08,0.0
1995-10-09,0.0
1995-10-10,0.0
1995-10-11,0.0
1995-10-12,0.0
1995-10-13,0.0
1995-10-14,0.0
1995-10-15,0.0
1995-10-16,0.0
1995-10-17,0.0
1995-10-18,0.0
1995-10-19,0.0
1995-10-20,0.0
1995-10-21,0.0
1995-10-22,0.0
1995-10-23,0.0
1995-10-24,0.0
1995-10-25,0.0
1995-10-26,0.0
1995-10-27,0.0
1995-10-28,0.0
1995-10-29,0.0
1995-10-30,0.024308622307409503
1995-10-31,11.526627948285888
1995-11-01,0.5104810684555996
1995-11-02,0.0
1995-11-03,0.0
1995-11-04,0.0
1995-11-05,0.030992832430977318
1995-11-06,0.012154311153704751
1995-11-07,0.0
1995-11-08,0.0
1995-11-09,0.0
1995-11-10,0.0
1995-11-11,0.0
1995-11-12,0.0
1995-11-13,0.3776483631919122
1995-11-14,0.0
1995-11-15,0.0
1995-11-16,0.0
1995-11-17,0.0
1995-11-18,0.0
1995-11-19,0.0
1995-11-20,0.0
1995-11-21,0.0
1995-11-22,0.0
1995-11-23,4.29237647062601
1995-11-24,21.52769728799965
1995-11-25,0.8904238519672512
1995-11-26,0.0
1995-11-27,0.0
1995-11-28,0.013470448842360237
1995-11-29,0.0
1995-11-30,0.0
1995-12-01,0.0
1995-12-02,0.0
1995-12-03,0.0
1995-12-04,0.0
1995-12-05,0.0
1995-12-06,0.0
1995-12-07,0.0
1995-12-08,0.0
1995-12-09,0.0
1995-12-10,0.0
1995-12-11,0.0
1995-12-12,0.0
1995-12-13,0.0
1995-12-14,0.5161527925695185
1995-12-15,0.026940897684720473
1995-12-16,0.05469440019167136
1995-12-17,0.2552405342277997
1995-12-18,0.0
1995-12-19,0.0
1995-12-20,0.0
1995-12-21,0.10331164480649035
1995-12-22,0.0
1995-12-23,0.0
1995-12-24,0.0
1995-12-25,2.0441445951620483
1995-12-26,0.0
1995-12-27,0.013470448842360237
1995-12-28,0.45215912836426053
1995-12-29,0.006735224421180118
1995-12-30,0.0
1995-12-31,1.2007220811214572
1996-01-01,0.0
1996-01-02,0.020758518180524065
1996-01-03,0.0
1996-01-04,13.143256563544039
1996-01-05,0.0
1996-01-06,24.407252804699965
1996-01-07,1.550737296277963
1996-01-08,3.962107785199949
1996-01-09,0.04843654242122282
1996-01-10,0.0
1996-01-11,0.0
1996-01-12,1.4837722508771853
1996-01-13,0.035969121869218905
1996-01-14,1.680167555707631
1996-01-15,6.840885687043485
1996-01-16,0.41472465424988797
1996-01-17,46.76324835346963
1996-01-18,0.0975609381451769
1996-01-19,0.45291006826777985
1996-01-20,0.7815776525442326
1996-01-21,0.4267393026532609
1996-01-22,10.273366023702227
1996-01-23,7.500352571697797
1996-01-24,5.275711525908906
1996-01-25,0.006919506060174689
1996-01-26,0.022363778125362856
1996-01-27,0.0
1996-01-28,0.627723453353472
1996-01-29,0.0
1996-01-30,0.0
1996-01-31,0.04119569316965327
1996-02-01,0.47771494544159565
1996-02-02,0.47096855942905913
1996-02-03,0.7356377742054556
1996-02-04,3.5852949349161385
1996-02-05,0.5730806644023884
1996-02-06,1.0525858428215367
1996-02-07,2.285783750181572
1996-02-08,0.0
1996-02-09,0.0
1996-02-10,0.34859848910022634
1996-02-11,0.0
1996-02-12,1.909684903362782
1996-02-13,0.6965008374031574
1996-02-14,0.18058563824828996
1996-02-15,0.0
1996-02-16,0.22925406466671056
1996-02-17,1.1351990607297733
1996-02-18,0.3515251338779443
1996-02-19,3.372100724494028
1996-02-20,8.07676950897364
1996-02-21,0.08429631759018337
1996-02-22,0.11216403160934105
1996-02-23,4.033926885278612
1996-02-24,0.12128484037825499
1996-02-25,0.8340715121625746
1996-02-26,9.763048193807286
1996-02-27,2.035235249469351
1996-02-28,0.1625175952798294
1996-02-29,2.5252452896096536
1996-03-01,0.5990243516733093
1996-03-02,1.5837387841376231
1996-03-03,14.434906148656033
1996-03-04,19.139869057068722
1996-03-05,27.88533031857517
1996-03-06,10.738191078716124
1996-03-07,5.985341198031429
1996-03-08,0.6216339881468165
1996-03-09,0.02501115736258694
1996-03-10,1.0821805956393782
1996-03-11,17.016314698429095
1996-03-12,4.6594341466698035
1996-03-13,14.424472730417422
1996-03-14,3.3224420081716732
1996-03-15,5.669829144088749
1996-03-16,0.7129155580519182
1996-03-17,3.7587699104666608
1996-03-18,2.2373530294100457
1996-03-19,14.495866545104585
1996-03-20,2.7281432579959692
1996-03-21,10.221601866692653
1996-03-22,0.43297916344400633
1996-03-23,0.4066982372835974
1996-03-24,2.052426457677215
1996-03-25,1.9597133496699608
1996-03-26,6.944074921308859
1996-03-27,12.96855408528845
1996-03-28,28.46540900829662
1996-03-29,1.2712203752957731
1996-03-30,0.30198992722536966
1996-03-31,0.3826583517113889
1996-04-01,0.4838780906955676
1996-04-02,1.6036193842366697
1996-04-03,12.683323546242667
1996-04-04,7.949800399528583
1996-04-05,4.507887544568868
1996-04-06,18.603526531410104
1996-04-07,18.85214426561134
1996-04-08,0.12616181033206314
1996-04-09,3.8640308398401073
1996-04-10,2.93136138268435
1996-04-11,6.96104295617903
1996-04-12,0.0
1996-04-13,10.392393877694378
1996-04-14,30.10534020650496
1996-04-15,12.670102233997412
1996-04-16,2.2463509642137898
1996-04-17,1.5982645740502803
1996-04-18,0.31991973529657247
1996-04-19,5.919174268956004
1996-04-20,3.812995025012323
1996-04-21,25.214172250670867
1996-04-22,7.486947188912865
1996-04-23,19.58857662364338
1996-04-24,58.47676191167624
1996-04-25,1.614129248827505
1996-04-26,12.38225293174119
1996-04-27,18.809448202558908
1996-04-28,20.33786772998841
1996-04-29,0.14524937045842765
1996-04-30,6.414959695261903
1996-05-01,0.7404670027391562
1996-05-02,1.5775706779763223
1996-05-03,5.491237988921034
1996-05-04,11.33481860405674
1996-05-05,4.317004219971143
1996-05-06,0.8111360936968538
1996-05-07,0.1481259910776979
1996-05-08,0.0
1996-05-09,0.0
1996-05-10,0.23267496842652652
1996-05-11,1.9769491519143263
1996-05-12,0.0
1996-05-13,0.05347368098854251
1996-05-14,0.0
1996-05-15,0.0
1996-05-16,0.0
1996-05-17,0.0
1996-05-18,0.009697341084125377
1996-05-19,0.0
1996-05-20,0.0
1996-05-21,0.0
1996-05-22,0.0
1996-05-23,0.0
1996-05-24,0.0
1996-05-25,0.0
1996-05-26,0.046824189882816676
1996-05-27,0.0
1996-05-28,0.0
1996-05-29,0.0
1996-05-30,0.6758326087184858
1996-05-31,7.677352722893384
1996-06-01,0.0
1996-06-02,0.0
1996-06-03,0.08173473199477103
1996-06-04,0.006926672202946695
1996-06-05,0.3647402551082106
1996-06-06,0.0
1996-06-07,0.15586740059597554
1996-06-08,0.0
1996-06-09,1.444823112239413
1996-06-10,0.0
1996-06-11,0.0
1996-06-12,0.0
1996-06-13,0.0
1996-06-14,0.0
1996-06-15,0.0
1996-06-16,0.0
1996-06-17,0.0
1996-06-18,0.0
1996-06-19,0.0
1996-06-20,0.0
1996-06-21,0.0
1996-06-22,0.0
1996-06-23,0.0
1996-06-24,0.0
1996-06-25,0.0
1996-06-26,0.0
1996-06-27,0.03367612210590057
1996-06-28,2.2694543128966984
1996-06-29,0.0
1996-06-30,0.0
1996-07-01,0.0
1996-07-02,0.0
1996-07-03,0.0
1996-07-04,0.0
1996-07-05,0.0
1996-07-06,0.0
1996-07-07,0.0
1996-07-08,0.0
1996-07-09,0.0
1996-07-10,0.0
1996-07-11,0.0
1996-07-12,0.0
1996-07-13,0.0
1996-07-14,0.03403207123037328
1996-07-15,0.0
1996-07-16,0.0
1996-07-17,0.0
1996-07-18,0.5061121902806833
1996-07-19,0.22988545735715726
1996-07-20,0.11829964448407608
1996-07-21,0.0
1996-07-22,0.0
1996-07-23,0.40940250196317135
1996-07-24,0.0
1996-07-25,0.0
1996-07-26,0.0
1996-07-27,0.0
1996-07-28,0.014685879957730708
1996-07-29,0.0
1996-07-30,0.0
1996-07-31,0.0
1996-08-01,0.0
1996-08-02,0.0
1996-08-03,3.2355284062336596
1996-08-04,0.10847548898782726
1996-08-05,0.8057593347927734
1996-08-06,0.0
1996-08-07,0.0
1996-08-08,0.0
1996-08-09,0.0
1996-08-10,0.0
1996-08-11,0.0
1996-08-12,0.0
1996-08-13,0.0
1996-08-14,0.0
1996-08-15,0.0
1996-08-16,0.0
1996-08-17,0.5219989466057045
1996-08-18,0.2187776007666854
1996-08-19,0.11892178463209792
1996-08-20,0.0
1996-08-21,0.038893795691855186
1996-08-22,0.0
1996-08-23,0.0
1996-08-24,0.0
1996-08-25,0.0
1996-08-26,0.0
1996-08-27,0.026940897684720466
1996-08-28,0.0
1996-08-29,0.0
1996-08-30,0.0
1996-08-31,0.0
1996-09-01,0.0
1996-09-02,0.0
1996-09-03,0.0
1996-09-04,0.0
1996-09-05,0.0
1996-09-06,0.0
1996-09-07,0.0
1996-09-08,0.0
1996-09-09,0.0
1996-09-10,0.0
1996-09-11,0.0
1996-09-12,0.0
1996-09-13,0.019547604419212605
1996-09-14,0.0
1996-09-15,0.0
1996-09-16,0.0
1996-09-17,0.012154311153704744
1996-09-18,0.0
1996-09-19,0.0
1996-09-20,0.0
1996-09-21,0.0
1996-09-22,0.0
1996-09-23,0.0
1996-09-24,0.0
1996-09-25,0.0
1996-09-26,0.0
1996-09-27,0.0
1996-09-28,0.04861724461481898
1996-09-29,0.03646293346111423
1996-09-30,0.0
1996-10-01,0.0
1996-10-02,0.40775975861691843
1996-10-03,0.0
1996-10-04,0.0
1996-10-05,0.0
1996-10-06,0.0
1996-10-07,0.0
1996-10-08,0.0
1996-10-09,0.0
1996-10-10,0.0
1996-10-11,0.0
1996-10-12,0.0
1996-10-13,0.0
1996-10-14,0.0
1996-10-15,0.0
1996-10-16,0.002430862230740949
1996-10-17,0.03646293346111423
1996-10-18,0.0
1996-10-19,0.0
1996-10-20,0.0
1996-10-21,0.0
1996-10-22,0.0
1996-10-23,0.0
1996-10-24,0.0
1996-10-25,0.0
1996-10-26,0.003646293346111423
1996-10-27,0.0
1996-10-28,0.0
1996-10-29,0.0
1996-10-30,0.0
1996-10-31,0.0
1996-11-01,0.0
1996-11-02,0.0
1996-11-03,0.0
1996-11-04,0.0
1996-11-05,0.0
1996-11-06,0.0
1996-11-07,0.0
1996-11-08,0.0
1996-11-09,0.0
1996-11-10,0.0
1996-11-11,0.0
1996-11-12,0.0
1996-11-13,0.0
1996-11-14,0.0
1996-11-15,0.0
1996-11-16,0.02430862230740949
1996-11-17,0.07408746863298128
1996-11-18,0.0
1996-11-19,5.456054619409588
1996-11-20,14.908683546989764
1996-11-21,10.04644338585342
1996-11-22,0.958622703662624
1996-11-23,0.0
1996-11-24,0.0
1996-11-25,0.0
1996-11-26,0.0
1996-11-27,0.0
1996-11-28,0.0
1996-11-29,0.0
1996-11-30,0.0
1996-12-01,0.0
1996-12-02,0.0
1996-12-03,0.0
1996-12-04,0.0
1996-12-05,0.0
1996-12-06,0.0
1996-12-07,0.22226240589894383
1996-12-08,0.0
1996-12-09,0.6645415695361455
1996-12-10,0.0
1996-12-11,0.0
1996-12-12,0.0
1996-12-13,0.0
1996-12-14,0.0
1996-12-15,0.0
1996-12-16,0.0
1996-12-17,0.0
1996-12-18,0.0
1996-12-19,0.0
1996-12-20,0.012154311153704744
1996-12-21,0.0
1996-12-22,0.0
1996-12-23,0.0
1996-12-24,0.0
1996-12-25,0.0
1996-12-26,0.0
1996-12-27,0.0
1996-12-28,0.0
1996-12-29,0.021320397805625807
1996-12-30,0.22812012034123205
1996-12-31,0.0
1997-01-01,0.0
1997-01-02,0.013470448842360237
1997-01-03,0.0
1997-01-04,0.0
1997-01-05,0.017016035615186647
1997-01-06,0.0
1997-01-07,0.0
1997-01-08,0.0
1997-01-09,0.1255446906706945
1997-01-10,4.131669549425589
1997-01-11,0.5134152300817878
1997-01-12,0.029170346768891395
1997-01-13,0.7190280512917929
1997-01-14,9.129981180200355
1997-01-15,0.14802735352401022
1997-01-16,0.0
1997-01-17,0.0
1997-01-18,0.0
1997-01-19,1.6504485079763267
1997-01-20,1.2926492541780688
1997-01-21,5.305881218464112
1997-01-22,7.281596665640145
1997-01-23,2.0044524556431296
1997-01-24,21.357270717904466
1997-01-25,4.775997927783091
1997-01-26,53.063271369387
1997-01-27,1.3599199983784538
1997-01-28,10.668180036228236
1997-01-29,1.9180565615451008
1997-01-30,0.020205673263540353
1997-01-31,0.0
1997-02-01,0.0
1997-02-02,0.014585173384445692
1997-02-03,0.46388725514786966
1997-02-04,0.0
1997-02-05,0.8807040951753392
1997-02-06,0.40174301014622227
1997-02-07,0.0
1997-02-08,1.2770760001851647
1997-02-09,4.289162965735757
1997-02-10,6.350958767257407
1997-02-11,0.145851733844457
1997-02-12,0.19203811622853503
1997-02-13,0.20375907505880578
1997-02-14,0.7632791129887759
1997-02-15,0.1311120244821086
1997-02-16,0.009723448922963798
1997-02-17,0.0
1997-02-18,0.0
1997-02-19,0.27818881164256004
1997-02-20,0.3824946084123475
1997-02-21,0.0
1997-02-22,7.86198511639904
1997-02-23,0.3824648225563061
1997-02-24,0.0
1997-02-25,0.0
1997-02-26,0.0
1997-02-27,0.0
1997-02-28,0.0
1997-03-01,0.05104810684555993
1997-03-02,1.8255775352864525
1997-03-03,0.20334911864179878
1997-03-04,6.373380721202301
1997-03-05,17.744981815617965
1997-03-06,0.7048822273064705
1997-03-07,0.0
1997-03-08,0.0
1997-03-09,0.0
1997-03-10,0.3485984891002265
1997-03-11,0.2832277397510149
1997-03-12,0.0
1997-03-13,0.2108969948057773
1997-03-14,0.11668138707556554
1997-03-15,0.04132465792259613
1997-03-16,0.30303842922574453
1997-03-17,3.929855978235642
1997-03-18,15.74939035935589
1997-03-19,0.022812012034123204
1997-03-20,6.516435303514655
1997-03-21,3.240095836476532
1997-03-22,13.204305835651077
1997-03-23,28.176740547012056
1997-03-24,18.391304327231982
1997-03-25,75.7844468099283
1997-03-26,0.754751923850861
1997-03-27,52.91666912314339
1997-03-28,12.981470898484597
1997-03-29,0.9635154584159825
1997-03-30,2.3231257602782724
1997-03-31,1.3026285844949503
1997-04-01,5.64678967699434
1997-04-02,11.171066147580426
1997-04-03,35.10102959392631
1997-04-04,0.8419120616027513
1997-04-05,3.513514275701452
1997-04-06,0.20132806313327303
1997-04-07,0.9912652380381656
1997-04-08,10.5936369875538
1997-04-09,0.0
1997-04-10,5.029295453805899
1997-04-11,0.5764908656315411
1997-04-12,0.0
1997-04-13,0.029769953697317934
1997-04-14,8.651444153838828
1997-04-15,10.934624429818756
1997-04-16,0.04618638238407799
1997-04-17,0.1865883537709247
1997-04-18,0.19132256044271392
1997-04-19,0.6016302532957817
1997-04-20,0.0
1997-04-21,0.07292586692222841
1997-04-22,0.0
1997-04-23,0.0012154311153704735
1997-04-24,1.4335988880275214
1997-04-25,1.733401315626435
1997-04-26,5.803453437202223
1997-04-27,4.264897949712855
1997-04-28,5.506182008855069
1997-04-29,0.10817336926797214
1997-04-30,2.6133093845556137
1997-05-01,1.8393458490726013
1997-05-02,5.290548307312333
1997-05-03,14.248691274401278
1997-05-04,15.304142705620206
1997-05-05,7.941089997096179
1997-05-06,0.026739484538150417
1997-05-07,1.103452333883031
1997-05-08,1.5900043824610974
1997-05-09,2.163540217626496
1997-05-10,0.8170976009892346
1997-05-11,1.0776890884535606
1997-05-12,0.5486875891530894
1997-05-13,0.0
1997-05-14,0.11181966261408355
1997-05-15,0.9302786611046311
1997-05-16,0.9946502902330224
1997-05-17,0.0
1997-05-18,0.0
1997-05-19,1.1053509887736719
1997-05-20,1.0650277957466756
1997-05-21,0.0
1997-05-22,0.0
1997-05-23,0.0
1997-05-24,10.673296015986493
1997-05-25,0.14342087161371586
1997-05-26,0.39520610862477507
1997-05-27,0.006735224421180111
1997-05-28,0.0
1997-05-29,0.0
1997-05-30,0.0
1997-05-31,0.0
1997-06-01,0.0
1997-06-02,0.0
1997-06-03,0.03403207123037325
1997-06-04,0.0
1997-06-05,0.0
1997-06-06,0.0
1997-06-07,0.0
1997-06-08,0.0
1997-06-09,0.18204098391103857
1997-06-10,0.0
1997-06-11,0.0
1997-06-12,0.0
1997-06-13,0.0
1997-06-14,0.0
1997-06-15,0.0
1997-06-16,0.0
1997-06-17,0.0
1997-06-18,0.0
1997-06-19,0.0
1997-06-20,0.0
1997-06-21,0.0
1997-06-22,0.0
1997-06-23,0.012154311153704734
1997-06-24,0.0
1997-06-25,0.0
1997-06-26,0.0
1997-06-27,0.0
1997-06-28,0.0
1997-06-29,0.0
1997-06-30,0.0
1997-07-01,0.01642038981122548
1997-07-02,1.2974682697821296
1997-07-03,0.0
1997-07-04,0.0
1997-07-05,0.0
1997-07-06,0.09723448922963793
1997-07-07,0.0
1997-07-08,0.0
1997-07-09,0.0
1997-07-10,0.0
1997-07-11,0.0
1997-07-12,0.013470448842360228
1997-07-13,0.9080224684258114
1997-07-14,0.0
1997-07-15,0.0
1997-07-16,0.0
1997-07-17,0.0
1997-07-18,0.0
1997-07-19,0.0
1997-07-20,0.0
1997-07-21,0.0
1997-07-22,0.0
1997-07-23,0.0
1997-07-24,0.0
1997-07-25,0.0
1997-07-26,0.0
1997-07-27,0.0
1997-07-28,0.0
1997-07-29,0.0
1997-07-30,0.0
1997-07-31,0.0
1997-08-01,0.21041716670104427
1997-08-02,0.0
1997-08-03,0.0
1997-08-04,0.0
1997-08-05,0.0
1997-08-06,0.0
1997-08-07,0.0
1997-08-08,0.0
1997-08-09,0.0
1997-08-10,0.06684871134537604
1997-08-11,0.0
1997-08-12,0.0
1997-08-13,0.0
1997-08-14,0.018231466730557103
1997-08-15,0.0
1997-08-16,0.0
1997-08-17,0.05985824437300824
1997-08-18,0.0
1997-08-19,0.0
1997-08-20,0.0
1997-08-21,0.0
1997-08-22,0.0
1997-08-23,0.0
1997-08-24,0.0
1997-08-25,0.0
1997-08-26,0.0
1997-08-27,0.0
1997-08-28,0.0
1997-08-29,0.002430862230740947
1997-08-30,0.0
1997-08-31,0.0
1997-09-01,0.0
1997-09-02,0.0
1997-09-03,0.0
1997-09-04,0.0
1997-09-05,0.0
1997-09-06,0.0027706688811786903
1997-09-07,0.012468009965304106
1997-09-08,0.0
1997-09-09,0.0
1997-09-10,0.0
1997-09-11,0.0
1997-09-12,0.0
1997-09-13,0.0
1997-09-14,0.0
1997-09-15,0.0
1997-09-16,0.0
1997-09-17,0.0069266722029467254
1997-09-18,0.0
1997-09-19,0.0
1997-09-20,0.0
1997-09-21,0.0
1997-09-22,0.0
1997-09-23,0.0
1997-09-24,0.0
1997-09-25,0.0
1997-09-26,0.0
1997-09-27,0.0
1997-09-28,0.0
1997-09-29,0.0
1997-09-30,0.0
1997-10-01,0.0
1997-10-02,0.0
1997-10-03,0.0
1997-10-04,0.0
1997-10-05,0.004156003321768035
1997-10-06,0.0
1997-10-07,0.0
1997-10-08,0.0
1997-10-09,0.0
1997-10-10,0.0
1997-10-11,0.0
1997-10-12,0.0
1997-10-13,0.0
1997-10-14,0.0
1997-10-15,0.0
1997-10-16,0.0
1997-10-17,0.0
1997-10-18,0.0
1997-10-19,0.020780016608840178
1997-10-20,0.14783635876949544
1997-10-21,0.0
1997-10-22,0.0
1997-10-23,0.0
1997-10-24,0.0
1997-10-25,0.0
1997-10-26,0.0
1997-10-27,0.0
1997-10-28,0.0
1997-10-29,0.0
1997-10-30,0.0
1997-10-31,0.0
1997-11-01,0.0
1997-11-02,0.5913454350779798
1997-11-03,0.0
1997-11-04,0.0
1997-11-05,0.0
1997-11-06,0.0
1997-11-07,0.0
1997-11-08,0.0
1997-11-09,0.0
1997-11-10,0.0
1997-11-11,0.0
1997-11-12,0.0
1997-11-13,0.0
1997-11-14,0.0
1997-11-15,0.0
1997-11-16,0.0
1997-11-17,0.0
1997-11-18,0.36556729230637697
1997-11-19,0.17946088863749837
1997-11-20,0.0
1997-11-21,0.5768836276726333
1997-11-22,0.0
1997-11-23,0.0
1997-11-24,0.0
1997-11-25,0.0
1997-11-26,0.0
1997-11-27,0.0
1997-11-28,0.0
1997-11-29,0.0
1997-11-30,0.0
1997-12-01,0.2972489666771176
1997-12-02,0.22899763032012385
1997-12-03,0.0
1997-12-04,0.0
1997-12-05,0.0
1997-12-06,0.0
1997-12-07,0.0
1997-12-08,0.0
1997-12-09,0.0
1997-12-10,0.0
1997-12-11,0.0
1997-12-12,0.33171066759055
1997-12-13,0.0
1997-12-14,0.0
1997-12-15,0.03403207123037327
1997-12-16,0.0
1997-12-17,0.06077155576852371
1997-12-18,0.0
1997-12-19,0.0
1997-12-20,3.292625044838207
1997-12-21,0.20879195705658354
1997-12-22,9.127604572724682
1997-12-23,3.268185841978607
1997-12-24,2.0722272019756085
1997-12-25,0.0
1997-12-26,0.013470448842360228
1997-12-27,0.21016755605350257
1997-12-28,0.0
1997-12-29,0.0
1997-12-30,0.007292586692222844
1997-12-31,0.0853703896560722
1998-01-01,0.009697341084125372
1998-01-02,8.232189991370875
1998-01-03,0.8272854567567105
1998-01-04,5.40718049561565
1998-01-05,1.5806666795239275
1998-01-06,0.0
1998-01-07,0.0
1998-01-08,0.06099991535415418
1998-01-09,4.4665221142183835
1998-01-10,7.61470119880874
1998-01-11,5.5915409836855865
1998-01-12,13.80152095103628
1998-01-13,1.772107799816584
1998-01-14,1.4817254359511225
1998-01-15,3.380412053556422
1998-01-16,0.5187702419401653
1998-01-17,0.0
1998-01-18,4.87806247913209
1998-01-19,1.2903709323719537
1998-01-20,9.935494687477458
1998-01-21,14.191904677661848
1998-01-22,13.626722533166584
1998-01-23,0.0
1998-01-24,3.3347425764016427
1998-01-25,0.0
1998-01-26,0.5129643349391045
1998-01-27,6.132984545542314
1998-01-28,2.768116528995358
1998-01-29,6.723966074744293
1998-01-30,2.6929725375825573
1998-01-31,0.6447608699486479
1998-02-01,1.5818542201168833
1998-02-02,9.968119145435844
1998-02-03,0.6956776610091243
1998-02-04,0.0
1998-02-05,0.0
1998-02-06,0.0
1998-02-07,0.0
1998-02-08,0.0
1998-02-09,0.002770668881178678
1998-02-10,0.0
1998-02-11,0.0
1998-02-12,0.0
1998-02-13,0.773830028890379
1998-02-14,0.7621080654708281
1998-02-15,0.13056647829752221
1998-02-16,0.013470448842360228
1998-02-17,0.0006926672202946696
1998-02-18,7.66174024629368
1998-02-19,0.49508915839275647
1998-02-20,0.5882584340665994
1998-02-21,0.0
1998-02-22,0.0
1998-02-23,0.0
1998-02-24,0.0
1998-02-25,0.0
1998-02-26,0.05021787626827777
1998-02-27,0.001385334440589339
1998-02-28,1.203343047345793
1998-03-01,0.7102533524320945
1998-03-02,0.0
1998-03-03,0.4028435723869259
1998-03-04,0.0
1998-03-05,0.13358607852001664
1998-03-06,0.016624013287072067
1998-03-07,0.0
1998-03-08,0.0
1998-03-09,0.0
1998-03-10,2.591400243838425
1998-03-11,8.785833727032315
1998-03-12,3.5055577646302014
1998-03-13,1.0478904694591606
1998-03-14,0.0
1998-03-15,0.3013072576096666
1998-03-16,0.013470448842360228
1998-03-17,3.7560778004803512
1998-03-18,13.198211308761298
1998-03-19,1.7425295179436429
1998-03-20,6.967492762897081
1998-03-21,2.7117454758917754
1998-03-22,2.628919764109239
1998-03-23,11.328119322453832
1998-03-24,14.408728292061786
1998-03-25,7.321764564830819
1998-03-26,5.077409128952262
1998-03-27,0.7669524194930671
1998-03-28,4.232301648712245
1998-03-29,11.103025050210519
1998-03-30,0.11142593674278244
1998-03-31,0.9287992315061782
1998-04-01,1.8614650339458945
1998-04-02,6.084931663971629
1998-04-03,13.551105773782952
1998-04-04,2.416008715692549
1998-04-05,1.3682789379413536
1998-04-06,0.05693152188736859
1998-04-07,0.0
1998-04-08,0.17756633746615616
1998-04-09,0.07349589114504142
1998-04-10,0.0
1998-04-11,0.5283149747111436
1998-04-12,0.0
1998-04-13,0.022165351049429405
1998-04-14,0.029821273369574023
1998-04-15,1.0089578343105974
1998-04-16,0.0
1998-04-17,1.5743379609611967
1998-04-18,0.05264270874239483
1998-04-19,0.5826774430275459
1998-04-20,0.0
1998-04-21,0.0
1998-04-22,0.0
1998-04-23,0.0
1998-04-24,0.0
1998-04-25,3.8869819954721776
1998-04-26,0.6711084168027182
1998-04-27,0.08312006643536025
1998-04-28,0.3823109900924131
1998-04-29,0.006926672202946688
1998-04-30,0.0
1998-05-01,0.0
1998-05-02,0.0
1998-05-03,0.0
1998-05-04,0.0
1998-05-05,0.0
1998-05-06,0.0
1998-05-07,0.5749829120306362
1998-05-08,0.019446897845927572
1998-05-09,0.13570635180408216
1998-05-10,2.0162512614264423
1998-05-11,0.012683309819011158
1998-05-12,0.0
1998-05-13,0.0
1998-05-14,0.0
1998-05-15,0.0
1998-05-16,0.012154311153704732
1998-05-17,0.017016035615186623
1998-05-18,0.0
1998-05-19,0.2133932067140684
1998-05-20,0.6558291199314352
1998-05-21,0.0
1998-05-22,0.0
1998-05-23,0.012154311153704732
1998-05-24,0.08624524095444157
1998-05-25,0.10146647855208926
1998-05-26,0.0
1998-05-27,0.0
1998-05-28,0.0
1998-05-29,0.0
1998-05-30,0.0
1998-05-31,0.0
1998-06-01,0.0
1998-06-02,0.0
1998-06-03,0.0
1998-06-04,0.0
1998-06-05,0.0
1998-06-06,0.0
1998-06-07,0.0
1998-06-08,0.0
1998-06-09,0.0
1998-06-10,0.024308622307409475
1998-06-11,0.0
1998-06-12,0.27922568758438865
1998-06-13,0.06806414246074652
1998-06-14,0.0
1998-06-15,0.0
1998-06-16,0.037980104615479
1998-06-17,0.6584251069837074
1998-06-18,0.0
1998-06-19,0.0
1998-06-20,0.05347896907630085
1998-06-21,0.0
1998-06-22,0.0
1998-06-23,0.0
1998-06-24,0.0
1998-06-25,0.0
1998-06-26,0.0
1998-06-27,0.0
1998-06-28,0.0
1998-06-29,0.0
1998-06-30,0.0
1998-07-01,0.0
1998-07-02,0.0
1998-07-03,0.0
1998-07-04,0.0
1998-07-05,0.0
1998-07-06,0.23394931231033328
1998-07-07,0.0
1998-07-08,0.0
1998-07-09,0.0
1998-07-10,0.03833761167984175
1998-07-11,0.0
1998-07-12,0.0
1998-07-13,0.0
1998-07-14,0.0
1998-07-15,0.0
1998-07-16,0.018256005561829405
1998-07-17,0.0
1998-07-18,0.0
1998-07-19,0.0
1998-07-20,0.0
1998-07-21,0.0
1998-07-22,0.0
1998-07-23,0.0
1998-07-24,0.0
1998-07-25,0.0
1998-07-26,0.0
1998-07-27,0.0
1998-07-28,0.0
1998-07-29,0.0
1998-07-30,0.0
1998-07-31,0.005476801668548821
1998-08-01,0.0
1998-08-02,0.0
1998-08-03,0.0
1998-08-04,0.0
1998-08-05,0.0
1998-08-06,0.0
1998-08-07,0.0
1998-08-08,0.0
1998-08-09,0.0
1998-08-10,0.024308622307409475
1998-08-11,0.0
1998-08-12,0.0
1998-08-13,0.0
1998-08-14,0.0
1998-08-15,0.02196987142699193
1998-08-16,0.0054924678567479825
1998-08-17,0.007323290475663977
1998-08-18,0.0
1998-08-19,0.0
1998-08-20,0.0
1998-08-21,0.0
1998-08-22,0.0
1998-08-23,0.0
1998-08-24,0.0
1998-08-25,0.14590815943393512
1998-08-26,1.097375178306179
1998-08-27,0.0
1998-08-28,0.0
1998-08-29,0.0
1998-08-30,0.0
1998-08-31,0.0
1998-09-01,0.0
1998-09-02,0.0
1998-09-03,0.0
1998-09-04,0.0
1998-09-05,0.0
1998-09-06,0.0
1998-09-07,0.0
1998-09-08,0.0
1998-09-09,0.0
1998-09-10,0.0
1998-09-11,0.0
1998-09-12,0.0
1998-09-13,0.0
1998-09-14,0.0
1998-09-15,0.0
1998-09-16,0.0
1998-09-17,0.0
1998-09-18,0.0
1998-09-19,0.0
1998-09-20,0.0
1998-09-21,0.0
1998-09-22,0.0
1998-09-23,0.0
1998-09-24,0.0
1998-09-25,0.0
1998-09-26,0.0
1998-09-27,0.0
1998-09-28,0.0
1998-09-29,0.0
1998-09-30,0.0
1998-10-01,0.0
1998-10-02,0.0
1998-10-03,0.0
1998-10-04,0.0
1998-10-05,0.0
1998-10-06,0.0
1998-10-07,0.0
1998-10-08,0.0
1998-10-09,0.0
1998-10-10,0.0
1998-10-11,0.0
1998-10-12,0.0
1998-10-13,0.0
1998-10-14,0.0
1998-10-15,0.0
1998-10-16,0.0
1998-10-17,0.0
1998-10-18,0.0
1998-10-19,0.0
1998-10-20,0.0
1998-10-21,0.0
1998-10-22,0.0
1998-10-23,0.0
1998-10-24,0.0
1998-10-25,0.0
1998-10-26,0.0
1998-10-27,0.0
1998-10-28,0.0
1998-10-29,0.0
1998-10-30,0.0
1998-10-31,0.0
1998-11-01,0.0
1998-11-02,0.0
1998-11-03,0.0
1998-11-04,0.0
1998-11-05,0.0
1998-11-06,0.0
1998-11-07,0.0
1998-11-08,0.0
1998-11-09,0.0
1998-11-10,0.0
1998-11-11,0.0
1998-11-12,0.0
1998-11-13,0.0
1998-11-14,0.0
1998-11-15,0.0
1998-11-16,0.0
1998-11-17,0.0
1998-11-18,0.0
1998-11-19,0.0
1998-11-20,0.0
1998-11-21,0.0
1998-11-22,0.0
1998-11-23,0.0
1998-11-24,0.0
1998-11-25,0.0
1998-11-26,0.0
1998-11-27,0.0
1998-11-28,0.0
1998-11-29,0.0
1998-11-30,0.0
1998-12-01,0.0
1998-12-02,0.0
1998-12-03,0.0
1998-12-04,0.0
1998-12-05,0.0
1998-12-06,0.0
1998-12-07,0.0
1998-12-08,0.0
1998-12-09,0.0
1998-12-10,0.0024308622307409487
1998-12-11,0.012154311153704743
1998-12-12,0.0
1998-12-13,0.0
1998-12-14,0.0
1998-12-15,0.0
1998-12-16,0.0
1998-12-17,0.0
1998-12-18,0.0
1998-12-19,0.0
1998-12-20,0.0
1998-12-21,0.6497266246797567
1998-12-22,3.2432465127582097
1998-12-23,1.4622197526878198
1998-12-24,0.0
1998-12-25,0.0
1998-12-26,0.010953603337097642
1998-12-27,0.0
1998-12-28,0.0
1998-12-29,0.34727478694617303
1998-12-30,0.009128002780914702
1998-12-31,0.0
1999-01-01,0.0
1999-01-02,0.0
1999-01-03,0.24180058479731
1999-01-04,0.0
1999-01-05,0.0
1999-01-06,0.0
1999-01-07,7.328013166569434
1999-01-08,11.728250714162476
1999-01-09,26.549624482668314
1999-01-10,9.568785807420786
1999-01-11,26.91435799693654
1999-01-12,0.1463623320629964
1999-01-13,4.831208053214788
1999-01-14,0.5333968206156784
1999-01-15,0.0073024022247317605
1999-01-16,0.0
1999-01-17,0.0
1999-01-18,3.576342962843485
1999-01-19,8.650303541375337
1999-01-20,12.929159596742839
1999-01-21,5.524078367120225
1999-01-22,2.7577129096610093
1999-01-23,1.2567600011526014
1999-01-24,0.0
1999-01-25,0.46326016355152433
1999-01-26,0.8334383055763089
1999-01-27,0.43930537636741435
1999-01-28,0.0
1999-01-29,0.0
1999-01-30,2.9464412200427144
1999-01-31,4.243748042260799
1999-02-01,6.264465502521162
1999-02-02,0.0
1999-02-03,2.283015703645144
1999-02-04,4.851828605791705
1999-02-05,8.980171409804512
1999-02-06,2.264718286230246
1999-02-07,0.31594580423860225
1999-02-08,0.5155547433834298
1999-02-09,6.1070298693498275
1999-02-10,0.01385334440589339
1999-02-11,0.0
1999-02-12,1.9617119222786181
1999-02-13,22.70179433319388
1999-02-14,1.341309390579244
1999-02-15,0.7408312026476889
1999-02-16,0.19808578442407865
1999-02-17,0.0
1999-02-18,8.368762025163512
1999-02-19,7.86981214308752
1999-02-20,0.9204537526043858
1999-02-21,0.7267340013957455
1999-02-22,1.4716674758852102
1999-02-23,5.602882124107712
1999-02-24,7.60310816798286
1999-02-25,0.682639196248876
1999-02-26,4.184639247673063
1999-02-27,1.8216839641381477
1999-02-28,0.3798074942184378
1999-03-01,2.100639089618583
1999-03-02,5.29004649560667
1999-03-03,0.5219092871646631
1999-03-04,2.6903029373832803
1999-03-05,0.2979244076125701
1999-03-06,0.8734659679691532
1999-03-07,0.9505756615881593
1999-03-08,1.4136815550557913
1999-03-09,3.7636306937772472
1999-03-10,0.0
1999-03-11,0.21941164176052205
1999-03-12,5.3098363470227286
1999-03-13,19.340806790217833
1999-03-14,2.8619057384077204
1999-03-15,23.879218023373728
1999-03-16,9.442774676548364
1999-03-17,6.792561070137923
1999-03-18,4.2037000228122166
1999-03-19,15.823228874885647
1999-03-20,14.789251622899036
1999-03-21,4.869008052538112
1999-03-22,0.3563975964757104
1999-03-23,8.904906920803299
1999-03-24,12.656257205655834
1999-03-25,1.9124628258314644
1999-03-26,2.7309740073123026
1999-03-27,6.125465453359234
1999-03-28,2.852202521740238
1999-03-29,2.036919485389236
1999-03-30,0.3672884030877768
1999-03-31,0.7681626248143255
1999-04-01,0.365905830157491
1999-04-02,0.4144851722019234
1999-04-03,2.1977431824415428
1999-04-04,4.99186481393677
1999-04-05,7.017621454097905
1999-04-06,18.129768694365783
1999-04-07,0.49793798506691017
1999-04-08,1.4187753823966562
1999-04-09,0.9086258782647337
1999-04-10,0.6586164516128802
1999-04-11,0.2561340811102437
1999-04-12,3.5041450437467603
1999-04-13,21.75730202021775
1999-04-14,10.54932364719204
1999-04-15,0.7664010669822509
1999-04-16,2.374450275428752
1999-04-17,0.016360225881355713
1999-04-18,0.0
1999-04-19,0.9034236148487482
1999-04-20,0.01246800996530405
1999-04-21,1.1286940032220405
1999-04-22,0.32205813729501287
1999-04-23,1.0724056864488
1999-04-24,1.7117605647253482
1999-04-25,5.184734257230536
1999-04-26,6.951393623015666
1999-04-27,11.279096254833647
1999-04-28,0.0
1999-04-29,1.7083000354124778
1999-04-30,1.1750272281991725
1999-05-01,10.89750221365812
1999-05-02,3.520524258575347
1999-05-03,0.5192899415610917
1999-05-04,0.564092928833962
1999-05-05,3.61270016275772
1999-05-06,4.45068986335496
1999-05-07,5.889692025070834
1999-05-08,2.056346140440568
1999-05-09,2.136718086894536
1999-05-10,1.9243083823141598
1999-05-11,4.734665865506911
1999-05-12,3.3748448904268735
1999-05-13,3.0236847694079394
1999-05-14,6.513269353558243
1999-05-15,12.470761520802922
1999-05-16,11.204878714111365
1999-05-17,8.900462899057965
1999-05-18,14.653745761137904
1999-05-19,1.3824676384915908
1999-05-20,0.15600080208476236
1999-05-21,1.3629087488037372
1999-05-22,2.2152828418201826
1999-05-23,1.021344613527073
1999-05-24,1.4244499906460957
1999-05-25,1.063831054707975
1999-05-26,0.0
1999-05-27,0.02770668881178678
1999-05-28,0.0
1999-05-29,0.0
1999-05-30,0.0
1999-05-31,0.0
1999-06-01,3.2794436969347363
1999-06-02,0.0
1999-06-03,0.0
1999-06-04,0.006077155576852371
1999-06-05,0.0
1999-06-06,0.0
1999-06-07,0.0
1999-06-08,0.0
1999-06-09,0.0
1999-06-10,0.0
1999-06-11,0.06402959168295642
1999-06-12,0.3355063490715398
1999-06-13,0.0
1999-06-14,0.0
1999-06-15,0.0
1999-06-16,0.267232672796331
1999-06-17,0.0
1999-06-18,0.0
1999-06-19,0.0
1999-06-20,0.0
1999-06-21,0.0
1999-06-22,0.0
1999-06-23,0.0
1999-06-24,0.0
1999-06-25,0.0
1999-06-26,0.0
1999-06-27,0.0
1999-06-28,0.0
1999-06-29,0.0
1999-06-30,0.0
1999-07-01,0.0
1999-07-02,0.0
1999-07-03,0.0
1999-07-04,0.0
1999-07-05,0.0
1999-07-06,0.0
1999-07-07,0.0
1999-07-08,0.0
1999-07-09,0.0
1999-07-10,0.0
1999-07-11,0.0
1999-07-12,0.0
1999-07-13,0.0
1999-07-14,0.0
1999-07-15,0.0
1999-07-16,0.0
1999-07-17,0.0
1999-07-18,0.0
1999-07-19,0.0
1999-07-20,0.007302402224731762
1999-07-21,0.005476801668548821
1999-07-22,0.0
1999-07-23,0.0
1999-07-24,0.0
1999-07-25,0.0
1999-07-26,0.0
1999-07-27,0.0
1999-07-28,0.0
1999-07-29,0.0
1999-07-30,0.0
1999-07-31,0.0
1999-08-01,0.0
1999-08-02,0.0
1999-08-03,0.0
1999-08-04,0.0
1999-08-05,0.0
1999-08-06,0.0
1999-08-07,0.0
1999-08-08,0.0
1999-08-09,0.0
1999-08-10,0.0
1999-08-11,0.0
1999-08-12,0.0
1999-08-13,0.0
1999-08-14,0.0
1999-08-15,0.0
1999-08-16,0.0
1999-08-17,0.0
1999-08-18,0.0
1999-08-19,0.0
1999-08-20,0.0
1999-08-21,0.0
1999-08-22,0.0
1999-08-23,0.0
1999-08-24,0.0
1999-08-25,0.0
1999-08-26,0.0
1999-08-27,0.0
1999-08-28,0.0
1999-08-29,0.0
1999-08-30,0.0
1999-08-31,0.0
1999-09-01,0.0018256005561829406
1999-09-02,0.0
1999-09-03,0.0
1999-09-04,0.0
1999-09-05,0.0
1999-09-06,0.0
1999-09-07,0.0
1999-09-08,0.0
1999-09-09,0.0
1999-09-10,0.0
1999-09-11,0.0
1999-09-12,0.0
1999-09-13,0.0
1999-09-14,0.025558407786561165
1999-09-15,0.0
1999-09-16,0.0
1999-09-17,0.0
1999-09-18,0.0
1999-09-19,0.0
1999-09-20,0.0
1999-09-21,0.0
1999-09-22,0.0
1999-09-23,0.0
1999-09-24,0.0
1999-09-25,0.0
1999-09-26,0.03651201112365881
1999-09-27,0.0
1999-09-28,0.0
1999-09-29,0.0
1999-09-30,0.0
1999-10-01,0.0
1999-10-02,0.0
1999-10-03,0.0
1999-10-04,0.0
1999-10-05,0.0
1999-10-06,0.0
1999-10-07,0.0
1999-10-08,0.0
1999-10-09,0.0
1999-10-10,0.0
1999-10-11,0.0
1999-10-12,0.0
1999-10-13,0.19934403413834687
1999-10-14,0.0
1999-10-15,0.0
1999-10-16,0.0
1999-10-17,0.0
1999-10-18,0.0
1999-10-19,0.0
1999-10-20,0.0
1999-10-21,0.0
1999-10-22,0.0
1999-10-23,0.0
1999-10-24,0.0
1999-10-25,0.06777562129448648
1999-10-26,1.7311593909080099
1999-10-27,0.17911154429430373
1999-10-28,0.12440798225354696
1999-10-29,0.0
1999-10-30,0.0
1999-10-31,0.0
1999-11-01,0.0
1999-11-02,0.0
1999-11-03,0.0
1999-11-04,0.0
1999-11-05,0.0
1999-11-06,0.0
1999-11-07,0.0
1999-11-08,0.0
1999-11-09,0.0
1999-11-10,0.0
1999-11-11,0.029272466412599285
1999-11-12,0.0
1999-11-13,0.0
1999-11-14,0.0
1999-11-15,0.0
1999-11-16,0.0
1999-11-17,0.014191023069430625
1999-11-18,0.28050182049122135
1999-11-19,0.0
1999-11-20,0.0
1999-11-21,0.20311778568384384
1999-11-22,0.0
1999-11-23,0.0
1999-11-24,0.0
1999-11-25,0.1811591061504553
1999-11-26,21.818755992299675
1999-11-27,2.7543995807573993
1999-11-28,29.25393887065859
1999-11-29,14.483247359500684
1999-11-30,0.0
1999-12-01,0.0
1999-12-02,0.0
1999-12-03,0.0
1999-12-04,0.0036590583015749106
1999-12-05,0.0
1999-12-06,0.0
1999-12-07,0.0
1999-12-08,0.0
1999-12-09,0.0
1999-12-10,0.0
1999-12-11,0.0
1999-12-12,0.0
1999-12-13,0.0
1999-12-14,0.3160120899963233
1999-12-15,0.0
1999-12-16,0.09505694394885739
1999-12-17,0.6584251069837077
1999-12-18,0.007302402224731762
1999-12-19,0.0
1999-12-20,4.597691904671755
1999-12-21,4.709610089877125
1999-12-22,7.575364868291246
1999-12-23,15.962803067850592
1999-12-24,3.8917112752039973
1999-12-25,1.1839166797921978
1999-12-26,2.0634049258905844
1999-12-27,4.4668404033066516
1999-12-28,25.550078031971093
1999-12-29,2.353528631489865
1999-12-30,16.87758613051257
1999-12-31,0.5024694318947198
2000-01-01,1.175940429827433
2000-01-02,0.0
2000-01-03,0.6946110386400717
2000-01-04,9.037262561329607
2000-01-05,7.589709162348963
2000-01-06,9.24378543166977
2000-01-07,16.217490953853147
2000-01-08,3.1115525098601724
2000-01-09,14.011166760148962
2000-01-10,3.562343478309095
2000-01-11,2.7765326349543438
2000-01-12,2.1171335314930713
2000-01-13,0.27823810769034596
2000-01-14,0.7751348391589733
2000-01-15,2.3143749193193432
2000-01-16,1.9356382964872259
2000-01-17,1.7924406967200133
2000-01-18,7.836517744506776
2000-01-19,0.5731633187422753
2000-01-20,0.13172609885669673
2000-01-21,1.3238560053079482
2000-01-22,0.11220072819648852
2000-01-23,1.1117519066986108
2000-01-24,2.7632258763449795
2000-01-25,0.0
2000-01-26,0.0
2000-01-27,0.0
2000-01-28,0.0
2000-01-29,0.0
2000-01-30,0.0
2000-01-31,0.0
2000-02-01,0.17658759035138516
2000-02-02,0.7758604666149462
2000-02-03,1.0017443990911983
2000-02-04,5.755058285620768
2000-02-05,0.1908106509606325
2000-02-06,0.0548465885775785
2000-02-07,20.56725487719238
2000-02-08,1.9585325568163123
2000-02-09,8.451226005475462
2000-02-10,1.9591212350865248
2000-02-11,1.5521200881034627
2000-02-12,1.4624872006805134
2000-02-13,0.8277319766763616
2000-02-14,10.933136628633454
2000-02-15,14.70428206560965
2000-02-16,15.50228658725813
2000-02-17,14.06299895752562
2000-02-18,20.1762699908972
2000-02-19,23.8826919248282
2000-02-20,7.572689130963112
2000-02-21,2.0067098953300238
2000-02-22,10.26654777520088
2000-02-23,8.221354756560636
2000-02-24,9.630023225776892
2000-02-25,3.455875460860499
2000-02-26,1.047170149857359
2000-02-27,2.0601743019936727
2000-02-28,1.6274173154247324
2000-02-29,1.1533527706568658
2000-03-01,0.6856620776287848
2000-03-02,2.226614652215317
2000-03-03,6.862212976853425
2000-03-04,4.739347283119561
2000-03-05,0.5798174194038037
2000-03-06,11.119628197643433
2000-03-07,1.1707924596648822
2000-03-08,0.1491063668478702
2000-03-09,2.5587414874516403
2000-03-10,1.4500343449709523
2000-03-11,12.707251935110781
2000-03-12,2.0301466498935814
2000-03-13,0.9069864190385334
2000-03-14,11.823707832931513
2000-03-15,2.081181265571811
2000-03-16,0.02078001660884008
2000-03-17,0.0
2000-03-18,0.7129124403723684
2000-03-19,2.075308827780956
2000-03-20,14.010952026241185
2000-03-21,5.392957836653216
2000-03-22,1.6956759104214092
2000-03-23,0.32635337679773707
2000-03-24,1.1243567495076185
2000-03-25,4.062659237360945
2000-03-26,1.96227177369083
2000-03-27,3.5354326524901545
2000-03-28,11.002150648164035
2000-03-29,24.329577563306202
2000-03-30,10.600189763224966
2000-03-31,34.49501643633105
2000-04-01,3.650968383006174
2000-04-02,7.341566536303602
2000-04-03,2.98398039270136
2000-04-04,1.4307838662930046
2000-04-05,0.053581088720008774
2000-04-06,3.1020897371529483
2000-04-07,0.5412879287965071
2000-04-08,5.953927560486514
2000-04-09,2.1525683439422716
2000-04-10,1.5456643277166755
2000-04-11,4.0675804488976945
2000-04-12,1.9300119550677932
2000-04-13,5.727171857342654
2000-04-14,17.939833015786647
2000-04-15,12.8024344384311
2000-04-16,15.331162871056163
2000-04-17,12.76955063362719
2000-04-18,19.151798264544396
2000-04-19,8.960954300321326
2000-04-20,7.422796949210191
2000-04-21,1.7084154168059134
2000-04-22,0.9033344918893973
2000-04-23,2.5475062185941084
2000-04-24,3.3480181724094193
2000-04-25,0.2362467424900374
2000-04-26,8.232713264793778
2000-04-27,0.17915535171619984
2000-04-28,0.0
2000-04-29,1.1249070535670267
2000-04-30,0.024308622307409485
2000-05-01,0.0
2000-05-02,0.2729408643620554
2000-05-03,0.1387785403126211
2000-05-04,0.03292657056679483
2000-05-05,0.09283135992067591
2000-05-06,0.17399975879359053
2000-05-07,1.059656126169814
2000-05-08,7.493960536467592
2000-05-09,4.512410391970841
2000-05-10,0.0
2000-05-11,1.2398802218336447
2000-05-12,0.05109180707915095
2000-05-13,0.013853344405893388
2000-05-14,0.027706688811786777
2000-05-15,0.0
2000-05-16,0.06326037335601756
2000-05-17,0.06216885834915171
2000-05-18,0.4517041505395656
2000-05-19,0.28819635200811433
2000-05-20,0.0
2000-05-21,0.0
2000-05-22,0.0
2000-05-23,0.1244079822535469
2000-05-24,0.0
2000-05-25,0.0
2000-05-26,0.0
2000-05-27,0.0
2000-05-28,0.0
2000-05-29,0.23538637596215173
2000-05-30,0.20465187918773858
2000-05-31,2.856522805187212
2000-06-01,0.0
2000-06-02,0.415185680645648
2000-06-03,0.0
2000-06-04,0.0
2000-06-05,0.0
2000-06-06,0.0
2000-06-07,0.4968501881596556
2000-06-08,0.25737745658667893
2000-06-09,0.2500489866848977
2000-06-10,0.20097300429664627
2000-06-11,0.0
2000-06-12,0.08298400773561355
2000-06-13,0.0018256005561829401
2000-06-14,0.0
2000-06-15,0.0
2000-06-16,3.237548623092743
2000-06-17,0.03463336101473347
2000-06-18,0.03463336101473347
2000-06-19,0.0
2000-06-20,0.8385114183279126
2000-06-21,1.2852853563222084
2000-06-22,0.3346513363684388
2000-06-23,0.0
2000-06-24,0.0
2000-06-25,0.0
2000-06-26,0.0
2000-06-27,0.5026954562929677
2000-06-28,0.028481720422984
2000-06-29,0.08770871115955547
2000-06-30,0.16463285283397416
2000-07-01,0.0
2000-07-02,1.8006842302635533
2000-07-03,0.021171461009043276
2000-07-04,0.0
2000-07-05,0.0
2000-07-06,0.0
2000-07-07,0.0
2000-07-08,0.0
2000-07-09,0.0
2000-07-10,0.0
2000-07-11,0.5434137695597392
2000-07-12,2.5086838003923138
2000-07-13,1.3580863809059958
2000-07-14,0.0
2000-07-15,0.0
2000-07-16,0.18792329990912657
2000-07-17,0.0
2000-07-18,0.0
2000-07-19,0.06402463753557688
2000-07-20,0.0
2000-07-21,0.12479890976128508
2000-07-22,0.06214113361310121
2000-07-23,0.0
2000-07-24,0.0
2000-07-25,0.0
2000-07-26,0.0
2000-07-27,0.0
2000-07-28,0.6132061138126694
2000-07-29,0.3365149557165854
2000-07-30,0.0
2000-07-31,0.0
2000-08-01,0.0
2000-08-02,0.6785067131017196
2000-08-03,0.007302402224731758
2000-08-04,0.0
2000-08-05,0.0
2000-08-06,3.495952658411916
2000-08-07,1.6021783907622398
2000-08-08,0.8413132496077891
2000-08-09,0.0
2000-08-10,0.7218082688127629
2000-08-11,0.6866626354059664
2000-08-12,0.0
2000-08-13,0.0
2000-08-14,0.0
2000-08-15,0.0
2000-08-16,0.0
2000-08-17,0.0
2000-08-18,0.0
2000-08-19,0.0
2000-08-20,0.02927246641259927
2000-08-21,0.02195434980944945
2000-08-22,0.0
2000-08-23,0.0
2000-08-24,0.0
2000-08-25,0.0
2000-08-26,0.0
2000-08-27,0.0
2000-08-28,0.0
2000-08-29,0.0
2000-08-30,0.02927246641259927
2000-08-31,0.0
2000-09-01,0.0
2000-09-02,0.0
2000-09-03,0.0
2000-09-04,0.0
2000-09-05,0.0
2000-09-06,0.0
2000-09-07,0.0
2000-09-08,4.8598303596078445
2000-09-09,0.0
2000-09-10,0.0
2000-09-11,0.0
2000-09-12,0.060771555768523694
2000-09-13,0.558397418035838
2000-09-14,0.0
2000-09-15,0.25071345717067967
2000-09-16,1.8994422766558265
2000-09-17,0.0
2000-09-18,0.21877760076668532
2000-09-19,4.043293404051505
2000-09-20,0.0
2000-09-21,0.0
2000-09-22,0.0
2000-09-23,0.014636233206299637
2000-09-24,0.01947242775685456
2000-09-25,0.02430862230740948
2000-09-26,0.0
2000-09-27,0.0
2000-09-28,0.0
2000-09-29,0.0
2000-09-30,0.0
2000-10-01,0.0
2000-10-02,0.0
2000-10-03,0.0
2000-10-04,0.0
2000-10-05,0.0
2000-10-06,0.060771555768523694
2000-10-07,0.0
2000-10-08,0.0
2000-10-09,0.0
2000-10-10,0.0
2000-10-11,0.0
2000-10-12,0.07866582488925604
2000-10-13,0.0
2000-10-14,0.0
2000-10-15,0.0
2000-10-16,0.0
2000-10-17,0.0
2000-10-18,0.0
2000-10-19,0.0
2000-10-20,0.0
2000-10-21,0.0
2000-10-22,0.0
2000-10-23,0.0
2000-10-24,0.0
2000-10-25,0.0
2000-10-26,0.0
2000-10-27,0.0
2000-10-28,0.0
2000-10-29,0.0
2000-10-30,0.0
2000-10-31,0.0
2000-11-01,0.0
2000-11-02,0.0
2000-11-03,0.0
2000-11-04,0.0
2000-11-05,0.0
2000-11-06,0.0
2000-11-07,0.0
2000-11-08,0.0
2000-11-09,8.249539278543217
2000-11-10,0.0
2000-11-11,0.0
2000-11-12,0.0
2000-11-13,0.0
2000-11-14,0.0
2000-11-15,0.0
2000-11-16,0.0
2000-11-17,0.0
2000-11-18,0.0
2000-11-19,0.0
2000-11-20,0.0
2000-11-21,0.0
2000-11-22,0.0
2000-11-23,0.0
2000-11-24,0.9116915563910268
2000-11-25,0.6077943709273512
2000-11-26,0.1523631596701643
2000-11-27,0.07292586692222841
2000-11-28,0.0
2000-11-29,0.0
2000-11-30,0.0
2000-12-01,0.0
2000-12-02,0.0
2000-12-03,0.0
2000-12-04,0.0
2000-12-05,0.0
2000-12-06,0.0
2000-12-07,0.0
2000-12-08,0.0
2000-12-09,0.0
2000-12-10,0.0
2000-12-11,0.0
2000-12-12,0.16533989291230114
2000-12-13,0.0629530417519412
2000-12-14,3.9182264831417997
2000-12-15,17.914000302381986
2000-12-16,8.79880151464122
2000-12-17,2.619231633278387
2000-12-18,0.17788095493858977
2000-12-19,3.3937972044064315
2000-12-20,0.0
2000-12-21,0.010615422470402999
2000-12-22,0.6025088117479693
2000-12-23,0.1588691893356173
2000-12-24,0.0
2000-12-25,0.20520380163880073
2000-12-26,0.0
2000-12-27,0.0
2000-12-28,0.0
2000-12-29,0.0
2000-12-30,0.0
2000-12-31,0.009696867932594003
2001-01-01,0.040456137806324885
2001-01-02,2.308762530926993
2001-01-03,0.3211941887650994
2001-01-04,0.6199731418728138
2001-01-05,0.3490037840893567
2001-01-06,0.02424216983148526
2001-01-07,0.7680119792139203
2001-01-08,1.9539905965016946
2001-01-09,4.599710567507353
2001-01-10,3.8393965645570662
2001-01-11,0.49871607726644007
2001-01-12,2.3355994447207302
2001-01-13,5.475161880051255
2001-01-14,6.088521240854493
2001-01-15,0.6177082272219115
2001-01-16,0.22566535509509336
2001-01-17,0.0796465959159153
2001-01-18,0.0
2001-01-19,0.0
2001-01-20,0.0
2001-01-21,0.09622377110534236
2001-01-22,0.3074472994718737
2001-01-23,0.021879802803550463
2001-01-24,0.0
2001-01-25,0.0
2001-01-26,1.0189416979319024
2001-01-27,0.09377439862833159
2001-01-28,0.03469033958343759
2001-01-29,0.0
2001-01-30,0.12136841341897445
2001-01-31,0.5791312123791903
2001-02-01,0.398492214282576
2001-02-02,3.3556637258342707
2001-02-03,8.226426452609134
2001-02-04,5.278515126409812
2001-02-05,0.28803132661946623
2001-02-06,0.2803086056496417
2001-02-07,0.007419256746956781
2001-02-08,2.9386667115994927
2001-02-09,4.028675793334989
2001-02-10,7.833908215069718
2001-02-11,0.7762051903927852
2001-02-12,1.5208090958661618
2001-02-13,15.411591662067083
2001-02-14,16.844683667790527
2001-02-15,0.27264541250329855
2001-02-16,0.03252113432606587
2001-02-17,1.10952465066534
2001-02-18,11.751283197436605
2001-02-19,4.227881178462428
2001-02-20,4.233375143826404
2001-02-21,1.6997697372106548
2001-02-22,0.24328215727475205
2001-02-23,0.7718720690165087
2001-02-24,1.9717445974478411
2001-02-25,11.057539744326473
2001-02-26,10.086176320149708
2001-02-27,2.500117270380961
2001-02-28,16.5267254798498
2001-03-01,17.319717710406653
2001-03-02,6.210864930051654
2001-03-03,1.2593928251699027
2001-03-04,0.0
2001-03-05,0.0513167817327968
2001-03-06,0.47698621244956424
2001-03-07,0.8945063082840341
2001-03-08,0.6721408786015398
2001-03-09,1.1834100887576513
2001-03-10,4.6291951664631785
2001-03-11,2.709892775839849
2001-03-12,7.720812391474348
2001-03-13,7.656143149332679
2001-03-14,29.44145533449222
2001-03-15,8.961303030886393
2001-03-16,2.8135213746972085
2001-03-17,0.534411850237073
2001-03-18,0.5004680726172043
2001-03-19,0.3278168081724317
2001-03-20,0.6949009689454804
2001-03-21,0.05927561329197078
2001-03-22,1.2056493797485681
2001-03-23,2.1863776509513704
2001-03-24,1.180885913950283
2001-03-25,2.5786072286756117
2001-03-26,4.514659918610764
2001-03-27,0.1497433236813659
2001-03-28,0.183543893741255
2001-03-29,2.1595381913277176
2001-03-30,8.29242556871793
2001-03-31,0.5094366703082843
2001-04-01,0.6864769239441325
2001-04-02,5.544871032402072
2001-04-03,9.472097682959907
2001-04-04,17.042029831912192
2001-04-05,2.9775188241775004
2001-04-06,0.7020626926646402
2001-04-07,1.4396776751233742
2001-04-08,0.39278549782540473
2001-04-09,0.45432783444660435
2001-04-10,19.23589382440307
2001-04-11,18.100604931832976
2001-04-12,9.469703402467232
2001-04-13,9.22465387905211
2001-04-14,7.94535824166487
2001-04-15,3.483802427150005
2001-04-16,0.5618982593199416
2001-04-17,4.769640986228403
2001-04-18,3.0359259091904622
2001-04-19,15.328225677394464
2001-04-20,1.063460357754954
2001-04-21,2.028468371013192
2001-04-22,1.3297016242059079
2001-04-23,0.1130459231830294
2001-04-24,0.4877471744921742
2001-04-25,0.3704661519921611
2001-04-26,0.6334235160395809
2001-04-27,0.6428686044161309
2001-04-28,6.556944444724493
2001-04-29,5.721313111994315
2001-04-30,2.9537838875509097
2001-05-01,0.5981372859498458
2001-05-02,1.8668025676758777
2001-05-03,0.15672046861654995
2001-05-04,0.09343593067662688
2001-05-05,2.5475197762993256
2001-05-06,0.015923133705604497
2001-05-07,0.15664144593729887
2001-05-08,0.025526436604142198
2001-05-09,0.0
2001-05-10,0.6825010961768445
2001-05-11,0.600294474692461
2001-05-12,0.015923133705604497
2001-05-13,0.0
2001-05-14,0.0
2001-05-15,0.0
2001-05-16,0.0
2001-05-17,0.0
2001-05-18,0.24432446463964677
2001-05-19,0.23444624360136865
2001-05-20,0.2141757033499288
2001-05-21,0.6661563694596739
2001-05-22,0.052114969837256886
2001-05-23,0.0
2001-05-24,0.001059893820993826
2001-05-25,0.0
2001-05-26,0.0
2001-05-27,0.09909454213049232
2001-05-28,0.0
2001-05-29,0.034643021105621556
2001-05-30,0.0
2001-05-31,1.9631354858908785
2001-06-01,3.047580185609267
2001-06-02,8.556082909255728
2001-06-03,0.8526451934926959
2001-06-04,2.4774647693759038
2001-06-05,0.3645224164879254
2001-06-06,0.04521874706331462
2001-06-07,0.017968970026489388
2001-06-08,2.1767683410344256
2001-06-09,0.21179089477853674
2001-06-10,0.0
2001-06-11,0.0
2001-06-12,0.0202280689031624
2001-06-13,0.0
2001-06-14,0.0
2001-06-15,0.0
2001-06-16,0.0
2001-06-17,0.0
2001-06-18,0.0
2001-06-19,0.022045499792523834
2001-06-20,0.0
2001-06-21,0.0
2001-06-22,0.07187588010595755
2001-06-23,0.11799797592209066
2001-06-24,0.0
2001-06-25,0.0
2001-06-26,0.0
2001-06-27,0.0
2001-06-28,0.5399409892826917
2001-06-29,0.10431954779449631
2001-06-30,0.0
2001-07-01,0.0
2001-07-02,0.0
2001-07-03,0.05190885037590382
2001-07-04,0.0
2001-07-05,0.0
2001-07-06,0.0
2001-07-07,0.048888593116151555
2001-07-08,0.019393735865188205
2001-07-09,0.0
2001-07-10,0.0
2001-07-11,0.08305416060144612
2001-07-12,0.0
2001-07-13,0.0
2001-07-14,0.0
2001-07-15,0.0548097475418813
2001-07-16,0.04162840750012509
2001-07-17,0.0
2001-07-18,0.009412279346400654
2001-07-19,0.0
2001-07-20,0.0
2001-07-21,1.6687667918020368
2001-07-22,0.06330076723874763
2001-07-23,0.0
2001-07-24,0.0
2001-07-25,0.0
2001-07-26,0.0
2001-07-27,0.0
2001-07-28,0.0
2001-07-29,0.0
2001-07-30,0.0
2001-07-31,0.0
2001-08-01,0.0
2001-08-02,0.0
2001-08-03,0.0
2001-08-04,0.0
2001-08-05,0.0
2001-08-06,0.0
2001-08-07,0.04152708030072306
2001-08-08,0.0
2001-08-09,0.0
2001-08-10,0.0
2001-08-11,0.0
2001-08-12,0.0
2001-08-13,0.0
2001-08-14,0.0
2001-08-15,0.0
2001-08-16,0.11274360364617213
2001-08-17,0.0
2001-08-18,0.0
2001-08-19,0.0
2001-08-20,0.0
2001-08-21,0.0
2001-08-22,0.0
2001-08-23,0.0
2001-08-24,0.0
2001-08-25,0.0
2001-08-26,0.0
2001-08-27,0.0
2001-08-28,0.018233169002958714
2001-08-29,0.04561353929801152
2001-08-30,0.003179681462981478
2001-08-31,0.0
2001-09-01,0.0
2001-09-02,0.0
2001-09-03,0.0
2001-09-04,0.0
2001-09-05,0.0
2001-09-06,0.0
2001-09-07,0.0
2001-09-08,0.0
2001-09-09,0.0
2001-09-10,0.0
2001-09-11,0.0
2001-09-12,0.0
2001-09-13,0.0
2001-09-14,0.0
2001-09-15,0.0
2001-09-16,0.0
2001-09-17,0.09663579571568118
2001-09-18,0.0
2001-09-19,0.0
2001-09-20,0.1879918966597025
2001-09-21,0.0
2001-09-22,0.0
2001-09-23,0.0
2001-09-24,0.0
2001-09-25,0.0
2001-09-26,0.0
2001-09-27,0.0
2001-09-28,0.0
2001-09-29,0.0
2001-09-30,0.0
2001-10-01,0.0
2001-10-02,0.0
2001-10-03,0.0
2001-10-04,0.0
2001-10-05,0.0
2001-10-06,0.0
2001-10-07,0.0
2001-10-08,0.0
2001-10-09,0.0
2001-10-10,0.0
2001-10-11,0.0
2001-10-12,0.0
2001-10-13,0.09009492050510619
2001-10-14,0.0
2001-10-15,0.0
2001-10-16,0.0
2001-10-17,0.0
2001-10-18,0.0
2001-10-19,0.0
2001-10-20,0.0
2001-10-21,0.0
2001-10-22,0.0
2001-10-23,0.0
2001-10-24,0.0
2001-10-25,0.0
2001-10-26,0.0
2001-10-27,0.0
2001-10-28,0.0
2001-10-29,0.0
2001-10-30,0.0
2001-10-31,0.0
2001-11-01,0.0
2001-11-02,0.0
2001-11-03,0.6906097182798392
2001-11-04,0.0
2001-11-05,0.0
2001-11-06,0.0
2001-11-07,0.0
2001-11-08,0.0
2001-11-09,0.0
2001-11-10,0.0
2001-11-11,0.0
2001-11-12,0.0
2001-11-13,0.0
2001-11-14,0.0
2001-11-15,0.0
2001-11-16,0.0
2001-11-17,0.0
2001-11-18,0.0
2001-11-19,0.0
2001-11-20,0.0
2001-11-21,0.0
2001-11-22,0.0
2001-11-23,0.0
2001-11-24,0.0
2001-11-25,0.0
2001-11-26,0.0
2001-11-27,0.003646633800591743
2001-11-28,0.0
2001-11-29,0.020056485903254588
2001-11-30,0.02370311970384633
2001-12-01,0.0
2001-12-02,0.0
2001-12-03,0.0
2001-12-04,1.3147593146852432
2001-12-05,0.0
2001-12-06,0.0
2001-12-07,0.0
2001-12-08,0.0
2001-12-09,0.17651250126382398
2001-12-10,0.1051589983097948
2001-12-11,0.0
2001-12-12,0.0
2001-12-13,0.0
2001-12-14,0.0
2001-12-15,0.0
2001-12-16,0.0
2001-12-17,0.0
2001-12-18,0.0
2001-12-19,0.0
2001-12-20,0.0
2001-12-21,0.0
2001-12-22,0.0
2001-12-23,0.0
2001-12-24,0.0
2001-12-25,0.0
2001-12-26,0.052035509375156365
2001-12-27,0.0
2001-12-28,0.0
2001-12-29,0.0
2001-12-30,0.8172806811783854
2001-12-31,0.020056485903254588
2002-01-01,13.123621796999197
2002-01-02,16.478357291069226
2002-01-03,5.777697615465023
2002-01-04,2.497710129781107
2002-01-05,10.072551795142225
2002-01-06,35.59055737137608
2002-01-07,13.600267896335591
2002-01-08,19.493227039062294
2002-01-09,16.749815605105933
2002-01-10,9.3645328544569
2002-01-11,0.10487477761242545
2002-01-12,5.335326414257022
2002-01-13,10.02134445031845
2002-01-14,7.749621048088488
2002-01-15,10.280972684612452
2002-01-16,8.420511893352236
2002-01-17,14.628579285106397
2002-01-18,22.38024380712079
2002-01-19,2.729620513541487
2002-01-20,0.8178339589380453
2002-01-21,1.5273219934169364
2002-01-22,6.919964552629338
2002-01-23,0.2861411635800435
2002-01-24,0.3696174196989878
2002-01-25,0.4203556003526509
2002-01-26,1.4404279579859733
2002-01-27,2.9349024749546277
2002-01-28,1.52962745476318
2002-01-29,1.7837639939508214
2002-01-30,0.5684318914848788
2002-01-31,0.03737847359801878
2002-02-01,0.06891012862017545
2002-02-02,0.0
2002-02-03,0.1822119103889609
2002-02-04,1.4265044719877142
2002-02-05,0.05350131036258144
2002-02-06,0.16154521084907458
2002-02-07,0.576254730781347
2002-02-08,0.0
2002-02-09,1.1069953167666697
2002-02-10,6.550330030943163
2002-02-11,1.1676579879795799
2002-02-12,0.8261385256674617
2002-02-13,3.3770987615081607
2002-02-14,1.0905987901650351
2002-02-15,1.3948889940263307
2002-02-16,2.3953425120451284
2002-02-17,0.013068862986026759
2002-02-18,0.11032180702072739
2002-02-19,0.06330986973977358
2002-02-20,0.09775756426212834
2002-02-21,0.5247783360400615
2002-02-22,0.22036694004617913
2002-02-23,0.0
2002-02-24,0.0
2002-02-25,0.0
2002-02-26,0.09436857479730928
2002-02-27,0.03444581102339609
2002-02-28,0.0
2002-03-01,0.0
2002-03-02,0.796465959159144
2002-03-03,1.7197653686129617
2002-03-04,6.534296063085803
2002-03-05,28.241967444849532
2002-03-06,12.058100429949327
2002-03-07,11.201783911770727
2002-03-08,10.0873594764276
2002-03-09,5.920346612785124
2002-03-10,4.407940882564127
2002-03-11,2.4893921206538963
2002-03-12,1.6502891099355332
2002-03-13,0.0
2002-03-14,1.075709088149943
2002-03-15,0.5472711329785253
2002-03-16,0.4702024576543855
2002-03-17,6.008147416300639
2002-03-18,5.090555265362663
2002-03-19,1.4213393677670654
2002-03-20,2.509169396852204
2002-03-21,0.5219768438852175
2002-03-22,0.6889682698732726
2002-03-23,2.2454248192410953
2002-03-24,6.092903403723512
2002-03-25,1.8229167980404632
2002-03-26,6.855338083670316
2002-03-27,3.2039949952055524
2002-03-28,7.739483296715267
2002-03-29,5.54685552699006
2002-03-30,0.7415400731281951
2002-03-31,0.4902614164068617
2002-04-01,2.344825823666966
2002-04-02,1.4855107466195905
2002-04-03,3.518205348915059
2002-04-04,6.166039882573442
2002-04-05,7.026170584374244
2002-04-06,5.321852700003575
2002-04-07,9.780790332426946
2002-04-08,17.349870377718872
2002-04-09,3.754048571672902
2002-04-10,1.0517644076796437
2002-04-11,5.098467513103888
2002-04-12,7.697166279348995
2002-04-13,13.82133248405222
2002-04-14,2.254701801536533
2002-04-15,3.521501635669749
2002-04-16,1.2947140392915815
2002-04-17,0.4874116130383593
2002-04-18,0.4253388281818306
2002-04-19,0.33383982618497654
2002-04-20,1.3632697348691094
2002-04-21,0.3126493603376138
2002-04-22,1.0770878207816648
2002-04-23,0.0
2002-04-24,0.1341596182469474
2002-04-25,1.5053182725328078
2002-04-26,4.428151467309762
2002-04-27,4.9528324220113324
2002-04-28,1.7756372215282303
2002-04-29,5.135463275691499
2002-04-30,1.1411717091258886
2002-05-01,3.11678789134486
2002-05-02,8.25013168762771
2002-05-03,5.765715816091197
2002-05-04,0.07319527729301714
2002-05-05,0.08360715110233483
2002-05-06,0.0
2002-05-07,0.36801642263003875
2002-05-08,2.7319377348632026
2002-05-09,0.0
2002-05-10,0.0
2002-05-11,1.1854164162384693
2002-05-12,0.5994651737796913
2002-05-13,0.0
2002-05-14,0.0
2002-05-15,0.047634785150927034
2002-05-16,0.29434905110393067
2002-05-17,0.2087185109598524
2002-05-18,0.533367069311566
2002-05-19,0.0
2002-05-20,0.0
2002-05-21,0.0
2002-05-22,0.005891473645360575
2002-05-23,0.0
2002-05-24,0.06810272175379452
2002-05-25,4.680137701138667
2002-05-26,1.6053886376737991
2002-05-27,0.17085651383717976
2002-05-28,0.0
2002-05-29,0.0
2002-05-30,0.0
2002-05-31,0.6388452264161365
2002-06-01,11.349631087934043
2002-06-02,0.25439488252505327
2002-06-03,0.19139672413128325
2002-06-04,0.0
2002-06-05,0.0
2002-06-06,0.10521163101972011
2002-06-07,0.010182593064908674
2002-06-08,0.16293420175472434
2002-06-09,0.0
2002-06-10,0.011022749896261865
2002-06-11,1.1448556741020226
2002-06-12,0.0
2002-06-13,1.531802656308197
2002-06-14,0.12285519197052495
2002-06-15,0.13684803839679804
2002-06-16,1.3284656497672886
2002-06-17,0.7459693188139335
2002-06-18,0.040048175685685104
2002-06-19,0.9964438772122992
2002-06-20,0.03336025251755192
2002-06-21,0.04781641903676291
2002-06-22,0.0
2002-06-23,0.0
2002-06-24,0.0
2002-06-25,0.0
2002-06-26,0.0
2002-06-27,0.0031429193900817925
2002-06-28,0.0
2002-06-29,0.0
2002-06-30,0.0
2002-07-01,0.5483375326784151
2002-07-02,0.20658886296940235
2002-07-03,0.0
2002-07-04,0.0
2002-07-05,0.0
2002-07-06,0.0
2002-07-07,0.0
2002-07-08,0.0
2002-07-09,0.0
2002-07-10,0.0
2002-07-11,0.0
2002-07-12,0.023759383818120237
2002-07-13,0.07568177387604558
2002-07-14,0.0
2002-07-15,0.0
2002-07-16,0.0
2002-07-17,0.0
2002-07-18,0.0
2002-07-19,0.0
2002-07-20,0.0
2002-07-21,0.0
2002-07-22,0.0
2002-07-23,0.0
2002-07-24,0.0
2002-07-25,0.025188419182605525
2002-07-26,0.04206321399389242
2002-07-27,0.07632855256575356
2002-07-28,0.013728931659810569
2002-07-29,0.0
2002-07-30,0.0
2002-07-31,0.0
2002-08-01,0.0
2002-08-02,0.0
2002-08-03,0.0
2002-08-04,0.0
2002-08-05,0.0
2002-08-06,0.0
2002-08-07,0.0
2002-08-08,0.0
2002-08-09,0.0
2002-08-10,0.0
2002-08-11,0.0
2002-08-12,0.0
2002-08-13,0.0
2002-08-14,0.0
2002-08-15,0.0
2002-08-16,0.0
2002-08-17,0.0
2002-08-18,0.0
2002-08-19,0.0
2002-08-20,0.0
2002-08-21,0.0
2002-08-22,0.0
2002-08-23,0.0
2002-08-24,0.0
2002-08-25,0.0
2002-08-26,0.0
2002-08-27,0.0
2002-08-28,0.0
2002-08-29,0.0
2002-08-30,0.0
2002-08-31,0.0
2002-09-01,0.0
2002-09-02,0.0
2002-09-03,0.0
2002-09-04,0.003646633800591742
2002-09-05,0.0
2002-09-06,0.0
2002-09-07,0.0
2002-09-08,0.0
2002-09-09,0.0
2002-09-10,0.0
2002-09-11,0.0
2002-09-12,0.0
2002-09-13,0.0
2002-09-14,0.0
2002-09-15,0.0
2002-09-16,0.0
2002-09-17,0.0
2002-09-18,0.0
2002-09-19,0.0
2002-09-20,0.0
2002-09-21,0.0
2002-09-22,0.0
2002-09-23,0.0
2002-09-24,0.0
2002-09-25,0.0
2002-09-26,0.0
2002-09-27,0.0
2002-09-28,0.0
2002-09-29,0.0
2002-09-30,0.0
2002-10-01,0.0
2002-10-02,0.0
2002-10-03,0.0
2002-10-04,0.0
2002-10-05,0.0
2002-10-06,0.0
2002-10-07,0.0
2002-10-08,0.0
2002-10-09,0.0
2002-10-10,0.0
2002-10-11,0.0
2002-10-12,0.0
2002-10-13,0.0
2002-10-14,0.0
2002-10-15,0.0
2002-10-16,0.0
2002-10-17,0.0
2002-10-18,0.0
2002-10-19,0.0
2002-10-20,0.0
2002-10-21,0.0
2002-10-22,0.0
2002-10-23,0.0
2002-10-24,0.0
2002-10-25,0.0
2002-10-26,0.0
2002-10-27,0.0
2002-10-28,0.0
2002-10-29,0.0
2002-10-30,0.0
2002-10-31,0.2335450586983975
2002-11-01,0.0
2002-11-02,0.0
2002-11-03,0.0
2002-11-04,0.0
2002-11-05,0.0
2002-11-06,0.0
2002-11-07,0.0
2002-11-08,0.0
2002-11-09,0.0
2002-11-10,0.0
2002-11-11,0.0
2002-11-12,0.0
2002-11-13,0.0
2002-11-14,0.0
2002-11-15,0.0
2002-11-16,0.0
2002-11-17,0.0
2002-11-18,0.0
2002-11-19,0.0
2002-11-20,0.0
2002-11-21,0.0
2002-11-22,0.0
2002-11-23,0.0
2002-11-24,0.0
2002-11-25,0.0
2002-11-26,0.0
2002-11-27,0.0
2002-11-28,0.0
2002-11-29,0.0
2002-11-30,0.0
2002-12-01,0.0
2002-12-02,0.01287070292930088
2002-12-03,0.0
2002-12-04,0.0
2002-12-05,0.0
2002-12-06,0.0
2002-12-07,0.04146685390728319
2002-12-08,0.4837799622516373
2002-12-09,1.7517461702977575
2002-12-10,0.16182455122529946
2002-12-11,0.35716167515502645
2002-12-12,0.0
2002-12-13,0.0
2002-12-14,0.0
2002-12-15,0.0
2002-12-16,0.0
2002-12-17,0.06672050503510385
2002-12-18,0.0
2002-12-19,0.0
2002-12-20,0.0
2002-12-21,0.0
2002-12-22,0.056522823909172
2002-12-23,0.0
2002-12-24,0.020228068903162432
2002-12-25,0.5728553439827804
2002-12-26,1.3159432766179173
2002-12-27,0.0
2002-12-28,0.0
2002-12-29,0.0
2002-12-30,0.0
2002-12-31,0.0
2003-01-01,0.31223605001475746
2003-01-02,0.07061110829491345
2003-01-03,0.24391916580618855
2003-01-04,0.0
2003-01-05,0.0
2003-01-06,0.0
2003-01-07,0.0
2003-01-08,0.0
2003-01-09,0.013728931659810466
2003-01-10,0.03034210335474356
2003-01-11,0.019220504323734653
2003-01-12,0.0
2003-01-13,0.6634696625165304
2003-01-14,0.0
2003-01-15,0.26821405089207934
2003-01-16,0.0
2003-01-17,0.15610652812546982
2003-01-18,1.271462361791032
2003-01-19,14.155923742505927
2003-01-20,19.100517113233686
2003-01-21,5.533931220462393
2003-01-22,8.570526626271496
2003-01-23,0.5701146334686475
2003-01-24,0.1315452243147692
2003-01-25,1.4434280077464694
2003-01-26,0.0
2003-01-27,0.5057632999943795
2003-01-28,3.111360046763238
2003-01-29,0.5693340588110725
2003-01-30,1.1256477046306979
2003-01-31,2.202106457414103
2003-02-01,0.0
2003-02-02,4.925397034161264
2003-02-03,9.309140564807235
2003-02-04,0.7393275498519025
2003-02-05,2.513428964737058
2003-02-06,5.431017845039149
2003-02-07,0.7812306279054553
2003-02-08,1.1066196154545633
2003-02-09,1.9852232744603393
2003-02-10,1.409994449784526
2003-02-11,6.440092694840937
2003-02-12,21.411671765318562
2003-02-13,24.530855924257228
2003-02-14,0.040456137806324746
2003-02-15,0.4765776107455627
2003-02-16,0.18139765399814314
2003-02-17,4.069802052250379
2003-02-18,14.395741099004528
2003-02-19,6.667708420989683
2003-02-20,2.9394213016505613
2003-02-21,1.880003940669522
2003-02-22,2.726376246245751
2003-02-23,2.2864060703335114
2003-02-24,5.8435238033601395
2003-02-25,16.038082155645316
2003-02-26,23.519315337031085
2003-02-27,0.5419379011350589
2003-02-28,10.41957326058829
2003-03-01,10.75446634350167
2003-03-02,1.2699791595387553
2003-03-03,3.5575726288140497
2003-03-04,7.826968393488251
2003-03-05,4.773363832830495
2003-03-06,0.5423621879934382
2003-03-07,0.9519017731658452
2003-03-08,1.8684226550913554
2003-03-09,0.4179567677261487
2003-03-10,0.4437608448504655
2003-03-11,2.7295322604727565
2003-03-12,1.8441896552893007
2003-03-13,0.3817519115704003
2003-03-14,4.167098758173423
2003-03-15,3.9140562196233324
2003-03-16,3.278804811333891
2003-03-17,11.118403563184438
2003-03-18,7.520969259206602
2003-03-19,4.476376768013723
2003-03-20,60.73226015000178
2003-03-21,12.29683618504506
2003-03-22,7.911854064305266
2003-03-23,14.6547632127512
2003-03-24,20.70623955657307
2003-03-25,0.5479706165086239
2003-03-26,11.790089078562026
2003-03-27,1.130210096396662
2003-03-28,4.047933026826636
2003-03-29,6.456881218248768
2003-03-30,7.064394786264508
2003-03-31,6.324835211282002
2003-04-01,12.94690564647572
2003-04-02,4.295156852466562
2003-04-03,2.435047705594052
2003-04-04,3.4337223358068436
2003-04-05,4.063956660945119
2003-04-06,4.579191318742643
2003-04-07,1.0299382097937753
2003-04-08,4.605080003440863
2003-04-09,2.089642764767455
2003-04-10,4.646267222658825
2003-04-11,3.048606011815557
2003-04-12,1.14319651963032
2003-04-13,0.8754427441181747
2003-04-14,0.10013146091546579
2003-04-15,1.3024070192576533
2003-04-16,0.011879691909060037
2003-04-17,1.7279229364165232
2003-04-18,0.21719360759381823
2003-04-19,1.3286502554475297
2003-04-20,2.054835353310152
2003-04-21,0.548267835160499
2003-04-22,0.7972108217906712
2003-04-23,1.240288454674466
2003-04-24,0.13172107053354704
2003-04-25,1.6348134960829743
2003-04-26,2.6069422564651044
2003-04-27,0.850171457716002
2003-04-28,11.461267784644734
2003-04-29,1.406576000082626
2003-04-30,1.5994883514698637
2003-05-01,1.1311283029559205
2003-05-02,4.353825372198008
2003-05-03,1.2720166595591909
2003-05-04,2.262199365063479
2003-05-05,6.34706857609332
2003-05-06,0.7168939718989389
2003-05-07,0.004679297920831527
2003-05-08,0.3110643011691298
2003-05-09,0.20739579582571604
2003-05-10,0.6562868204059664
2003-05-11,0.18799189665970248
2003-05-12,0.03352730522687515
2003-05-13,0.03786892623981836
2003-05-14,0.35293369835360733
2003-05-15,0.006613649937757147
2003-05-16,0.026841718840919543
2003-05-17,0.31327199200596945
2003-05-18,0.010300573603865344
2003-05-19,0.07682852119796445
2003-05-20,0.21238076493124716
2003-05-21,0.037198722923546035
2003-05-22,0.047720238406956675
2003-05-23,0.0
2003-05-24,0.0
2003-05-25,0.0
2003-05-26,0.08494101491342038
2003-05-27,0.1046224695884812
2003-05-28,0.0
2003-05-29,0.0
2003-05-30,0.06774708856405445
2003-05-31,0.3191727572087353
2003-06-01,0.08351491408329856
2003-06-02,0.14159648232213679
2003-06-03,0.0
2003-06-04,0.3401236337127566
2003-06-05,9.22252287340687
2003-06-06,1.7190971415381198
2003-06-07,0.0
2003-06-08,0.0
2003-06-09,0.0
2003-06-10,0.20228068903162397
2003-06-11,0.0016970988441514464
2003-06-12,0.044124569947937606
2003-06-13,0.32444196745477816
2003-06-14,0.0
2003-06-15,1.6445737361808561
2003-06-16,18.679343139575636
2003-06-17,3.384203678816649
2003-06-18,0.3826391690663382
2003-06-19,0.0
2003-06-20,0.0
2003-06-21,0.0
2003-06-22,0.04546782399663442
2003-06-23,0.0
2003-06-24,0.24166612675931914
2003-06-25,0.0
2003-06-26,0.0
2003-06-27,0.0
2003-06-28,0.0
2003-06-29,0.0
2003-06-30,0.0
2003-07-01,0.10716591956323394
2003-07-02,0.0
2003-07-03,0.0
2003-07-04,0.0
2003-07-05,0.0
2003-07-06,0.0
2003-07-07,0.0
2003-07-08,0.0
2003-07-09,0.0
2003-07-10,0.0
2003-07-11,0.0
2003-07-12,0.9340619470528962
2003-07-13,0.018599361461773017
2003-07-14,0.0
2003-07-15,0.0
2003-07-16,0.0
2003-07-17,0.0
2003-07-18,0.0
2003-07-19,0.0
2003-07-20,0.0
2003-07-21,0.0
2003-07-22,0.0
2003-07-23,0.0
2003-07-24,0.0
2003-07-25,0.012399574307848679
2003-07-26,0.0
2003-07-27,0.0
2003-07-28,0.0
2003-07-29,0.0
2003-07-30,0.0
2003-07-31,0.0
2003-08-01,0.0
2003-08-02,0.0
2003-08-03,0.0
2003-08-04,0.0
2003-08-05,0.0
2003-08-06,0.0
2003-08-07,0.0
2003-08-08,0.0
2003-08-09,0.0
2003-08-10,0.0
2003-08-11,0.0
2003-08-12,0.0
2003-08-13,0.0
2003-08-14,0.0
2003-08-15,0.0
2003-08-16,0.04045613780632482
2003-08-17,0.10691722718154051
2003-08-18,0.0
2003-08-19,0.0
2003-08-20,0.0
2003-08-21,0.0
2003-08-22,0.0
2003-08-23,0.0
2003-08-24,0.0
2003-08-25,0.0
2003-08-26,0.0
2003-08-27,0.0
2003-08-28,0.046630219747344215
2003-08-29,0.03099893576962172
2003-08-30,0.0
2003-08-31,0.0
2003-09-01,0.0
2003-09-02,0.0
2003-09-03,0.0
2003-09-04,0.0
2003-09-05,0.0
2003-09-06,0.0
2003-09-07,0.0
2003-09-08,0.0
2003-09-09,0.0
2003-09-10,0.0
2003-09-11,0.0
2003-09-12,0.0
2003-09-13,0.0
2003-09-14,0.0
2003-09-15,0.0
2003-09-16,0.0
2003-09-17,0.0
2003-09-18,0.0
2003-09-19,0.0
2003-09-20,0.0
2003-09-21,0.0
2003-09-22,0.0
2003-09-23,0.0
2003-09-24,0.0
2003-09-25,0.0
2003-09-26,0.0
2003-09-27,0.0
2003-09-28,0.0
2003-09-29,0.0
2003-09-30,0.0
2003-10-01,0.0
2003-10-02,0.0
2003-10-03,0.0
2003-10-04,0.0
2003-10-05,0.0
2003-10-06,0.0
2003-10-07,0.0
2003-10-08,0.0
2003-10-09,0.0
2003-10-10,0.0
2003-10-11,0.0
2003-10-12,0.0
2003-10-13,0.0
2003-10-14,0.0
2003-10-15,0.0
2003-10-16,0.0
2003-10-17,0.0
2003-10-18,0.0
2003-10-19,0.0
2003-10-20,0.0
2003-10-21,0.0
2003-10-22,0.0
2003-10-23,0.0
2003-10-24,0.0
2003-10-25,0.0
2003-10-26,0.0
2003-10-27,0.0
2003-10-28,0.0
2003-10-29,0.0
2003-10-30,0.0
2003-10-31,0.0
2003-11-01,0.0
2003-11-02,0.0
2003-11-03,0.0
2003-11-04,0.0
2003-11-05,0.0
2003-11-06,0.0
2003-11-07,0.0
2003-11-08,0.0020580273136731305
2003-11-09,0.0
2003-11-10,0.0
2003-11-11,0.0
2003-11-12,0.0
2003-11-13,0.0
2003-11-14,0.0
2003-11-15,0.0
2003-11-16,0.0
2003-11-17,0.0
2003-11-18,0.0
2003-11-19,0.0
2003-11-20,0.0
2003-11-21,0.0
2003-11-22,0.0
2003-11-23,0.0
2003-11-24,0.0
2003-11-25,0.0
2003-11-26,0.0
2003-11-27,0.0
2003-11-28,0.0
2003-11-29,0.0
2003-11-30,0.0
2003-12-01,0.0
2003-12-02,0.0
2003-12-03,0.0
2003-12-04,0.0
2003-12-05,0.0
2003-12-06,0.0
2003-12-07,0.0
2003-12-08,0.08091227561264963
2003-12-09,0.0
2003-12-10,0.0
2003-12-11,0.0
2003-12-12,0.0
2003-12-13,0.0
2003-12-14,0.0
2003-12-15,0.271102485177946
2003-12-16,0.0
2003-12-17,0.0
2003-12-18,0.0
2003-12-19,0.025922484039586365
2003-12-20,0.0
2003-12-21,0.054837881085677005
2003-12-22,0.2660747981836109
2003-12-23,0.0
2003-12-24,0.0
2003-12-25,0.0
2003-12-26,0.0
2003-12-27,0.0
2003-12-28,0.46025966363785675
2003-12-29,3.8731124952145226
2003-12-30,0.21219070744849652
2003-12-31,0.010259142020128682
2004-01-01,0.0
2004-01-02,0.0
2004-01-03,0.0985273490277377
2004-01-04,0.03528068567618707
2004-01-05,0.32312699113679566
2004-01-06,0.0
2004-01-07,0.0
2004-01-08,0.0
2004-01-09,0.2816803226199397
2004-01-10,5.068498631379497
2004-01-11,10.255194725125062
2004-01-12,38.731252653876716
2004-01-13,6.563743715174433
2004-01-14,4.1374296260988155
2004-01-15,38.51538732883183
2004-01-16,0.9001815957300243
2004-01-17,8.205072285869365
2004-01-18,28.04140672108311
2004-01-19,1.8144975347478869
2004-01-20,3.6365093766917846
2004-01-21,15.48343912274602
2004-01-22,36.91656334733218
2004-01-23,38.32617708626517
2004-01-24,24.873107317222644
2004-01-25,51.32050705778292
2004-01-26,21.200168806780546
2004-01-27,59.55938884050281
2004-01-28,26.906573940813175
2004-01-29,32.666300054632615
2004-01-30,44.98427093430446
2004-01-31,7.085572293308071
2004-02-01,3.176775765826938
2004-02-02,3.4194858840086617
2004-02-03,2.965980862677357
2004-02-04,4.761709463527018
2004-02-05,7.960875826481522
2004-02-06,12.38112591564828
2004-02-07,9.304768683381257
2004-02-08,4.03200338151487
2004-02-09,3.35621664225205
2004-02-10,0.3027208983656757
2004-02-11,0.00787582024724389
2004-02-12,0.0
2004-02-13,8.093210965190151
2004-02-14,14.227776286911077
2004-02-15,2.333938445735672
2004-02-16,22.16691877623545
2004-02-17,7.307344186575191
2004-02-18,0.0
2004-02-19,0.0
2004-02-20,0.5619433948297718
2004-02-21,0.433833339595323
2004-02-22,0.9483905733422524
2004-02-23,1.0238648838490818
2004-02-24,7.255924265693817
2004-02-25,4.059266928897101
2004-02-26,1.6050972619350659
2004-02-27,11.311075079588342
2004-02-28,10.864921804434802
2004-02-29,6.924675642245306
2004-03-01,3.146842973229558
2004-03-02,0.7085979769961002
2004-03-03,0.5159695721853457
2004-03-04,2.221731280967981
2004-03-05,1.5510322569129655
2004-03-06,4.191945322166276
2004-03-07,28.90296236639774
2004-03-08,9.26146820066222
2004-03-09,2.860971846704862
2004-03-10,0.8249204286967725
2004-03-11,0.9053345166627972
2004-03-12,0.6237171802355456
2004-03-13,1.52856430817322
2004-03-14,0.4030144067095667
2004-03-15,0.39400577617465765
2004-03-16,2.1256756867310007
2004-03-17,4.479152763596788
2004-03-18,1.7830086446091418
2004-03-19,0.0
2004-03-20,0.0
2004-03-21,0.0
2004-03-22,0.3320355965779612
2004-03-23,0.6392149888858941
2004-03-24,1.2750215270522423
2004-03-25,1.3951341527137562
2004-03-26,1.3169827570171697
2004-03-27,4.93724562819495
2004-03-28,0.21133781991061112
2004-03-29,0.0
2004-03-30,0.12809136631155937
2004-03-31,0.18102967975144998
2004-04-01,0.0
2004-04-02,0.1112949982923083
2004-04-03,0.0
2004-04-04,0.2823253199960097
2004-04-05,0.8668172834415334
2004-04-06,0.004353525456333187
2004-04-07,5.235401596592397
2004-04-08,2.3735330498053924
2004-04-09,5.639964041587151
2004-04-10,0.0
2004-04-11,0.0
2004-04-12,0.06788344130117115
2004-04-13,0.2559607637320274
2004-04-14,0.0
2004-04-15,0.6512995964871968
2004-04-16,0.7055915851911069
2004-04-17,1.5643928965157312
2004-04-18,0.025480914233695084
2004-04-19,1.5114223978067611
2004-04-20,0.5634646508549607
2004-04-21,1.3510195204428503
2004-04-22,0.880552126472196
2004-04-23,5.091244402588373
2004-04-24,0.12236259582750336
2004-04-25,0.11358610340044259
2004-04-26,7.95536587793771
2004-04-27,4.676270827540459
2004-04-28,0.2922213738350996
2004-04-29,1.8353459762700748
2004-04-30,0.0
2004-05-01,0.0
2004-05-02,0.0
2004-05-03,0.0
2004-05-04,0.0
2004-05-05,3.5897733044923847
2004-05-06,0.6365246856179241
2004-05-07,1.3426752990713917
2004-05-08,0.0
2004-05-09,0.09715862967744736
2004-05-10,0.4169431590895752
2004-05-11,2.943775229113409
2004-05-12,0.23634038076370395
2004-05-13,0.0
2004-05-14,0.0
2004-05-15,0.0
2004-05-16,0.0
2004-05-17,0.017128853316959732
2004-05-18,0.04459136623051606
2004-05-19,0.21509737336664386
2004-05-20,0.6932486979424679
2004-05-21,12.039920721853512
2004-05-22,0.4153383635743546
2004-05-23,0.0
2004-05-24,0.1850765986311613
2004-05-25,0.813131002172273
2004-05-26,0.5515161361132526
2004-05-27,0.015273889597362917
2004-05-28,0.007618669548583077
2004-05-29,0.17004547061733227
2004-05-30,0.9451762465946514
2004-05-31,0.14189799417248405
2004-06-01,0.08956273774964418
2004-06-02,1.3846577361569428
2004-06-03,0.8577134403638246
2004-06-04,0.0
2004-06-05,0.2141464410565606
2004-06-06,0.12836210697421324
2004-06-07,0.03143746521940385
2004-06-08,0.006205953820411675
2004-06-09,0.0
2004-06-10,0.0
2004-06-11,0.0
2004-06-12,0.0
2004-06-13,0.16512401620604403
2004-06-14,0.5558371623066993
2004-06-15,5.880873041712405
2004-06-16,0.08282307835447827
2004-06-17,2.9239345369382335
2004-06-18,0.9888246106062814
2004-06-19,2.334336552580901
2004-06-20,1.1106925031376027
2004-06-21,0.8482757462087837
2004-06-22,3.36786507208607
2004-06-23,0.20656757136384263
2004-06-24,0.0
2004-06-25,0.06788344130117115
2004-06-26,0.08305416060144609
2004-06-27,1.0891332691133564
2004-06-28,1.9326594700622866
2004-06-29,0.1269729492296518
2004-06-30,0.27096888592888585
2004-07-01,0.2176569899431731
2004-07-02,0.01241190764082335
2004-07-03,0.32230140929130935
2004-07-04,1.721400445837341
2004-07-05,0.4538864804017821
2004-07-06,0.0
2004-07-07,1.515719347783394
2004-07-08,0.0
2004-07-09,0.034257706633919464
2004-07-10,0.018617861461235025
2004-07-11,0.04409099958504765
2004-07-12,0.01750840470849121
2004-07-13,0.0
2004-07-14,0.03109684710538121
2004-07-15,0.06618685492190597
2004-07-16,0.031029769102058378
2004-07-17,1.9110851118447418
2004-07-18,0.08271588025207914
2004-07-19,0.0
2004-07-20,0.034257706633919464
2004-07-21,0.0
2004-07-22,0.0
2004-07-23,0.0
2004-07-24,0.0
2004-07-25,0.034257706633919464
2004-07-26,0.0
2004-07-27,0.0
2004-07-28,0.0
2004-07-29,0.0
2004-07-30,0.07579486891359632
2004-07-31,0.18799189665970248
2004-08-01,0.0
2004-08-02,0.0
2004-08-03,0.0
2004-08-04,0.0
2004-08-05,0.0
2004-08-06,0.0
2004-08-07,0.41484465275150334
2004-08-08,0.019281045476787655
2004-08-09,0.0
2004-08-10,0.11388915806333261
2004-08-11,0.0
2004-08-12,0.0
2004-08-13,0.0
2004-08-14,0.0
2004-08-15,0.0
2004-08-16,0.0
2004-08-17,0.17239137547689745
2004-08-18,0.0
2004-08-19,0.0
2004-08-20,0.0
2004-08-21,0.0
2004-08-22,0.0
2004-08-23,0.0
2004-08-24,0.0
2004-08-25,0.0
2004-08-26,0.0
2004-08-27,0.0
2004-08-28,0.0
2004-08-29,0.0
2004-08-30,0.0
2004-08-31,0.006699362239019565
2004-09-01,0.0
2004-09-02,0.0
2004-09-03,0.0
2004-09-04,0.0
2004-09-05,0.0
2004-09-06,0.0
2004-09-07,0.0
2004-09-08,0.0
2004-09-09,0.0
2004-09-10,0.0
2004-09-11,0.0
2004-09-12,0.0
2004-09-13,0.0
2004-09-14,0.0
2004-09-15,0.0
2004-09-16,0.0
2004-09-17,0.0
2004-09-18,0.0
2004-09-19,0.0
2004-09-20,0.0
2004-09-21,0.0
2004-09-22,0.0
2004-09-23,0.16173374224451315
2004-09-24,0.0
2004-09-25,0.0
2004-09-26,0.0
2004-09-27,0.0
2004-09-28,0.0
2004-09-29,0.0
2004-09-30,0.0
2004-10-01,0.0
2004-10-02,0.0
2004-10-03,0.0
2004-10-04,0.0
2004-10-05,0.0
2004-10-06,0.0
2004-10-07,0.0
2004-10-08,0.0
2004-10-09,0.0
2004-10-10,0.0
2004-10-11,0.0
2004-10-12,0.0
2004-10-13,0.0
2004-10-14,0.0
2004-10-15,0.0
2004-10-16,0.0
2004-10-17,0.0
2004-10-18,0.0
2004-10-19,0.0
2004-10-20,0.0
2004-10-21,0.0
2004-10-22,0.0
2004-10-23,0.0
2004-10-24,0.0
2004-10-25,0.0
2004-10-26,0.0
2004-10-27,0.0
2004-10-28,0.0
2004-10-29,0.0
2004-10-30,0.0
2004-10-31,0.0
2004-11-01,0.0
2004-11-02,0.0
2004-11-03,0.0
2004-11-04,0.0
2004-11-05,0.0
2004-11-06,0.0
2004-11-07,0.0
2004-11-08,0.0
2004-11-09,0.0
2004-11-10,0.0
2004-11-11,0.0
2004-11-12,0.0
2004-11-13,0.0
2004-11-14,0.0
2004-11-15,0.0
2004-11-16,0.0
2004-11-17,0.0
2004-11-18,0.0
2004-11-19,0.0
2004-11-20,0.0
2004-11-21,0.0
2004-11-22,0.0
2004-11-23,0.0
2004-11-24,0.0
2004-11-25,0.0
2004-11-26,0.3711932080156481
2004-11-27,1.4180161669250324
2004-11-28,0.018855205070683237
2004-11-29,0.0
2004-11-30,0.0
2004-12-01,0.0
2004-12-02,0.0
2004-12-03,0.0
2004-12-04,0.0
2004-12-05,0.0
2004-12-06,0.0
2004-12-07,0.0
2004-12-08,0.0
2004-12-09,0.0
2004-12-10,0.0
2004-12-11,0.0
2004-12-12,0.0
2004-12-13,0.0
2004-12-14,0.0
2004-12-15,0.0
2004-12-16,0.0
2004-12-17,0.0
2004-12-18,0.0
2004-12-19,0.0
2004-12-20,0.0
2004-12-21,0.0
2004-12-22,0.0
2004-12-23,0.0
2004-12-24,0.0
2004-12-25,0.11833137966103542
2004-12-26,0.008080802173149788
2004-12-27,0.23056567002402253
2004-12-28,11.457883377350898
2004-12-29,6.481971346105796
2004-12-30,0.0
2004-12-31,0.0022331207463398553
2005-01-01,0.0
2005-01-02,0.04045613780632476
2005-01-03,0.0
2005-01-04,0.0
2005-01-05,0.0
2005-01-06,0.0
2005-01-07,0.22359936374491216
2005-01-08,0.0
2005-01-09,0.014139536748865375
2005-01-10,0.030870409705096746
2005-01-11,0.0
2005-01-12,0.0
2005-01-13,0.17820162616317237
2005-01-14,3.6675387846177165
2005-01-15,22.949941834248115
2005-01-16,3.3111230085327823
2005-01-17,13.584243914194094
2005-01-18,1.709866614147775
2005-01-19,0.7236051326545148
2005-01-20,12.357395769006793
2005-01-21,0.6159906953956378
2005-01-22,0.5032646449998546
2005-01-23,3.9402879666457697
2005-01-24,5.8716662092913285
2005-01-25,11.221422772882375
2005-01-26,67.84414370764337
2005-01-27,0.9067466328978481
2005-01-28,0.0
2005-01-29,0.17128853316959725
2005-01-30,0.0
2005-01-31,0.0
2005-02-01,0.0
2005-02-02,0.03425770663391945
2005-02-03,0.0
2005-02-04,0.18841738648655698
2005-02-05,0.3351833994225514
2005-02-06,0.025032771373915814
2005-02-07,0.15812770419327282
2005-02-08,0.0
2005-02-09,0.0
2005-02-10,0.3425770663391945
2005-02-11,0.0949709222263395
2005-02-12,3.2769883410553278
2005-02-13,2.0795972999920576
2005-02-14,0.05004614065236894
2005-02-15,13.540735357674459
2005-02-16,6.8193843180794245
2005-02-17,0.5749513209960514
2005-02-18,2.4846514047644326
2005-02-19,1.8538777427727384
2005-02-20,0.013900105215646653
2005-02-21,1.0494649232137172
2005-02-22,0.0
2005-02-23,0.48866995639782085
2005-02-24,0.07441896417659843
2005-02-25,0.5151297592752593
2005-02-26,2.63710725663393
2005-02-27,1.9523476150934111
2005-02-28,1.4384675899718757
2005-03-01,0.001088381364083296
2005-03-02,0.04045613780632485
2005-03-03,0.011879691909060044
2005-03-04,0.10400820645337781
2005-03-05,0.0
2005-03-06,0.0
2005-03-07,0.0
2005-03-08,0.16122199139793925
2005-03-09,0.08416352083096568
2005-03-10,0.23762882614654868
2005-03-11,0.4188254082683976
2005-03-12,0.23188624629403604
2005-03-13,0.0
2005-03-14,0.0
2005-03-15,1.9638872087203911
2005-03-16,0.498511344283964
2005-03-17,1.2137841024854967
2005-03-18,5.921461914249271
2005-03-19,32.88405992710382
2005-03-20,24.826927096039398
2005-03-21,8.810187214622822
2005-03-22,9.702095225773148
2005-03-23,8.300165834364531
2005-03-24,8.233282077158718
2005-03-25,14.349195406134438
2005-03-26,33.80690982746808
2005-03-27,5.410611553145546
2005-03-28,23.002584963034455
2005-03-29,12.31425157016974
2005-03-30,8.948836158096158
2005-03-31,14.90385902573757
2005-04-01,1.7310323616960224
2005-04-02,1.6148603445264467
2005-04-03,1.3136981239987757
2005-04-04,0.7767500549116203
2005-04-05,0.5018316047223227
2005-04-06,0.9466668391786881
2005-04-07,0.5931060340675314
2005-04-08,0.29645348892206747
2005-04-09,0.46851489600238333
2005-04-10,1.3489802985123538
2005-04-11,0.3664840484596658
2005-04-12,1.644496950885188
2005-04-13,1.3324433223185024
2005-04-14,8.091082063136474
2005-04-15,10.095770508874761
2005-04-16,1.425037401248046
2005-04-17,0.04409063810994694
2005-04-18,1.6537549829447116
2005-04-19,1.147702743449131
2005-04-20,0.9802847662731502
2005-04-21,0.6096603621511765
2005-04-22,0.00706976837443269
2005-04-23,0.8901783024045283
2005-04-24,0.0
2005-04-25,0.3513861720017875
2005-04-26,0.5676446346593633
2005-04-27,3.922225041183496
2005-04-28,2.818009100130946
2005-04-29,3.0032336631421614
2005-04-30,20.437712067116895
2005-05-01,2.0699676027905167
2005-05-02,3.301538017597237
2005-05-03,15.111522565123877
2005-05-04,0.925255986431222
2005-05-05,0.7609957218678833
2005-05-06,0.17481965019033624
2005-05-07,0.18382249123824948
2005-05-08,0.9337478538640562
2005-05-09,0.18779554766926382
2005-05-10,0.11092949490964339
2005-05-11,0.13270756210180273
2005-05-12,0.2906159507677438
2005-05-13,1.8162683904237795
2005-05-14,4.521932482918745
2005-05-15,0.4641229281672792
2005-05-16,0.4027153228654978
2005-05-17,1.3244173456697288
2005-05-18,1.6232706953832667
2005-05-19,0.6209689408449943
2005-05-20,1.0574414358655255
2005-05-21,0.599239192527578
2005-05-22,0.3273915295455678
2005-05-23,2.730253950946526
2005-05-24,2.7121250928780136
2005-05-25,0.4881443445889888
2005-05-26,0.18758506983172082
2005-05-27,0.04823465436478636
2005-05-28,1.1863122782314606
2005-05-29,0.8656766692017599
2005-05-30,0.056480075244634685
2005-05-31,3.3906385793223617
2005-06-01,0.5890144433058684
2005-06-02,0.5658077820106846
2005-06-03,0.470385950905794
2005-06-04,0.10610361688409178
2005-06-05,0.44385632364708993
2005-06-06,0.39427826481168426
2005-06-07,0.008769937157233884
2005-06-08,1.4012819917994288
2005-06-09,0.14468199222089506
2005-06-10,0.0
2005-06-11,0.43669543332139205
2005-06-12,0.03078711942279872
2005-06-13,0.8481998469529318
2005-06-14,0.4847554497990938
2005-06-15,0.9663286160875117
2005-06-16,0.0
2005-06-17,0.0
2005-06-18,0.0
2005-06-19,0.31065196054406624
2005-06-20,0.0
2005-06-21,0.04045613780632485
2005-06-22,0.012943831689336093
2005-06-23,0.0
2005-06-24,0.0
2005-06-25,0.0
2005-06-26,0.22982233809386526
2005-06-27,3.9165769032764386
2005-06-28,0.6112320319594746
2005-06-29,0.0
2005-06-30,0.0
2005-07-01,0.0
2005-07-02,0.0
2005-07-03,0.0
2005-07-04,0.0
2005-07-05,0.0
2005-07-06,0.0
2005-07-07,0.0
2005-07-08,0.0
2005-07-09,0.04423018296888315
2005-07-10,0.0
2005-07-11,0.0
2005-07-12,0.0
2005-07-13,0.0
2005-07-14,0.0
2005-07-15,0.0
2005-07-16,0.0
2005-07-17,0.0
2005-07-18,0.0
2005-07-19,0.0
2005-07-20,0.0
2005-07-21,0.002058027313673118
2005-07-22,0.0
2005-07-23,0.0
2005-07-24,0.0
2005-07-25,0.0
2005-07-26,0.0
2005-07-27,0.0
2005-07-28,0.0
2005-07-29,0.0
2005-07-30,0.0
2005-07-31,0.0
2005-08-01,0.0
2005-08-02,0.0
2005-08-03,0.022638300450404297
2005-08-04,0.0
2005-08-05,0.0
2005-08-06,0.0
2005-08-07,0.0
2005-08-08,0.0
2005-08-09,0.0
2005-08-10,0.0
2005-08-11,0.0
2005-08-12,0.0
2005-08-13,0.0
2005-08-14,0.0
2005-08-15,0.0
2005-08-16,0.0
2005-08-17,0.0
2005-08-18,0.0
2005-08-19,0.0
2005-08-20,0.0
2005-08-21,0.0
2005-08-22,0.0
2005-08-23,0.0
2005-08-24,1.8447844160542552
2005-08-25,0.0
2005-08-26,0.0
2005-08-27,0.0
2005-08-28,0.0
2005-08-29,0.0
2005-08-30,0.0
2005-08-31,0.0
2005-09-01,0.0
2005-09-02,0.0
2005-09-03,0.0
2005-09-04,0.0
2005-09-05,0.0
2005-09-06,0.0
2005-09-07,0.0
2005-09-08,0.0
2005-09-09,0.0
2005-09-10,0.0
2005-09-11,0.0
2005-09-12,0.0
2005-09-13,0.0
2005-09-14,0.0
2005-09-15,0.0
2005-09-16,0.0
2005-09-17,0.0
2005-09-18,0.0
2005-09-19,0.0
2005-09-20,0.0
2005-09-21,0.0
2005-09-22,0.0
2005-09-23,0.0
2005-09-24,0.0
2005-09-25,0.0
2005-09-26,0.0
2005-09-27,0.0
2005-09-28,0.0
2005-09-29,0.0
2005-09-30,0.0
2005-10-01,0.0
2005-10-02,0.0
2005-10-03,0.0
2005-10-04,0.0
2005-10-05,0.0
2005-10-06,0.0
2005-10-07,0.0
2005-10-08,0.0
2005-10-09,0.0
2005-10-10,0.0
2005-10-11,0.0
2005-10-12,0.0
2005-10-13,0.0
2005-10-14,0.0
2005-10-15,0.0
2005-10-16,0.0
2005-10-17,0.0
2005-10-18,0.0
2005-10-19,0.0
2005-10-20,0.0
2005-10-21,0.0
2005-10-22,0.0
2005-10-23,0.0
2005-10-24,0.0
2005-10-25,0.0
2005-10-26,0.0
2005-10-27,0.0
2005-10-28,0.0
2005-10-29,0.0
2005-10-30,0.0
2005-10-31,0.0
2005-11-01,0.0
2005-11-02,0.0
2005-11-03,0.0
2005-11-04,0.0
2005-11-05,0.0
2005-11-06,0.0
2005-11-07,0.0
2005-11-08,0.0
2005-11-09,0.0
2005-11-10,0.0
2005-11-11,0.0
2005-11-12,0.0
2005-11-13,0.0
2005-11-14,0.0
2005-11-15,0.0
2005-11-16,0.0
2005-11-17,0.0
2005-11-18,0.0
2005-11-19,0.0
2005-11-20,0.0
2005-11-21,0.0
2005-11-22,0.0
2005-11-23,0.0
2005-11-24,0.0
2005-11-25,0.0
2005-11-26,0.0
2005-11-27,0.0
2005-11-28,0.44198251640482444
2005-11-29,0.0
2005-11-30,0.0
2005-12-01,0.0
2005-12-02,0.0
2005-12-03,0.11274360364617261
2005-12-04,0.14743394322961034
2005-12-05,0.20786075868098539
2005-12-06,1.2426701630877617
2005-12-07,1.785099947838249
2005-12-08,4.949423794316571
2005-12-09,0.2729661863989887
2005-12-10,0.0
2005-12-11,0.0
2005-12-12,0.0
2005-12-13,0.0
2005-12-14,0.0
2005-12-15,0.0
2005-12-16,0.0
2005-12-17,0.0
2005-12-18,0.0
2005-12-19,0.2776556122658389
2005-12-20,2.313198703913627
2005-12-21,1.282726342887871
2005-12-22,1.3794600076285555
2005-12-23,2.2084018919194826
2005-12-24,2.2271833193146313
2005-12-25,1.6960688239082709
2005-12-26,1.026577090369378
2005-12-27,0.4890082882628116
2005-12-28,0.5924409610158302
2005-12-29,4.877045519722769
2005-12-30,4.384605776840503
2005-12-31,4.396507922410016
2006-01-01,30.209201390970122
2006-01-02,2.8011867631098317
2006-01-03,0.4932963881312709
2006-01-04,7.116175785870199
2006-01-05,0.014182626929784031
2006-01-06,3.0980326671441785
2006-01-07,3.3093973540662525
2006-01-08,1.6936649117726215
2006-01-09,2.1705687282769204
2006-01-10,1.1678639207640402
2006-01-11,1.9171956844493196
2006-01-12,2.345620650548642
2006-01-13,0.3868655502184958
2006-01-14,2.333188550591392
2006-01-15,2.7541843947579796
2006-01-16,2.5149154943829513
2006-01-17,1.1738561950584478
2006-01-18,1.2017652489394814
2006-01-19,1.533371442625655
2006-01-20,0.838460514101256
2006-01-21,2.630947693197367
2006-01-22,2.518375972437981
2006-01-23,3.023860761381508
2006-01-24,2.5778178429401173
2006-01-25,2.9562222680253827
2006-01-26,1.118401223231266
2006-01-27,1.377485419414602
2006-01-28,1.1883075965638168
2006-01-29,1.2985837589330163
2006-01-30,1.8272066880675344
2006-01-31,4.023570788481479
2006-02-01,1.1121228095074622
2006-02-02,2.536018366231628
2006-02-03,0.6304032266209391
2006-02-04,0.04865807500932249
2006-02-05,3.3888730982261155
2006-02-06,0.47864407956731203
2006-02-07,0.35179256519039076
2006-02-08,0.0
2006-02-09,0.0
2006-02-10,1.3792114296228748
2006-02-11,1.4200039704955632
2006-02-12,5.966629149462033
2006-02-13,1.086202022090299
2006-02-14,6.561941796931876
2006-02-15,8.779526422802439
2006-02-16,4.428556849127234
2006-02-17,7.2669429096083356
2006-02-18,4.098422706412485
2006-02-19,7.518904086165029
2006-02-20,3.363317200420928
2006-02-21,2.646120371980702
2006-02-22,3.550997456993752
2006-02-23,17.30855346036217
2006-02-24,7.77397274226246
2006-02-25,8.973353825360542
2006-02-26,4.682231435742287
2006-02-27,4.122533815616811
2006-02-28,0.194300925193717
2006-03-01,7.2233487402455445
2006-03-02,20.698875639745086
2006-03-03,21.049411492864298
2006-03-04,4.797708167270606
2006-03-05,1.7930574869022795
2006-03-06,1.677996684007598
2006-03-07,3.038460135588962
2006-03-08,3.635408170902021
2006-03-09,2.059925030229106
2006-03-10,0.5816471637924404
2006-03-11,2.0311919481515734
2006-03-12,0.5708632205748609
2006-03-13,1.9509146277970215
2006-03-14,1.7051373668568892
2006-03-15,5.977828414115682
2006-03-16,1.8761180213338822
2006-03-17,1.5820957682525076
2006-03-18,0.2849746365188281
2006-03-19,3.280412422707875
2006-03-20,4.191093398418016
2006-03-21,2.309145207193409
2006-03-22,0.5418636915850114
2006-03-23,2.0759250330713557
2006-03-24,13.18830905224592
2006-03-25,2.4551043851661247
2006-03-26,1.40810868777821
2006-03-27,1.3676351628795056
2006-03-28,3.320440930646502
2006-03-29,1.200739229320955
2006-03-30,4.483083360282644
2006-03-31,5.446583336927433
2006-04-01,1.5980017189235343
2006-04-02,2.538328230728049
2006-04-03,0.5063519025143655
2006-04-04,6.235981217949724
2006-04-05,3.258161301999223
2006-04-06,3.9860689794753523
2006-04-07,4.158504878662616
2006-04-08,1.7483186248420008
2006-04-09,2.9646488775501947
2006-04-10,9.22185613800664
2006-04-11,1.1482455587162288
2006-04-12,0.6553197693583561
2006-04-13,1.5387357742457748
2006-04-14,4.874219896213954
2006-04-15,4.446085775248636
2006-04-16,8.463884665048745
2006-04-17,6.063465012153711
2006-04-18,6.4159058040778225
2006-04-19,14.830423692226951
2006-04-20,1.2504617489472407
2006-04-21,3.673659706587818
2006-04-22,11.406182898641777
2006-04-23,1.6036056899821245
2006-04-24,2.380415092777683
2006-04-25,1.9981514342003217
2006-04-26,2.360119519616739
2006-04-27,3.043911550086528
2006-04-28,2.314418139169559
2006-04-29,5.141624889064099
2006-04-30,10.673355926486007
2006-05-01,3.936253570121284
2006-05-02,3.7003837039843175
2006-05-03,0.0
2006-05-04,0.0
2006-05-05,0.424115402239135
2006-05-06,2.7463912162575004
2006-05-07,6.231811554482841
2006-05-08,8.486623901598797
2006-05-09,4.449837079506239
2006-05-10,3.7624423075573783
2006-05-11,2.6257042863483404
2006-05-12,2.684636724750839
2006-05-13,7.134344320182942
2006-05-14,2.5013811259745853
2006-05-15,1.5324786845627827
2006-05-16,0.48918982852908094
2006-05-17,0.5217360884483878
2006-05-18,0.0
2006-05-19,0.0
2006-05-20,0.9134613516728775
2006-05-21,2.998931142528061
2006-05-22,2.435649702704189
2006-05-23,0.1743189564067749
2006-05-24,3.068091084664645
2006-05-25,0.24319503597317618
2006-05-26,0.2656602835882303
2006-05-27,0.27445091229915153
2006-05-28,0.1087736128348625
2006-05-29,0.0
2006-05-30,0.0
2006-05-31,0.0
2006-06-01,0.0
2006-06-02,0.018212428281304836
2006-06-03,0.0
2006-06-04,0.0
2006-06-05,0.8801783173479122
2006-06-06,1.9129433584840054
2006-06-07,0.05038766365929619
2006-06-08,0.9505996742873569
2006-06-09,0.0486580750093225
2006-06-10,3.4825699243361132
2006-06-11,2.4397658719875626
2006-06-12,3.256163630177895
2006-06-13,11.065912476178763
2006-06-14,4.930518646772671
2006-06-15,0.0076028242202066405
2006-06-16,0.015704382959423537
2006-06-17,0.2552390182659089
2006-06-18,0.4949989629300419
2006-06-19,2.0781035100427836
2006-06-20,0.3809921814565848
2006-06-21,0.0486580750093225
2006-06-22,0.05018742665446584
2006-06-23,2.7277712756228114
2006-06-24,0.0015205648440413282
2006-06-25,2.5458174234006994
2006-06-26,0.12096351489181066
2006-06-27,2.4906852145396954
2006-06-28,0.2953082847067771
2006-06-29,1.309803977993327
2006-06-30,0.3333681587745117
2006-07-01,0.04865807500932242
2006-07-02,1.6502018013266566
2006-07-03,0.0486580750093225
2006-07-04,1.6117987346838079
2006-07-05,0.0486580750093225
2006-07-06,0.0
2006-07-07,0.21670702204119205
2006-07-08,0.0486580750093225
2006-07-09,0.01418381811538221
2006-07-10,0.06690485313781844
2006-07-11,0.0486580750093225
2006-07-12,0.13382435094414014
2006-07-13,0.007194092090194212
2006-07-14,0.0
2006-07-15,0.097316150018645
2006-07-16,0.7815703298372426
2006-07-17,0.0486580750093225
2006-07-18,0.7815703298372426
2006-07-19,1.7106354495464942
2006-07-20,0.097316150018645
2006-07-21,1.6117987346838079
2006-07-22,0.0486580750093225
2006-07-23,0.07027541154586875
2006-07-24,1.7425731691387634
2006-07-25,0.09258962671865428
2006-07-26,0.0
2006-07-27,0.20743062980592297
2006-07-28,1.8076451752075389
2006-07-29,0.0
2006-07-30,0.0
2006-07-31,0.0
2006-08-01,0.0
2006-08-02,0.0486580750093225
2006-08-03,1.6117987346838079
2006-08-04,2.442027139530373
2006-08-05,0.0
2006-08-06,0.0
2006-08-07,0.0
2006-08-08,0.0015205648440413282
2006-08-09,0.0015205648440413282
2006-08-10,0.0
2006-08-11,0.0
2006-08-12,0.0
2006-08-13,0.002421424109963169
2006-08-14,0.0
2006-08-15,0.0015205648440413282
2006-08-16,0.0
2006-08-17,0.21504637623599343
2006-08-18,0.0
2006-08-19,0.0
2006-08-20,0.0
2006-08-21,0.0
2006-08-22,0.0015205648440413282
2006-08-23,0.0486580750093225
2006-08-24,0.0
2006-08-25,0.014436477668023391
2006-08-26,0.012121203259724685
2006-08-27,0.0
2006-08-28,0.0030411296880826564
2006-08-29,0.0015205648440413282
2006-08-30,0.0
2006-08-31,0.34317973527247186
2006-09-01,0.008864447912541628
2006-09-02,0.0
2006-09-03,0.0
2006-09-04,0.0
2006-09-05,1.6604568096931303
2006-09-06,0.0486580750093225
2006-09-07,0.0015205648440413282
2006-09-08,0.0486580750093225
2006-09-09,0.0
2006-09-10,0.1459742250279675
2006-09-11,0.0
2006-09-12,0.04181440374974192
2006-09-13,0.8636866892828756
2006-09-14,1.6117987346838079
2006-09-15,0.0
2006-09-16,0.0015205648440413282
2006-09-17,0.0
2006-09-18,0.0
2006-09-19,0.0015205648440413282
2006-09-20,0.0
2006-09-21,0.0
2006-09-22,0.0
2006-09-23,0.8302284048465651
2006-09-24,0.0
2006-09-25,0.0
2006-09-26,0.0
2006-09-27,0.0
2006-09-28,0.0015205648440413282
2006-09-29,1.4338926479309724
2006-09-30,0.0
2006-10-01,0.0
2006-10-02,0.0
2006-10-03,1.6604568096931303
2006-10-04,0.097316150018645
2006-10-05,0.0
2006-10-06,0.0
2006-10-07,0.097316150018645
2006-10-08,0.0
2006-10-09,0.097316150018645
2006-10-10,0.0486580750093225
2006-10-11,0.0486580750093225
2006-10-12,0.0486580750093225
2006-10-13,0.8302284048465651
2006-10-14,2.539343289549018
2006-10-15,0.0486580750093225
2006-10-16,0.0486580750093225
2006-10-17,0.09883671486268633
2006-10-18,0.0015205648440413282
2006-10-19,0.0486580750093225
2006-10-20,0.0
2006-10-21,0.0
2006-10-22,0.0
2006-10-23,0.28308179019337776
2006-10-24,0.0
2006-10-25,0.0
2006-10-26,0.0
2006-10-27,0.0
2006-10-28,0.0
2006-10-29,0.0
2006-10-30,0.0
2006-10-31,0.0
2006-11-01,0.0
2006-11-02,0.0
2006-11-03,0.0015205648440413287
2006-11-04,0.0015205648440413287
2006-11-05,0.0015205648440413287
2006-11-06,0.0015205648440413287
2006-11-07,0.003941988954004498
2006-11-08,0.0015205648440413287
2006-11-09,0.0
2006-11-10,0.0015205648440413287
2006-11-11,0.0015205648440413287
2006-11-12,0.0
2006-11-13,0.016729142218155267
2006-11-14,0.0
2006-11-15,0.0
2006-11-16,0.0
2006-11-17,0.0
2006-11-18,0.022856008645749236
2006-11-19,0.0
2006-11-20,0.0
2006-11-21,0.0
2006-11-22,0.03954054381247585
2006-11-23,0.0
2006-11-24,0.0
2006-11-25,0.0
2006-11-26,0.0
2006-11-27,0.0
2006-11-28,0.0015205648440413287
2006-11-29,0.20603231397098867
2006-11-30,0.0
2006-12-01,0.0
2006-12-02,2.1260500498689425
2006-12-03,0.0
2006-12-04,0.0055346836799158175
2006-12-05,0.0015205648440413287
2006-12-06,0.0
2006-12-07,0.0
2006-12-08,0.0015205648440413287
2006-12-09,0.0
2006-12-10,0.0015205648440413287
2006-12-11,0.011069367359831635
2006-12-12,0.0
2006-12-13,0.0
2006-12-14,0.0
2006-12-15,0.0
2006-12-16,0.05465366814714553
2006-12-17,0.0
2006-12-18,0.004466241492679727
2006-12-19,0.0319318617248679
2006-12-20,0.0
2006-12-21,0.30994228607528573
2006-12-22,0.0
2006-12-23,0.0
2006-12-24,0.0
2006-12-25,0.0015205648440413287
2006-12-26,0.0030411296880826573
2006-12-27,0.0
2006-12-28,0.12482718818226358
2006-12-29,2.4879961275847697
2006-12-30,1.4474805546082117
2006-12-31,1.0552002323146916
2007-01-01,2.741544819493049
2007-01-02,3.1521219624946832
2007-01-03,0.6152688815005254
2007-01-04,0.0516992046974051
2007-01-05,1.8681850197300724
2007-01-06,0.06107153178438819
2007-01-07,1.8550891097304183
2007-01-08,0.0
2007-01-09,0.16367876952523255
2007-01-10,0.03345828443631049
2007-01-11,1.77901188256037
2007-01-12,0.015226058106270608
2007-01-13,2.539343289549015
2007-01-14,0.048658075009322455
2007-01-15,0.048658075009322455
2007-01-16,0.05087047531335325
2007-01-17,0.0
2007-01-18,2.1009233478665537
2007-01-19,0.03044076023953696
2007-01-20,0.14749478987200867
2007-01-21,1.6968204194723027
2007-01-22,2.052611190587226
2007-01-23,0.0
2007-01-24,0.048658075009322455
2007-01-25,0.05017863985336377
2007-01-26,0.012164518752330614
2007-01-27,1.6604568096931287
2007-01-28,2.574393049855083
2007-01-29,0.10037485330893148
2007-01-30,0.0
2007-01-31,1.356029033234935
2007-02-01,3.380611564752109
2007-02-02,3.000142093897361
2007-02-03,2.4424023355436697
2007-02-04,0.6540837328846343
2007-02-05,2.7029755362183776
2007-02-06,3.2107069208299075
2007-02-07,0.6454254528899662
2007-02-08,3.0153250423087012
2007-02-09,7.0495519922885475
2007-02-10,0.37842605395987955
2007-02-11,3.213760766605801
2007-02-12,7.170864313336015
2007-02-13,26.435661312124527
2007-02-14,15.730530435317675
2007-02-15,10.296863912750526
2007-02-16,15.68991591134733
2007-02-17,37.28464149185577
2007-02-18,35.88441257953132
2007-02-19,25.605148316426877
2007-02-20,45.169903426524854
2007-02-21,3.569336840904879
2007-02-22,11.009619497718772
2007-02-23,26.186436963474698
2007-02-24,3.889901911406316
2007-02-25,1.4661588858002041
2007-02-26,2.351856316810797
2007-02-27,0.3746855663473934
2007-02-28,2.8455934914573837
2007-03-01,5.185288953299352
2007-03-02,10.611190902878716
2007-03-03,4.32476886829123
2007-03-04,3.05351522405714
2007-03-05,4.618664924953032
2007-03-06,3.119508719385289
2007-03-07,1.0058536563110325
2007-03-08,4.77591881104422
2007-03-09,6.110901999101312
2007-03-10,6.374436748169161
2007-03-11,1.4118195163519902
2007-03-12,5.825654461359538
2007-03-13,1.1538026875097223
2007-03-14,2.7001606535512264
2007-03-15,2.9196615150898744
2007-03-16,5.721237712225231
2007-03-17,0.24505368838172997
2007-03-18,0.5995536624106388
2007-03-19,4.781645775856804
2007-03-20,1.8817141085053672
2007-03-21,1.7269636706421048
2007-03-22,1.2918402609127146
2007-03-23,1.0459154440971572
2007-03-24,0.39310576542462106
2007-03-25,0.3207168451853534
2007-03-26,0.3969565429243922
2007-03-27,1.1623242699499368
2007-03-28,3.904775960741286
2007-03-29,3.2446370286996027
2007-03-30,0.38478170520451266
2007-03-31,1.958102957527056
2007-04-01,2.760916540690899
2007-04-02,3.1102687065684664
2007-04-03,0.1709470425909362
2007-04-04,0.0909466387429974
2007-04-05,0.5389364957636621
2007-04-06,0.20897587514893595
2007-04-07,0.1508463944579905
2007-04-08,0.07975129193191645
2007-04-09,0.28152329657962927
2007-04-10,0.04723351165640621
2007-04-11,0.09794842909153081
2007-04-12,0.04557195986067554
2007-04-13,0.04898378192517508
2007-04-14,0.9537425534933847
2007-04-15,0.0030411296880826564
2007-04-16,1.9023110159342453
2007-04-17,2.32895498353647
2007-04-18,9.12169106051636
2007-04-19,0.7456383757282704
2007-04-20,3.1555008547402137
2007-04-21,2.443808804102011
2007-04-22,9.793221213320159
2007-04-23,3.7273993650879182
2007-04-24,6.596187992056122
2007-04-25,5.812738012082559
2007-04-26,9.977886929528895
2007-04-27,5.205079157749216
2007-04-28,2.3384933843753672
2007-04-29,4.769720936795677
2007-04-30,3.9445146285900017
2007-05-01,5.436080859995091
2007-05-02,1.5130261258904554
2007-05-03,1.4825678705572545
2007-05-04,0.4657478211757962
2007-05-05,0.0
2007-05-06,0.06864878575375959
2007-05-07,0.17890041810251597
2007-05-08,0.0831340612650934
2007-05-09,0.20282871639985509
2007-05-10,0.495023343504967
2007-05-11,0.001520564844041329
2007-05-12,0.06229062045108462
2007-05-13,0.2542421000164463
2007-05-14,0.2506264239497993
2007-05-15,0.017995282835814027
2007-05-16,0.0
2007-05-17,0.011519898263326514
2007-05-18,0.0028799745658316285
2007-05-19,0.5721333963253978
2007-05-20,1.3317757597148885
2007-05-21,0.08537800055329801
2007-05-22,0.12045405139923263
2007-05-23,1.2324021766604292
2007-05-24,0.0856435454426987
2007-05-25,0.30294690899850873
2007-05-26,0.0
2007-05-27,0.46496080947169505
2007-05-28,0.2910720575688311
2007-05-29,0.29748784403275075
2007-05-30,0.7413307863068647
2007-05-31,0.8605672705199552
2007-06-01,2.365126329975956
2007-06-02,0.42997157570698347
2007-06-03,0.2925493873266445
2007-06-04,1.2395744489709886
2007-06-05,0.10434048147443598
2007-06-06,1.2332098125160675
2007-06-07,0.09007550372269434
2007-06-08,0.06939424633795514
2007-06-09,0.26808360768475625
2007-06-10,0.28752194860199654
2007-06-11,0.0
2007-06-12,0.2521957708355488
2007-06-13,0.009739915075875306
2007-06-14,0.0
2007-06-15,1.4628597116385933
2007-06-16,0.0015205648440413274
2007-06-17,0.0030411296880826547
2007-06-18,2.1427536116649173
2007-06-19,0.0
2007-06-20,0.26567102066004106
2007-06-21,0.0
2007-06-22,0.0015205648440413274
2007-06-23,0.0
2007-06-24,0.0030411296880826547
2007-06-25,0.0015205648440413274
2007-06-26,0.0
2007-06-27,0.019770271906237907
2007-06-28,0.1049365478410555
2007-06-29,0.14760356343991848
2007-06-30,0.0
2007-07-01,0.0015205648440413274
2007-07-02,0.0
2007-07-03,0.0
2007-07-04,0.0
2007-07-05,0.0
2007-07-06,0.0015205648440413282
2007-07-07,0.0
2007-07-08,0.0
2007-07-09,0.2645089259421483
2007-07-10,0.004808304936774923
2007-07-11,0.00493161013910039
2007-07-12,0.0
2007-07-13,0.0
2007-07-14,0.0015205648440413282
2007-07-15,0.0
2007-07-16,0.0015205648440413282
2007-07-17,0.0015205648440413282
2007-07-18,0.0
2007-07-19,0.0015205648440413282
2007-07-20,0.0
2007-07-21,0.0
2007-07-22,0.0015205648440413282
2007-07-23,0.22901650534546622
2007-07-24,0.7395711233131016
2007-07-25,0.0
2007-07-26,0.0015205648440413282
2007-07-27,0.5580472977631674
2007-07-28,0.5085641666040722
2007-07-29,0.0
2007-07-30,0.0
2007-07-31,0.0015205648440413282
2007-08-01,0.0016586163494609692
2007-08-02,0.0016586163494609692
2007-08-03,0.0016586163494609692
2007-08-04,0.16769912674693535
2007-08-05,0.0016586163494609692
2007-08-06,0.1981398869864723
2007-08-07,0.0016586163494609692
2007-08-08,0.0016586163494609692
2007-08-09,0.0016586163494609692
2007-08-10,0.0
2007-08-11,0.30475352012536444
2007-08-12,0.08121969424825079
2007-08-13,0.053075723182751014
2007-08-14,1.3584067902085337
2007-08-15,0.0
2007-08-16,0.0016586163494609692
2007-08-17,0.0016586163494609692
2007-08-18,0.0016586163494609692
2007-08-19,0.0
2007-08-20,0.0016586163494609692
2007-08-21,0.27320403439533053
2007-08-22,0.0033172326989219384
2007-08-23,0.0
2007-08-24,0.0016586163494609692
2007-08-25,0.0
2007-08-26,0.0
2007-08-27,0.0033172326989219384
2007-08-28,0.0016586163494609692
2007-08-29,0.0
2007-08-30,0.0
2007-08-31,0.04152941195087851
2007-09-01,0.0
2007-09-02,0.0030411296880826564
2007-09-03,0.33726978674487
2007-09-04,0.0015205648440413282
2007-09-05,0.29762614171953744
2007-09-06,0.0015205648440413282
2007-09-07,0.18969980996117905
2007-09-08,0.0015205648440413282
2007-09-09,0.0
2007-09-10,0.0
2007-09-11,0.0
2007-09-12,0.0
2007-09-13,0.0015205648440413282
2007-09-14,0.007055248523957144
2007-09-15,0.0015205648440413282
2007-09-16,0.0015205648440413282
2007-09-17,0.0
2007-09-18,0.0
2007-09-19,0.0
2007-09-20,0.0
2007-09-21,0.0
2007-09-22,0.0
2007-09-23,0.19463230003729
2007-09-24,0.0
2007-09-25,0.0
2007-09-26,0.287386755523811
2007-09-27,0.0
2007-09-28,0.0
2007-09-29,0.0
2007-09-30,0.0
2007-10-01,0.0
2007-10-02,0.0486580750093225
2007-10-03,0.0015205648440413282
2007-10-04,0.0015205648440413282
2007-10-05,0.0
2007-10-06,0.0
2007-10-07,0.0015205648440413282
2007-10-08,0.0
2007-10-09,0.0015205648440413287
2007-10-10,0.0015205648440413287
2007-10-11,0.0015205648440413287
2007-10-12,0.0
2007-10-13,0.0015205648440413287
2007-10-14,0.1786304426013475
2007-10-15,0.0015205648440413287
2007-10-16,0.0015205648440413287
2007-10-17,0.0
2007-10-18,0.04865807500932252
2007-10-19,0.05017863985336384
2007-10-20,1.6117987346838083
2007-10-21,0.04865807500932252
2007-10-22,0.04865807500932252
2007-10-23,3.272255544376939
2007-10-24,1.6619773745371722
2007-10-25,1.6117987346838083
2007-10-26,2.443547704374415
2007-10-27,0.0
2007-10-28,0.0
2007-10-29,0.0015205648440413287
2007-10-30,0.014665438583841395
2007-10-31,0.0
2007-11-01,0.0
2007-11-02,0.0
2007-11-03,0.1656945926674798
2007-11-04,0.20865507776422693
2007-11-05,0.0
2007-11-06,0.0
2007-11-07,0.0
2007-11-08,0.0
2007-11-09,0.0
2007-11-10,0.011069367359831637
2007-11-11,0.0
2007-11-12,0.0
2007-11-13,0.0
2007-11-14,0.005534683679915818
2007-11-15,0.0
2007-11-16,0.0
2007-11-17,0.0
2007-11-18,0.003941713816705914
2007-11-19,0.0
2007-11-20,0.0
2007-11-21,0.0
2007-11-22,0.0
2007-11-23,0.0
2007-11-24,0.0
2007-11-25,0.0
2007-11-26,0.0
2007-11-27,3.3656279207947373
2007-11-28,0.0
2007-11-29,0.0
2007-11-30,0.0
2007-12-01,0.6788103258211342
2007-12-02,0.5025537203672503
2007-12-03,0.26523668574938214
2007-12-04,0.17449781957196192
2007-12-05,0.6962594336586415
2007-12-06,7.55509356665718
2007-12-07,0.13959825565756953
2007-12-08,0.2442969474007467
2007-12-09,0.0507046495228048
2007-12-10,0.27769697141461747
2007-12-11,0.048493126635027986
2007-12-12,0.4044919626822129
2007-12-13,0.08493565792911081
2007-12-14,0.34530346645377896
2007-12-15,10.564840445825071
2007-12-16,24.681441270956764
2007-12-17,4.130949117487434
2007-12-18,0.6661619425750853
2007-12-19,0.2582567729665036
2007-12-20,0.6216234833725636
2007-12-21,0.17449781957196192
2007-12-22,0.027919651131513915
2007-12-23,0.30013624966377433
2007-12-24,0.28617642409801736
2007-12-25,0.2024174707034757
2007-12-26,0.42510410319234304
2007-12-27,0.02157849511434002
2007-12-28,0.23469076598696753
2007-12-29,0.6292809472352412
2007-12-30,0.0035979463521875164
2007-12-31,0.0
2008-01-01,0.5308699344628643
2008-01-02,0.021077804537611967
2008-01-03,0.01594984973381871
2008-01-04,0.48572216902159027
2008-01-05,0.8671329464989903
2008-01-06,0.0
2008-01-07,0.007618669548583073
2008-01-08,0.008707050912666369
2008-01-09,0.0
2008-01-10,0.0
2008-01-11,0.08787514880642257
2008-01-12,0.0
2008-01-13,0.0
2008-01-14,0.3592323427708479
2008-01-15,4.393202790635924
2008-01-16,5.2048051317756885
2008-01-17,1.310233763502055
2008-01-18,0.7633109070555995
2008-01-19,2.817012615284067
2008-01-20,4.071475703933678
2008-01-21,2.0510897458183734
2008-01-22,1.609755600801585
2008-01-23,1.6406981552322217
2008-01-24,4.964328564176944
2008-01-25,0.4292066189366004
2008-01-26,2.645210248114262
2008-01-27,8.826422072809708
2008-01-28,7.004254212128204
2008-01-29,0.4204547710800541
2008-01-30,0.12147275297002788
2008-01-31,25.786672039979756
2008-02-01,36.15088395328977
2008-02-02,13.71171899787055
2008-02-03,0.0577814640735704
2008-02-04,0.2640322557777452
2008-02-05,0.048658075009322475
2008-02-06,0.1838493847480695
2008-02-07,0.04570582633027076
2008-02-08,0.03311131243525163
2008-02-09,0.6883762826895292
2008-02-10,0.5418806597928816
2008-02-11,1.6263329232161394
2008-02-12,0.3543038429517233
2008-02-13,0.10698329066835988
2008-02-14,6.137088288220077
2008-02-15,1.9577211642323622
2008-02-16,1.5910609536593037
2008-02-17,1.655926458347349
2008-02-18,3.7896998654958844
2008-02-19,1.1221938292579603
2008-02-20,2.8503139678697496
2008-02-21,0.49519743620944184
2008-02-22,0.6207907699880887
2008-02-23,0.8941900506621563
2008-02-24,0.582696194944442
2008-02-25,0.5614076160627521
2008-02-26,5.194161751186617
2008-02-27,16.94644247848883
2008-02-28,9.23267605236166
2008-02-29,9.626421734306943
2008-03-01,7.958456591419202
2008-03-02,3.8032961832190835
2008-03-03,4.474620219492596
2008-03-04,1.815726086022229
2008-03-05,9.70164600165015
2008-03-06,3.9787695603431295
2008-03-07,1.4018558712341829
2008-03-08,9.209775050728371
2008-03-09,8.084909922301412
2008-03-10,1.0966350885051672
2008-03-11,1.7032991922590128
2008-03-12,3.56717098613096
2008-03-13,16.79520109341981
2008-03-14,9.838053011572468
2008-03-15,18.787731753539582
2008-03-16,16.367448698422578
2008-03-17,8.087895394330067
2008-03-18,4.243844579018207
2008-03-19,6.174396782030229
2008-03-20,17.907528691019436
2008-03-21,13.42097784984669
2008-03-22,13.22492046493744
2008-03-23,9.609187794804186
2008-03-24,16.661480457870177
2008-03-25,13.73571674449096
2008-03-26,24.171010757810727
2008-03-27,24.6717625289375
2008-03-28,26.081527612606678
2008-03-29,13.11971922766718
2008-03-30,48.695804273145924
2008-03-31,27.96470200224858
2008-04-01,26.71936197355324
2008-04-02,37.632663916957505
2008-04-03,8.424166946484476
2008-04-04,1.3089182905994923
2008-04-05,11.232183998022403
2008-04-06,12.616452807064032
2008-04-07,4.967239846264704
2008-04-08,6.158388488162061
2008-04-09,12.468645103393044
2008-04-10,1.2257405576846876
2008-04-11,4.149646743185001
2008-04-12,1.5083724689076845
2008-04-13,15.081017579855308
2008-04-14,13.434677540342157
2008-04-15,1.2046754528294297
2008-04-16,3.296394310943292
2008-04-17,0.1878045687964416
2008-04-18,1.1508444897166037
2008-04-19,2.930590937928674
2008-04-20,0.14041466002309755
2008-04-21,2.7967994621407533
2008-04-22,4.161791719618238
2008-04-23,1.7195999348731577
2008-04-24,0.6607088977149141
2008-04-25,0.27797725461204575
2008-04-26,2.519109303822977
2008-04-27,1.825895931927276
2008-04-28,0.0816772054670969
2008-04-29,3.0753658898370455
2008-04-30,8.823217112863606
2008-05-01,0.5147942860585064
2008-05-02,2.601434937978213
2008-05-03,1.7629418442534701
2008-05-04,5.66350478194603
2008-05-05,6.27014384221132
2008-05-06,4.166136482858044
2008-05-07,0.8211044756471213
2008-05-08,4.8681049145602
2008-05-09,1.8551878109971405
2008-05-10,4.170239306664864
2008-05-11,1.3077147517297996
2008-05-12,1.1474163047053911
2008-05-13,0.7233560219582141
2008-05-14,0.0
2008-05-15,0.08855493887865298
2008-05-16,6.669396346529643
2008-05-17,0.12605461891443095
2008-05-18,0.08491093621597341
2008-05-19,0.15055146996726204
2008-05-20,0.0
2008-05-21,0.10666554725853394
2008-05-22,0.0
2008-05-23,0.003041129688082654
2008-05-24,0.001520564844041327
2008-05-25,0.9383172225653841
2008-05-26,0.44286507373341005
2008-05-27,0.2790670128447008
2008-05-28,2.2638376983170594
2008-05-29,0.07307579384856393
2008-05-30,0.6741452769416433
2008-05-31,0.02758671925319047
2008-06-01,0.0
2008-06-02,0.0
2008-06-03,0.0
2008-06-04,0.0030411296880826543
2008-06-05,0.12920228564225722
2008-06-06,0.0
2008-06-07,0.0
2008-06-08,0.12422502110879599
2008-06-09,0.8785175643691923
2008-06-10,0.0
2008-06-11,0.0
2008-06-12,0.0
2008-06-13,0.0
2008-06-14,0.0
2008-06-15,0.05447609745373052
2008-06-16,0.0
2008-06-17,0.027306920130908588
2008-06-18,0.0
2008-06-19,0.0
2008-06-20,0.0
2008-06-21,0.0
2008-06-22,0.0
2008-06-23,0.0
2008-06-24,0.0
2008-06-25,0.018158699151243504
2008-06-26,0.0
2008-06-27,0.0
2008-06-28,0.0
2008-06-29,0.0
2008-06-30,0.0
2008-07-01,0.0030411296880826547
2008-07-02,2.9005888105767137
2008-07-03,0.0
2008-07-04,0.0
2008-07-05,0.0
2008-07-06,0.0
2008-07-07,0.030549959701978647
2008-07-08,0.0015205648440413271
2008-07-09,0.0
2008-07-10,0.0
2008-07-11,0.005188765949921074
2008-07-12,0.0
2008-07-13,0.0
2008-07-14,0.0
2008-07-15,0.0
2008-07-16,0.0
2008-07-17,0.0
2008-07-18,0.010743375442113491
2008-07-19,0.0030411296880826543
2008-07-20,0.0
2008-07-21,0.0
2008-07-22,0.0
2008-07-23,0.0
2008-07-24,0.0
2008-07-25,0.0
2008-07-26,0.02386832336963694
2008-07-27,0.7505328617208882
2008-07-28,1.1025254935509878
2008-07-29,0.002767341839957906
2008-07-30,0.0
2008-07-31,0.0
2008-08-01,0.0
2008-08-02,0.02767341839957906
2008-08-03,0.0015205648440413271
2008-08-04,0.6636965228434598
2008-08-05,1.4532542062730829
2008-08-06,0.0
2008-08-07,0.0
2008-08-08,7.458408511874696
2008-08-09,0.43137085803912756
2008-08-10,0.5507023107026633
2008-08-11,0.0
2008-08-12,0.0
2008-08-13,0.0
2008-08-14,0.0
2008-08-15,0.0
2008-08-16,0.0
2008-08-17,0.0
2008-08-18,0.0
2008-08-19,0.0
2008-08-20,0.0
2008-08-21,0.0
2008-08-22,0.9853260189387799
2008-08-23,0.0
2008-08-24,0.0
2008-08-25,0.0
2008-08-26,0.0
2008-08-27,0.012164518752330617
2008-08-28,0.0
2008-08-29,0.0
2008-08-30,0.7055420876351758
2008-08-31,0.0
2008-09-01,0.265664816635959
2008-09-02,0.0
2008-09-03,0.0117612028198211
2008-09-04,0.0
2008-09-05,0.0
2008-09-06,0.0
2008-09-07,0.0
2008-09-08,0.09007550372269432
2008-09-09,0.0
2008-09-10,0.0
2008-09-11,0.0
2008-09-12,0.0
2008-09-13,0.0
2008-09-14,0.0
2008-09-15,0.0
2008-09-16,0.0
2008-09-17,0.0
2008-09-18,0.0
2008-09-19,0.0
2008-09-20,0.0
2008-09-21,0.0
2008-09-22,0.0
2008-09-23,0.1881792451171376
2008-09-24,0.0
2008-09-25,0.0
2008-09-26,0.0
2008-09-27,0.0
2008-09-28,0.0
2008-09-29,0.0
2008-09-30,0.0
2008-10-01,0.0
2008-10-02,0.0
2008-10-03,0.0
2008-10-04,0.0
2008-10-05,0.0
2008-10-06,0.0
2008-10-07,0.0
2008-10-08,0.0
2008-10-09,0.0015205648440413271
2008-10-10,0.0
2008-10-11,0.0
2008-10-12,0.0
2008-10-13,0.0
2008-10-14,0.0
2008-10-15,0.0
2008-10-16,0.0
2008-10-17,0.0
2008-10-18,0.09123389064247962
2008-10-19,0.0
2008-10-20,0.0
2008-10-21,0.0
2008-10-22,0.0
2008-10-23,0.0
2008-10-24,0.0
2008-10-25,0.0
2008-10-26,0.0
2008-10-27,0.0
2008-10-28,0.0
2008-10-29,0.0
2008-10-30,0.5185126118180925
2008-10-31,0.0
2008-11-01,0.0
2008-11-02,0.0
2008-11-03,0.027370167192743888
2008-11-04,0.03345828443631054
2008-11-05,0.0006918354599894765
2008-11-06,0.0
2008-11-07,0.0
2008-11-08,0.0
2008-11-09,0.0
2008-11-10,0.10948066877097555
2008-11-11,0.0
2008-11-12,0.0
2008-11-13,0.0015205648440413271
2008-11-14,0.012219102056239042
2008-11-15,0.0
2008-11-16,0.0
2008-11-17,0.04739072900927914
2008-11-18,0.0
2008-11-19,0.0
2008-11-20,0.0
2008-11-21,0.0
2008-11-22,0.0
2008-11-23,0.0
2008-11-24,0.09731615001864494
2008-11-25,0.0
2008-11-26,0.0
2008-11-27,0.0
2008-11-28,0.0
2008-11-29,0.0
2008-11-30,0.0
2008-12-01,0.0
2008-12-02,0.0
2008-12-03,0.0
2008-12-04,0.0
2008-12-05,0.22807885108005518
2008-12-06,0.0029893414577413955
2008-12-07,0.0
2008-12-08,0.5184993518838844
2008-12-09,0.0
2008-12-10,0.013227299875514246
2008-12-11,0.008642448294758178
2008-12-12,0.17648280633950902
2008-12-13,0.0
2008-12-14,0.011069367359831632
2008-12-15,0.0
2008-12-16,0.02432903750466125
2008-12-17,1.204287356480732
2008-12-18,0.0
2008-12-19,0.09023109099842488
2008-12-20,0.1659088617599732
2008-12-21,0.5608202494144414
2008-12-22,0.0
2008-12-23,0.0
2008-12-24,0.0
2008-12-25,0.0
2008-12-26,1.4703862041879643
2008-12-27,0.0
2008-12-28,0.089938609798632
2008-12-29,0.0
2008-12-30,0.0
2008-12-31,0.0
2009-01-01,0.0
2009-01-02,0.0
2009-01-03,0.0
2009-01-04,0.0
2009-01-05,0.2224251003866167
2009-01-06,0.0
2009-01-07,0.0
2009-01-08,3.227127264449828
2009-01-09,0.9288699487660574
2009-01-10,0.0
2009-01-11,0.010983145327848455
2009-01-12,0.19906109785246237
2009-01-13,3.099676485501157
2009-01-14,0.8381358687003092
2009-01-15,0.827903100062774
2009-01-16,0.05203971149505132
2009-01-17,0.5828720532107462
2009-01-18,5.032966390348185
2009-01-19,0.29541641663702367
2009-01-20,2.1279692332415063
2009-01-21,8.555193026580154
2009-01-22,26.70102239908219
2009-01-23,7.5702783885484335
2009-01-24,4.846383526746037
2009-01-25,8.31791302894381
2009-01-26,6.699805761054638
2009-01-27,0.1840205643997078
2009-01-28,0.5457309977965626
2009-01-29,0.1935289333231992
2009-01-30,2.2651890960360856
2009-01-31,3.994232029945187
2009-02-01,3.7194392659964515
2009-02-02,7.056112227487557
2009-02-03,9.597794836570817
2009-02-04,10.818878419216048
2009-02-05,0.14182706585568886
2009-02-06,0.04241466051090616
2009-02-07,0.6070227087254959
2009-02-08,0.005491572663924227
2009-02-09,0.0
2009-02-10,0.34761099338513796
2009-02-11,0.5171809927770517
2009-02-12,9.26925850078213
2009-02-13,36.91565799497678
2009-02-14,4.057113647866388
2009-02-15,0.1642880646854658
2009-02-16,0.3197437717923414
2009-02-17,3.320751094409323
2009-02-18,1.3390339716324164
2009-02-19,7.157529563424573
2009-02-20,10.683706133565789
2009-02-21,6.93233743081299
2009-02-22,9.930666857155517
2009-02-23,10.390690682364175
2009-02-24,9.196986402114204
2009-02-25,2.480857119983494
2009-02-26,2.8342446551750022
2009-02-27,2.67189893591044
2009-02-28,7.031162369099771
2009-03-01,7.359946751630158
2009-03-02,9.039008941487866
2009-03-03,6.90879311561837
2009-03-04,4.679050691025979
2009-03-05,1.4069541190550454
2009-03-06,3.2329666725477604
2009-03-07,3.320953562465147
2009-03-08,4.280249615701631
2009-03-09,4.562712601301227
2009-03-10,1.6093313610640054
2009-03-11,0.8811328212556773
2009-03-12,4.999402175641803
2009-03-13,6.809737356663037
2009-03-14,12.473462293378528
2009-03-15,7.30052318866139
2009-03-16,5.211519855510291
2009-03-17,4.852978305602813
2009-03-18,8.048391604535325
2009-03-19,3.167501699376699
2009-03-20,1.126366534132803
2009-03-21,0.19297969995868552
2009-03-22,1.7768740750666425
2009-03-23,0.5746618601826251
2009-03-24,3.8694010895994166
2009-03-25,1.6983766687364288
2009-03-26,0.38751986456071313
2009-03-27,0.16199106061026464
2009-03-28,4.810635671456208
2009-03-29,5.603501648054298
2009-03-30,3.1957012165019574
2009-03-31,3.498131963570797
2009-04-01,12.550269138795615
2009-04-02,20.52759060153972
2009-04-03,8.463604418174441
2009-04-04,4.53908982877738
2009-04-05,4.4336409049361665
2009-04-06,1.0951384105453976
2009-04-07,1.4048824414739378
2009-04-08,3.863175444342152
2009-04-09,8.603422951277508
2009-04-10,15.322411396259035
2009-04-11,18.194478125126015
2009-04-12,12.446899882350316
2009-04-13,10.59954920908307
2009-04-14,2.8753489081479344
2009-04-15,1.5527736489725952
2009-04-16,3.3051350515583566
2009-04-17,2.231873492708497
2009-04-18,0.8815165321477118
2009-04-19,3.8657899480560522
2009-04-20,17.156225387696928
2009-04-21,14.653973506159208
2009-04-22,28.759288175558773
2009-04-23,17.922331930308815
2009-04-24,17.744259033745866
2009-04-25,24.186349222750344
2009-04-26,7.067779581396062
2009-04-27,14.506824247525957
2009-04-28,13.718195317761923
2009-04-29,21.9817238300643
2009-04-30,23.39564595117917
2009-05-01,4.304746442814916
2009-05-02,15.351021106673835
2009-05-03,22.930128128785608
2009-05-04,2.523037901872049
2009-05-05,9.688098716645445
2009-05-06,7.089110232737006
2009-05-07,4.758620128844956
2009-05-08,5.625191608326534
2009-05-09,3.3824576656538508
2009-05-10,3.9876059331228153
2009-05-11,30.279613805418855
2009-05-12,2.2475220090384114
2009-05-13,0.9100044171489858
2009-05-14,2.1292854654445246
2009-05-15,10.555962611828708
2009-05-16,1.7418950653736696
2009-05-17,1.449330976144565
2009-05-18,4.144194954447329
2009-05-19,4.497509399212072
2009-05-20,1.2907916673626583
2009-05-21,0.4298951017849641
2009-05-22,1.4890765570948354
2009-05-23,1.363989130830092
2009-05-24,3.171811414057037
2009-05-25,3.102869262956074
2009-05-26,2.9233023422718682
2009-05-27,10.946627381230755
2009-05-28,2.231768654688435
2009-05-29,1.003331958713776
2009-05-30,1.7193096988911574
2009-05-31,0.0
2009-06-01,0.5571483804803905
2009-06-02,3.028519463324339
2009-06-03,2.648105171409767
2009-06-04,4.873751210980714
2009-06-05,1.1879574262867025
2009-06-06,1.786192248517315
2009-06-07,1.732025387701191
2009-06-08,1.7957308997325132
2009-06-09,0.010643953908289287
2009-06-10,0.0406526443049375
2009-06-11,0.6118802598842727
2009-06-12,0.434751680737898
2009-06-13,0.029805826536003267
2009-06-14,0.6141625676424012
2009-06-15,0.009520523336473009
2009-06-16,0.09489609527131163
2009-06-17,0.0
2009-06-18,0.0034774176316903463
2009-06-19,0.2029225920043697
2009-06-20,0.8055379417084253
2009-06-21,0.001520564844041327
2009-06-22,0.0
2009-06-23,1.0937764210447698
2009-06-24,0.07416819550519763
2009-06-25,0.12550936617935518
2009-06-26,0.11862855840632057
2009-06-27,0.13482264931130147
2009-06-28,0.006157121686295122
2009-06-29,1.0373817411434627
2009-06-30,0.0
2009-07-01,0.061556607106368746
2009-07-02,0.029600365891261374
2009-07-03,0.07136640396715911
2009-07-04,2.2077515067368565
2009-07-05,0.39627773217650614
2009-07-06,0.09615862913526502
2009-07-07,0.04485966646527284
2009-07-08,0.9889188090013956
2009-07-09,0.008120274821675334
2009-07-10,0.0
2009-07-11,0.23438463257655454
2009-07-12,0.06691656887262104
2009-07-13,0.027752271666750192
2009-07-14,1.8873502120270813
2009-07-15,0.17262133340433072
2009-07-16,1.4638187907962175
2009-07-17,0.21864631993991349
2009-07-18,0.1932455376849331
2009-07-19,0.06468661550901601
2009-07-20,0.106210464495486
2009-07-21,0.2977469950901689
2009-07-22,1.9152317555414917
2009-07-23,4.998762849138053
2009-07-24,3.7215790110635476
2009-07-25,0.0
2009-07-26,0.0
2009-07-27,0.0
2009-07-28,0.0
2009-07-29,0.0
2009-07-30,0.0
2009-07-31,0.0
2009-08-01,0.023712424600706713
2009-08-02,0.0
2009-08-03,0.02432903750466122
2009-08-04,0.0
2009-08-05,0.0
2009-08-06,0.13932869205300868
2009-08-07,0.08513801106261153
2009-08-08,0.13506295520063288
2009-08-09,0.0
2009-08-10,0.0
2009-08-11,0.0029208133588389967
2009-08-12,0.0
2009-08-13,0.6872953095066795
2009-08-14,0.0
2009-08-15,0.0
2009-08-16,0.0
2009-08-17,0.0
2009-08-18,0.0
2009-08-19,0.0
2009-08-20,0.0030411296880826525
2009-08-21,0.42593924529369936
2009-08-22,0.0015205648440413263
2009-08-23,0.0030411296880826525
2009-08-24,0.0
2009-08-25,0.0018664825740360644
2009-08-26,0.7061927718164296
2009-08-27,0.8028252362469639
2009-08-28,0.0015205648440413263
2009-08-29,0.0030411296880826525
2009-08-30,0.0
2009-08-31,0.0
2009-09-01,0.0030411296880826525
2009-09-02,0.0015205648440413263
2009-09-03,0.0015205648440413263
2009-09-04,0.8819276095439692
2009-09-05,0.0
2009-09-06,0.0
2009-09-07,0.04427746943932647
2009-09-08,0.0
2009-09-09,0.0
2009-09-10,0.0
2009-09-11,0.0
2009-09-12,0.0
2009-09-13,0.027279775041929112
2009-09-14,0.0015205648440413263
2009-09-15,0.011928730318772465
2009-09-16,0.0
2009-09-17,0.0
2009-09-18,0.0030411296880826525
2009-09-19,0.0
2009-09-20,0.0
2009-09-21,0.0
2009-09-22,0.0
2009-09-23,0.0
2009-09-24,0.7906937189014897
2009-09-25,0.0
2009-09-26,0.023696113410615994
2009-09-27,1.1677938002237385
2009-09-28,0.0
2009-09-29,0.0
2009-09-30,0.02248465244965797
2009-10-01,0.0
2009-10-02,0.0
2009-10-03,0.0
2009-10-04,0.0
2009-10-05,0.17030326253262854
2009-10-06,0.0
2009-10-07,0.0
2009-10-08,0.0
2009-10-09,0.0
2009-10-10,0.5680821876172869
2009-10-11,0.0
2009-10-12,0.0
2009-10-13,0.0
2009-10-14,0.0
2009-10-15,0.0
2009-10-16,0.0
2009-10-17,0.0
2009-10-18,0.0
2009-10-19,0.24505506132510418
2009-10-20,0.0
2009-10-21,0.0
2009-10-22,0.05811417863911599
2009-10-23,0.004561694532123978
2009-10-24,0.0
2009-10-25,2.816086091164536
2009-10-26,0.001037753189984214
2009-10-27,0.004624513132083848
2009-10-28,0.0013836709199789522
2009-10-29,0.0
2009-10-30,0.0
2009-10-31,0.0
2009-11-01,0.0
2009-11-02,0.0
2009-11-03,0.0
2009-11-04,0.0
2009-11-05,0.0
2009-11-06,0.0
2009-11-07,0.0
2009-11-08,0.0
2009-11-09,0.013685083596371935
2009-11-10,0.3892646000745795
2009-11-11,0.0
2009-11-12,0.0
2009-11-13,0.0
2009-11-14,0.0
2009-11-15,0.0
2009-11-16,1.5059927234099189
2009-11-17,0.045622803188641134
2009-11-18,0.01223938106246041
2009-11-19,0.011916686608602534
2009-11-20,0.0
2009-11-21,0.0
2009-11-22,0.0
2009-11-23,0.0
2009-11-24,0.0
2009-11-25,0.0
2009-11-26,0.0
2009-11-27,0.0015205648440413263
2009-11-28,0.0
2009-11-29,0.0
2009-11-30,0.0
2009-12-01,0.0
2009-12-02,0.0
2009-12-03,0.0
2009-12-04,0.0
2009-12-05,0.004561694532123977
2009-12-06,0.0014604066794194973
2009-12-07,0.0
2009-12-08,0.0
2009-12-09,0.0
2009-12-10,0.0
2009-12-11,0.011616943056081108
2009-12-12,0.007677686530336441
2009-12-13,0.016309251911219406
2009-12-14,0.00511142337796824
2009-12-15,0.0
2009-12-16,0.0
2009-12-17,0.32758409030501673
2009-12-18,0.0
2009-12-19,0.0
2009-12-20,0.011022749896261895
2009-12-21,0.0
2009-12-22,0.01824677812849592
2009-12-23,0.13953327394028078
2009-12-24,1.2076542663833338
2009-12-25,2.051948740522057
2009-12-26,1.5814456800311452
2009-12-27,6.925077433460745
2009-12-28,0.11119803158486484
2009-12-29,0.0
2009-12-30,0.8210849449654904
2009-12-31,0.2843359198098907
2010-01-01,19.879385188573472
2010-01-02,14.026997837870322
2010-01-03,1.7687849116511742
2010-01-04,4.213834819345093
2010-01-05,0.003041129688082653
2010-01-06,0.10818967976699848
2010-01-07,0.6108081872218875
2010-01-08,0.592381815450357
2010-01-09,1.0375635314231735
2010-01-10,2.9646332496513277
2010-01-11,0.39173983496742726
2010-01-12,0.12458124090216899
2010-01-13,0.00661364993775714
2010-01-14,0.0
2010-01-15,0.0
2010-01-16,0.0
2010-01-17,0.005857765475065517
2010-01-18,0.09333709705914384
2010-01-19,1.246549608100671
2010-01-20,17.380139427478536
2010-01-21,0.04427746943932645
2010-01-22,0.6244475009755327
2010-01-23,0.0
2010-01-24,0.4072054581479248
2010-01-25,0.06452588515065211
2010-01-26,4.30078506279093
2010-01-27,1.7874951807732034
2010-01-28,1.2354535342663635
2010-01-29,0.03054040936109436
2010-01-30,0.3277487488169723
2010-01-31,0.0
2010-02-01,0.0
2010-02-02,0.0
2010-02-03,0.1394850822476312
2010-02-04,0.0
2010-02-05,0.0
2010-02-06,0.0
2010-02-07,0.07298711251398371
2010-02-08,0.0
2010-02-09,0.3747522758058215
2010-02-10,3.673025123115089
2010-02-11,0.11949123184932667
2010-02-12,5.6922298305310814
2010-02-13,0.031262123783911216
2010-02-14,0.3275299642127978
2010-02-15,0.8896596493294036
2010-02-16,0.1543256285284418
2010-02-17,0.0
2010-02-18,0.0
2010-02-19,0.0
2010-02-20,0.0
2010-02-21,0.7676079784632733
2010-02-22,0.15056227996339727
2010-02-23,0.07797206496707845
2010-02-24,0.0
2010-02-25,0.0
2010-02-26,0.0
2010-02-27,0.08144109162958506
2010-02-28,1.1655074887265378
2010-03-01,0.0
2010-03-02,0.0
2010-03-03,0.0
2010-03-04,0.0
2010-03-05,0.0
2010-03-06,3.027912163442695
2010-03-07,7.952354147162085
2010-03-08,0.13563991639884124
2010-03-09,0.0
2010-03-10,1.7248457159030808
2010-03-11,0.0
2010-03-12,5.0024823025253315
2010-03-13,1.0234051579037144
2010-03-14,0.03114531022554228
2010-03-15,0.008032236736807278
2010-03-16,0.0031121340994265585
2010-03-17,0.008689586788371796
2010-03-18,2.5024265606283294
2010-03-19,4.055760984854089
2010-03-20,3.0448416719783777
2010-03-21,2.4634352128976174
2010-03-22,3.3576915147207855
2010-03-23,0.8340463674713103
2010-03-24,0.6162384215963804
2010-03-25,1.4299497628971742
2010-03-26,5.180981080427159
2010-03-27,1.2340255537853828
2010-03-28,4.415096466246468
2010-03-29,9.558384107426825
2010-03-30,3.2166977118680427
2010-03-31,0.4585438084860569
2010-04-01,0.8658994799094611
2010-04-02,1.216297620605925
2010-04-03,1.71876804029965
2010-04-04,3.5413242131255744
2010-04-05,3.9404247143440543
2010-04-06,0.05790656124524754
2010-04-07,4.525053042853787
2010-04-08,5.293891009406547
2010-04-09,12.916206260694754
2010-04-10,23.780702347530237
2010-04-11,4.904206909652974
2010-04-12,19.658253028310458
2010-04-13,14.536887278813072
2010-04-14,0.5092392713235079
2010-04-15,1.109414042851127
2010-04-16,0.08644216893135194
2010-04-17,0.19271476126664816
2010-04-18,0.336632314624575
2010-04-19,1.2916529739446645
2010-04-20,0.5398927967884588
2010-04-21,0.1446824357419964
2010-04-22,3.6224878653691936
2010-04-23,1.4684072253778806
2010-04-24,0.2702948416548209
2010-04-25,0.0
2010-04-26,0.0
2010-04-27,0.030411296880826538
2010-04-28,0.0
2010-04-29,0.20586333590900213
2010-04-30,0.8242786495020796
2010-05-01,0.11764620884804161
2010-05-02,3.4577262858428788
2010-05-03,2.3048970536416373
2010-05-04,1.2710605905927095
2010-05-05,0.016970988441514456
2010-05-06,0.19618112038915744
2010-05-07,0.9447992637101038
2010-05-08,0.051563384779169275
2010-05-09,0.0
2010-05-10,0.0
2010-05-11,0.0
2010-05-12,0.0
2010-05-13,1.2471156229734328
2010-05-14,2.3749611396823105
2010-05-15,0.0
2010-05-16,0.0
2010-05-17,0.0
2010-05-18,0.07298711251398371
2010-05-19,0.0
2010-05-20,0.017345169791718882
2010-05-21,0.5609521138054602
2010-05-22,0.018246778128495927
2010-05-23,0.0015205648440413274
2010-05-24,0.0795921581938735
2010-05-25,0.0015205648440413274
2010-05-26,0.0
2010-05-27,0.20634652752408594
2010-05-28,0.3411211767958114
2010-05-29,0.0
2010-05-30,0.028583169116601657
2010-05-31,5.073719011833589
2010-06-01,1.6278225724901418
2010-06-02,0.3661190155159507
2010-06-03,0.02204549979252371
2010-06-04,0.964519021722966
2010-06-05,0.11719173243677762
2010-06-06,0.0
2010-06-07,0.1946323000372898
2010-06-08,0.0
2010-06-09,0.00833675765900881
2010-06-10,0.0
2010-06-11,0.7785292001491593
2010-06-12,0.0
2010-06-13,0.0
2010-06-14,0.0
2010-06-15,0.0
2010-06-16,0.0
2010-06-17,0.26507661739622534
2010-06-18,0.5605206530993692
2010-06-19,0.06691656887262097
2010-06-20,0.01690800323812951
2010-06-21,0.12072014316147084
2010-06-22,0.0
2010-06-23,0.38926460007457964
2010-06-24,0.3743673141752761
2010-06-25,0.0
2010-06-26,0.0
2010-06-27,0.390785164918621
2010-06-28,0.0
2010-06-29,0.0
2010-06-30,0.0
2010-07-01,0.0
2010-07-02,0.0
2010-07-03,1.3648475243709919
2010-07-04,0.0
2010-07-05,0.0
2010-07-06,0.10965592040833197
2010-07-07,0.0
2010-07-08,0.013281767663862435
2010-07-09,0.025849602348702577
2010-07-10,0.08924677433864252
2010-07-11,0.21689041670670103
2010-07-12,0.0
2010-07-13,0.08850388453355315
2010-07-14,0.041628407500125225
2010-07-15,0.8728042204797223
2010-07-16,0.0
2010-07-17,0.0
2010-07-18,0.01672621328445461
2010-07-19,0.0
2010-07-20,0.0
2010-07-21,0.0
2010-07-22,0.0
2010-07-23,0.0
2010-07-24,0.0
2010-07-25,0.097316150018645
2010-07-26,0.0
2010-07-27,0.0
2010-07-28,0.0
2010-07-29,0.0
2010-07-30,0.0
2010-07-31,0.0
2010-08-01,0.0
2010-08-02,0.38926460007458
2010-08-03,0.0
2010-08-04,0.0
2010-08-05,0.0
2010-08-06,0.31561386367926386
2010-08-07,0.0011909653798584067
2010-08-08,0.0
2010-08-09,0.0
2010-08-10,0.0
2010-08-11,0.0
2010-08-12,0.0
2010-08-13,0.0
2010-08-14,0.0
2010-08-15,0.0
2010-08-16,0.0
2010-08-17,0.0015205648440413282
2010-08-18,0.0
2010-08-19,0.0
2010-08-20,0.0
2010-08-21,0.0
2010-08-22,0.0
2010-08-23,0.19463230003729
2010-08-24,0.0
2010-08-25,0.0
2010-08-26,0.33208102079494384
2010-08-27,0.0
2010-08-28,0.0
2010-08-29,0.0
2010-08-30,0.0
2010-08-31,0.0
2010-09-01,0.0
2010-09-02,0.0
2010-09-03,0.0
2010-09-04,0.0
2010-09-05,0.0
2010-09-06,0.17710987775730339
2010-09-07,0.0
2010-09-08,0.0
2010-09-09,0.0
2010-09-10,0.0
2010-09-11,0.014031001326366685
2010-09-12,0.0
2010-09-13,0.0
2010-09-14,0.0
2010-09-15,0.0
2010-09-16,0.0
2010-09-17,0.0
2010-09-18,0.977723194718574
2010-09-19,0.0
2010-09-20,0.0
2010-09-21,0.0
2010-09-22,0.0
2010-09-23,0.0
2010-09-24,0.0
2010-09-25,1.4551805557475512
2010-09-26,0.42575815633157194
2010-09-27,0.0
2010-09-28,0.0
2010-09-29,0.0
2010-09-30,0.0
2010-10-01,0.2715454180458655
2010-10-02,0.0
2010-10-03,0.0
2010-10-04,0.0
2010-10-05,0.0
2010-10-06,0.0
2010-10-07,0.31171579302847224
2010-10-08,0.0
2010-10-09,0.0
2010-10-10,0.0
2010-10-11,0.0
2010-10-12,0.0
2010-10-13,0.0
2010-10-14,0.0
2010-10-15,0.0
2010-10-16,0.0
2010-10-17,0.0
2010-10-18,0.0
2010-10-19,0.0
2010-10-20,1.2649574078256378
2010-10-21,0.19767342972537275
2010-10-22,6.73828911815964
2010-10-23,9.565992837898042
2010-10-24,5.879918190082584
2010-10-25,0.004897971712036822
2010-10-26,2.1718510265324102
2010-10-27,0.0
2010-10-28,0.31239867847829283
2010-10-29,0.015205648440413281
2010-10-30,0.0015205648440413282
2010-10-31,0.0
2010-11-01,0.0
2010-11-02,0.0
2010-11-03,0.0
2010-11-04,0.0
2010-11-05,0.0
2010-11-06,0.0
2010-11-07,0.0
2010-11-08,0.0
2010-11-09,0.0
2010-11-10,0.0
2010-11-11,0.3892646000745794
2010-11-12,0.0
2010-11-13,0.0
2010-11-14,0.0
2010-11-15,0.0
2010-11-16,0.0
2010-11-17,0.0
2010-11-18,0.0
2010-11-19,0.0
2010-11-20,0.20197925760534494
2010-11-21,0.0
2010-11-22,0.0
2010-11-23,0.0
2010-11-24,0.0
2010-11-25,0.002448985856018406
2010-11-26,0.02213873471966323
2010-11-27,0.0
2010-11-28,0.0
2010-11-29,0.0
2010-11-30,0.0
2010-12-01,0.0
2010-12-02,0.0
2010-12-03,0.0
2010-12-04,0.0
2010-12-05,0.0
2010-12-06,0.01314487478872433
2010-12-07,0.0
2010-12-08,0.0
2010-12-09,1.7045010005781338
2010-12-10,2.868103787999386
2010-12-11,13.273392003617985
2010-12-12,14.210442968902674
2010-12-13,24.444666722637695
2010-12-14,8.385397055514897
2010-12-15,4.992421031439538
2010-12-16,2.7195216276844447
2010-12-17,4.925975875692033
2010-12-18,27.40978993092395
2010-12-19,1.807884004785373
2010-12-20,2.8710652964476777
2010-12-21,0.5460071586168458
2010-12-22,0.957254926381479
2010-12-23,0.05711812300208969
2010-12-24,3.7798308839594883
2010-12-25,0.5624945404532407
2010-12-26,0.21334558843814214
2010-12-27,0.0
2010-12-28,0.044277469439326464
2010-12-29,0.0
2010-12-30,0.05307572318275088
2010-12-31,0.001658616349460965
2011-01-01,0.0
2011-01-02,0.13819255542588532
2011-01-03,0.555250783899823
2011-01-04,0.5945840088891552
2011-01-05,0.05292016225581301
2011-01-06,0.416965612123516
2011-01-07,0.07951054345977188
2011-01-08,1.5904017225218898
2011-01-09,9.357096981662949
2011-01-10,21.86169890763598
2011-01-11,2.598077579937599
2011-01-12,0.43165890609129764
2011-01-13,0.4909993986662622
2011-01-14,0.4057335212413357
2011-01-15,0.32907809658249054
2011-01-16,0.283985035499093
2011-01-17,1.389639766059096
2011-01-18,0.18929498633296574
2011-01-19,4.239758134850882
2011-01-20,13.199011300002393
2011-01-21,10.980818460260338
2011-01-22,10.126821876733576
2011-01-23,4.386420528053696
2011-01-24,17.44628001165278
2011-01-25,25.5551716667193
2011-01-26,8.230295741475393
2011-01-27,0.8151889016718399
2011-01-28,8.59344893385704
2011-01-29,5.221041172444612
2011-01-30,2.15616454978719
2011-01-31,0.9467672053289834
2011-02-01,2.4692377236659406
2011-02-02,0.4284646012233142
2011-02-03,1.563403518902467
2011-02-04,1.820433972248181
2011-02-05,3.447905343380875
2011-02-06,0.6349828112005929
2011-02-07,0.9069108968467703
2011-02-08,0.2557193589232573
2011-02-09,0.35740087829455247
2011-02-10,0.009123389064247964
2011-02-11,0.3101918339303357
2011-02-12,2.668429782692314
2011-02-13,4.19995297678376
2011-02-14,2.4347657906836737
2011-02-15,2.2187199491620313
2011-02-16,2.057008259295548
2011-02-17,0.24273305373571105
2011-02-18,2.893379665497065
2011-02-19,1.9730437748910328
2011-02-20,3.180599694497246
2011-02-21,8.092092289889191
2011-02-22,3.3716355735042045
2011-02-23,0.527132745262086
2011-02-24,0.852028434748193
2011-02-25,18.491007614915038
2011-02-26,22.505171867873234
2011-02-27,17.513783066358506
2011-02-28,35.02477374491725
2011-03-01,17.99812952065389
2011-03-02,13.547848070845344
2011-03-03,3.5085799117723653
2011-03-04,3.2771196485026453
2011-03-05,3.8204591939350694
2011-03-06,2.0377321515242532
2011-03-07,1.814650899449676
2011-03-08,4.390226132621832
2011-03-09,9.792103373004707
2011-03-10,1.3980040989425875
2011-03-11,0.47631951665184596
2011-03-12,1.4903314777804364
2011-03-13,0.8515945228413151
2011-03-14,25.225479809087226
2011-03-15,4.6921175047848
2011-03-16,2.1564996692786886
2011-03-17,2.5001725925412446
2011-03-18,0.3544100697949487
2011-03-19,0.1850210397784378
2011-03-20,0.3879799349780129
2011-03-21,0.7262621064196483
2011-03-22,3.306458713970716
2011-03-23,0.2211201016014529
2011-03-24,1.7738842415044354
2011-03-25,1.9551028830971102
2011-03-26,1.0867648485415364
2011-03-27,1.7457598918765465
2011-03-28,9.535545935861354
2011-03-29,6.972442858616092
2011-03-30,0.24172321341550235
2011-03-31,0.10037485330893152
2011-04-01,2.4082592249447323
2011-04-02,2.9779012060115644
2011-04-03,3.022572086007787
2011-04-04,3.3057066325373836
2011-04-05,0.0995563264667394
2011-04-06,0.9300639079972637
2011-04-07,0.06341404389089332
2011-04-08,0.2235230320740751
2011-04-09,1.7899495739072402
2011-04-10,0.589731033658589
2011-04-11,3.3577175693006525
2011-04-12,1.827854076466494
2011-04-13,10.198827791180339
2011-04-14,4.192314551371629
2011-04-15,4.330282068760737
2011-04-16,2.904690290093238
2011-04-17,1.4614115953480862
2011-04-18,2.064799719256049
2011-04-19,5.621938887117454
2011-04-20,10.334315423444645
2011-04-21,0.6040097627461161
2011-04-22,5.535520242931543
2011-04-23,2.6880486146991918
2011-04-24,21.259831017855635
2011-04-25,28.863819411736554
2011-04-26,4.763932730823311
2011-04-27,0.6554509436243162
2011-04-28,0.44920725456368504
2011-04-29,13.013017541280426
2011-04-30,10.126224163211761
2011-05-01,5.457155138395141
2011-05-02,1.5706567048815419
2011-05-03,5.556236530420855
2011-05-04,12.508959144117561
2011-05-05,12.683460090511579
2011-05-06,8.278914201284765
2011-05-07,1.935019173103361
2011-05-08,3.411618318982701
2011-05-09,2.6786950827436704
2011-05-10,12.671515796264163
2011-05-11,47.79503757031331
2011-05-12,0.6060133216758773
2011-05-13,0.0
2011-05-14,0.0
2011-05-15,0.0
2011-05-16,0.2203364427786079
2011-05-17,17.779258718691942
2011-05-18,3.71838439084468
2011-05-19,1.8151951327527946
2011-05-20,10.234673059120913
2011-05-21,1.7385248172543375
2011-05-22,2.2421791477733573
2011-05-23,0.15480208230185666
2011-05-24,1.5552260639818436
2011-05-25,1.5321195612778769
2011-05-26,0.15943552478711376
2011-05-27,0.0
2011-05-28,0.0
2011-05-29,0.7228099650276155
2011-05-30,0.1994874023591821
2011-05-31,0.005808144766806429
2011-06-01,0.0
2011-06-02,0.004287579922765106
2011-06-03,0.3892646000745802
2011-06-04,0.4085735971101076
2011-06-05,0.009551292736995934
2011-06-06,0.004287579922765106
2011-06-07,0.3892646000745802
2011-06-08,0.007602824220206644
2011-06-09,0.2608871102324828
2011-06-10,0.36096993568090413
2011-06-11,0.004287579922765106
2011-06-12,0.714510691297606
2011-06-13,0.10341598299701427
2011-06-14,0.0
2011-06-15,0.0030411296880826577
2011-06-16,0.0
2011-06-17,0.0
2011-06-18,0.8034429833108642
2011-06-19,0.408979128879224
2011-06-20,1.0522829026525993
2011-06-21,0.08549462832853168
2011-06-22,0.017972663519137046
2011-06-23,0.24159050414030134
2011-06-24,5.688934329817829
2011-06-25,6.305303378376932
2011-06-26,0.16123513078951035
2011-06-27,0.05699641888568779
2011-06-28,0.16663283816220031
2011-06-29,0.7942460101011943
2011-06-30,0.007133382905453921
2011-07-01,0.0
2011-07-02,0.0
2011-07-03,0.0
2011-07-04,0.08305416060144616
2011-07-05,1.7203051920344385
2011-07-06,2.5782330460492786
2011-07-07,1.8650543708429912
2011-07-08,1.1347126897622521
2011-07-09,1.9608508731300582
2011-07-10,1.1241635150528655
2011-07-11,0.2988386073910239
2011-07-12,3.5480067961138335
2011-07-13,7.027468230962941
2011-07-14,0.07534245563690897
2011-07-15,0.01216451875233062
2011-07-16,0.013685083596371935
2011-07-17,0.04406867683378172
2011-07-18,0.1756767933660897
2011-07-19,0.0
2011-07-20,0.045165474621053636
2011-07-21,0.0
2011-07-22,0.0
2011-07-23,0.7140414740764465
2011-07-24,7.54882734390242
2011-07-25,10.330343557255478
2011-07-26,17.62281144245141
2011-07-27,11.50086048276898
2011-07-28,8.592341712030107
2011-07-29,6.719936498297448
2011-07-30,7.627364428847507
2011-07-31,14.362541226098632
2011-08-01,10.447543269692071
2011-08-02,2.095892563988169
2011-08-03,3.860389606614892
2011-08-04,1.4977855324951341
2011-08-05,1.8366676228343266
2011-08-06,1.9762994660808422
2011-08-07,1.5282622309005631
2011-08-08,1.7365125319339785
2011-08-09,1.7203109731118633
2011-08-10,0.013255820854457851
2011-08-11,0.0
2011-08-12,0.32841925377059045
2011-08-13,0.0
2011-08-14,0.0
2011-08-15,0.0
2011-08-16,0.0
2011-08-17,0.028728097253137276
2011-08-18,0.0
2011-08-19,0.00147286898382865
2011-08-20,0.7785292001491599
2011-08-21,0.0
2011-08-22,0.007678822804240326
2011-08-23,0.056195686381009934
2011-08-24,0.14630782736464967
2011-08-25,0.0726645517730044
2011-08-26,0.4538692004606355
2011-08-27,0.00147286898382865
2011-08-28,0.14239550380921812
2011-08-29,0.00147286898382865
2011-08-30,0.0
2011-08-31,0.004399059748476055
2011-09-01,0.0
2011-09-02,0.0
2011-09-03,0.0
2011-09-04,0.004399059748476047
2011-09-05,0.003066150542406714
2011-09-06,0.007333770154899158
2011-09-07,0.0
2011-09-08,0.002934710406423111
2011-09-09,0.1975809884046358
2011-09-10,0.10171520976712091
2011-09-11,0.0
2011-09-12,0.0
2011-09-13,0.0
2011-09-14,0.0
2011-09-15,0.0
2011-09-16,0.012968235318694604
2011-09-17,0.0
2011-09-18,0.0
2011-09-19,0.03815123528350044
2011-09-20,0.0
2011-09-21,0.013203190967745377
2011-09-22,0.004399059748476046
2011-09-23,0.0
2011-09-24,0.0
2011-09-25,0.004399059748476046
2011-09-26,0.019072611780591598
2011-09-27,0.004399059748476046
2011-09-28,0.0
2011-09-29,0.0
2011-09-30,0.0
2011-10-01,0.0
2011-10-02,0.0
2011-10-03,0.0
2011-10-04,0.0
2011-10-05,0.0
2011-10-06,0.0
2011-10-07,0.0
2011-10-08,0.0
2011-10-09,0.0
2011-10-10,0.0
2011-10-11,0.0
2011-10-12,0.0
2011-10-13,0.0
2011-10-14,0.029232915240151452
2011-10-15,0.006613649937757123
2011-10-16,0.11614981388749929
2011-10-17,1.0150334397590945
2011-10-18,0.004409099958504748
2011-10-19,4.630976998406717
2011-10-20,2.432383681417481
2011-10-21,12.044451932608665
2011-10-22,0.9128509930583993
2011-10-23,1.2180654414205645
2011-10-24,0.0
2011-10-25,0.0
2011-10-26,0.0
2011-10-27,0.0
2011-10-28,0.0
2011-10-29,0.0
2011-10-30,0.0
2011-10-31,0.0
2011-11-01,0.0
2011-11-02,0.0
2011-11-03,0.5055849063057659
2011-11-04,1.969288628653505
2011-11-05,0.002087431108694831
2011-11-06,0.0
2011-11-07,0.0
2011-11-08,0.0
2011-11-09,0.0
2011-11-10,0.0
2011-11-11,0.0
2011-11-12,0.0
2011-11-13,0.0
2011-11-14,0.0
2011-11-15,0.0
2011-11-16,0.0
2011-11-17,0.0
2011-11-18,0.0
2011-11-19,0.0
2011-11-20,0.0
2011-11-21,0.0
2011-11-22,0.0
2011-11-23,0.0
2011-11-24,0.0
2011-11-25,0.0
2011-11-26,0.0
2011-11-27,0.0
2011-11-28,0.0
2011-11-29,0.0
2011-11-30,0.0
2011-12-01,0.0
2011-12-02,0.0
2011-12-03,0.0
2011-12-04,0.0
2011-12-05,0.0
2011-12-06,0.0
2011-12-07,0.0
2011-12-08,0.0
2011-12-09,0.0
2011-12-10,0.0
2011-12-11,0.0
2011-12-12,0.0
2011-12-13,0.0
2011-12-14,0.0
2011-12-15,0.0
2011-12-16,0.0
2011-12-17,0.0
2011-12-18,0.0
2011-12-19,0.0
2011-12-20,0.0
2011-12-21,0.0
2011-12-22,0.0
2011-12-23,0.0
2011-12-24,0.0
2011-12-25,0.0
2011-12-26,0.0
2011-12-27,0.0
2011-12-28,0.04964763056329335
2011-12-29,0.0
2011-12-30,0.0
2011-12-31,0.0
2012-01-01,0.0
2012-01-02,0.0
2012-01-03,0.0
2012-01-04,0.0
2012-01-05,0.004409099958504757
2012-01-06,0.0
2012-01-07,0.0
2012-01-08,0.0
2012-01-09,0.006613649937757135
2012-01-10,0.0
2012-01-11,0.0
2012-01-12,0.0
2012-01-13,0.0
2012-01-14,0.0
2012-01-15,0.0
2012-01-16,0.0
2012-01-17,0.0
2012-01-18,4.18383678816738
2012-01-19,6.242803679762591
2012-01-20,3.9212224729094713
2012-01-21,9.5870859950073
2012-01-22,1.2770040486794352
2012-01-23,1.3826132335863792
2012-01-24,2.447034516951859
2012-01-25,8.915394048326853
2012-01-26,0.2660440632531659
2012-01-27,0.0
2012-01-28,0.0
2012-01-29,0.006613649937757144
2012-01-30,0.0
2012-01-31,0.0
2012-02-01,0.0
2012-02-02,0.0
2012-02-03,0.007680660806010219
2012-02-04,0.0
2012-02-05,0.0
2012-02-06,0.3614592785103418
2012-02-07,0.0
2012-02-08,0.06305000006885486
2012-02-09,0.32066506395506383
2012-02-10,1.9607737651372619
2012-02-11,1.6444128720372246
2012-02-12,0.0
2012-02-13,0.9587448021963272
2012-02-14,0.7617723560551672
2012-02-15,4.580037708433878
2012-02-16,22.408258068275103
2012-02-17,14.481384964638224
2012-02-18,10.150072257113786
2012-02-19,8.42718080052484
2012-02-20,5.180093946906971
2012-02-21,5.40419184361447
2012-02-22,0.13333617946666332
2012-02-23,0.0374773496472905
2012-02-24,0.5679844850051003
2012-02-25,6.171410174115232
2012-02-26,6.6574923437554565
2012-02-27,6.817921105406713
2012-02-28,9.887560902525026
2012-02-29,1.2017797706475775
2012-03-01,0.0
2012-03-02,0.2505991796548826
2012-03-03,1.2066496566986016
2012-03-04,1.85844996349743
2012-03-05,2.0997259021684465
2012-03-06,1.7977667770940118
2012-03-07,0.0
2012-03-08,0.2455365614920504
2012-03-09,0.9882059414135278
2012-03-10,1.0164742687834791
2012-03-11,2.660786653835719
2012-03-12,7.67485670839092
2012-03-13,0.561510175813017
2012-03-14,2.8894589518713087
2012-03-15,1.7296643576754325
2012-03-16,2.659748141904661
2012-03-17,0.6516891656956108
2012-03-18,0.7107873281403689
2012-03-19,4.768649924364265
2012-03-20,2.3496375559589344
2012-03-21,2.0237330318187507
2012-03-22,1.3197740761788608
2012-03-23,1.437288893300764
2012-03-24,0.6500922177434089
2012-03-25,2.9536262758907377
2012-03-26,3.8032966217942232
2012-03-27,0.6706108030038026
2012-03-28,1.631538331901825
2012-03-29,2.281763863676398
2012-03-30,1.0713773164042935
2012-03-31,0.2141345426981301
2012-04-01,0.02813755203291029
2012-04-02,1.7667901496494542
2012-04-03,0.5181140473052598
2012-04-04,0.19561161104744834
2012-04-05,0.41281919558451063
2012-04-06,0.7997928691282438
2012-04-07,0.5482884751260693
2012-04-08,1.790706097061039
2012-04-09,0.3733420133331631
2012-04-10,0.9586188840470748
2012-04-11,1.3862963706113574
2012-04-12,0.7368634099218849
2012-04-13,0.0
2012-04-14,0.06826549202452838
2012-04-15,2.551168795699597
2012-04-16,0.7198149960979118
2012-04-17,1.737240471083327
2012-04-18,3.488523601400055
2012-04-19,5.437274387082048
2012-04-20,0.7603746448324145
2012-04-21,1.753310692793282
2012-04-22,0.1479960254791568
2012-04-23,0.004409099958504762
2012-04-24,1.4964784121845172
2012-04-25,0.0
2012-04-26,0.0
2012-04-27,0.0
2012-04-28,0.0
2012-04-29,0.0
2012-04-30,0.007205119549224681
2012-05-01,0.01199653246580074
2012-05-02,0.0
2012-05-03,0.0
2012-05-04,0.02022806890316238
2012-05-05,0.0
2012-05-06,0.0
2012-05-07,0.0
2012-05-08,0.17645162883268456
2012-05-09,0.0
2012-05-10,0.0
2012-05-11,0.8286020267246572
2012-05-12,0.0
2012-05-13,0.0
2012-05-14,0.0
2012-05-15,0.0
2012-05-16,0.0
2012-05-17,0.0
2012-05-18,0.20322540097180142
2012-05-19,0.0
2012-05-20,0.22979589681777507
2012-05-21,0.05119283160708528
2012-05-22,0.0
2012-05-23,1.3269303029834907
2012-05-24,0.48774096233232345
2012-05-25,0.0
2012-05-26,0.0
2012-05-27,0.0
2012-05-28,0.0
2012-05-29,0.0
2012-05-30,0.12282198667018246
2012-05-31,0.0
2012-06-01,0.0
2012-06-02,0.0
2012-06-03,0.0
2012-06-04,0.0
2012-06-05,0.0
2012-06-06,0.0
2012-06-07,0.0
2012-06-08,0.0
2012-06-09,0.0
2012-06-10,0.0
2012-06-11,0.0
2012-06-12,0.0
2012-06-13,0.0
2012-06-14,0.0
2012-06-15,0.0
2012-06-16,0.0
2012-06-17,0.0
2012-06-18,0.0
2012-06-19,0.004372555130169794
2012-06-20,0.16454377275287535
2012-06-21,0.21377315238452638
2012-06-22,0.20702323334965694
2012-06-23,0.0
2012-06-24,0.0
2012-06-25,0.0
2012-06-26,0.013923472682011098
2012-06-27,0.0
2012-06-28,0.024823815281646695
2012-06-29,0.0
2012-06-30,0.0
2012-07-01,0.09929526112658678
2012-07-02,0.0
2012-07-03,0.0
2012-07-04,0.0
2012-07-05,0.0
2012-07-06,0.0
2012-07-07,0.0
2012-07-08,0.0
2012-07-09,0.0
2012-07-10,0.0
2012-07-11,0.0
2012-07-12,0.0
2012-07-13,0.1909466238003494
2012-07-14,0.046090731022396844
2012-07-15,0.0
2012-07-16,0.0
2012-07-17,0.0
2012-07-18,0.0
2012-07-19,0.0
2012-07-20,0.0
2012-07-21,0.0
2012-07-22,0.0
2012-07-23,0.0
2012-07-24,0.0
2012-07-25,0.0
2012-07-26,0.0
2012-07-27,0.0
2012-07-28,0.0
2012-07-29,0.0
2012-07-30,0.0
2012-07-31,0.0
2012-08-01,0.0
2012-08-02,0.0
2012-08-03,0.0
2012-08-04,0.0
2012-08-05,0.0
2012-08-06,0.0
2012-08-07,0.0
2012-08-08,0.0
2012-08-09,0.0
2012-08-10,0.0
2012-08-11,0.0
2012-08-12,0.0
2012-08-13,0.0
2012-08-14,0.0
2012-08-15,0.0
2012-08-16,0.0
2012-08-17,0.0
2012-08-18,0.0
2012-08-19,0.0
2012-08-20,0.0
2012-08-21,0.0
2012-08-22,0.0
2012-08-23,0.0
2012-08-24,0.0
2012-08-25,0.0
2012-08-26,0.0
2012-08-27,0.0
2012-08-28,0.0
2012-08-29,0.0
2012-08-30,0.0
2012-08-31,0.0
2012-09-01,0.0
2012-09-02,0.0
2012-09-03,0.0
2012-09-04,0.0
2012-09-05,0.0
2012-09-06,0.0
2012-09-07,0.0
2012-09-08,0.0
2012-09-09,0.0
2012-09-10,0.0
2012-09-11,0.0
2012-09-12,0.0
2012-09-13,0.0
2012-09-14,0.0
2012-09-15,0.0
2012-09-16,0.0
2012-09-17,0.0
2012-09-18,0.0
2012-09-19,0.0
2012-09-20,0.0
2012-09-21,0.0
2012-09-22,0.0
2012-09-23,0.0
2012-09-24,0.0
2012-09-25,0.0
2012-09-26,0.0
2012-09-27,0.0
2012-09-28,0.0
2012-09-29,0.0
2012-09-30,0.0
2012-10-01,0.0
2012-10-02,0.0
2012-10-03,0.0
2012-10-04,0.0
2012-10-05,0.0
2012-10-06,0.0
2012-10-07,0.0
2012-10-08,0.0
2012-10-09,0.0
2012-10-10,0.0
2012-10-11,0.033999360576103504
2012-10-12,0.0
2012-10-13,0.0
2012-10-14,0.0
2012-10-15,0.0
2012-10-16,0.0
2012-10-17,0.0
2012-10-18,0.0
2012-10-19,0.0
2012-10-20,0.0
2012-10-21,0.0
2012-10-22,0.004372555130169793
2012-10-23,0.0
2012-10-24,0.0
2012-10-25,0.0
2012-10-26,0.0
2012-10-27,0.0
2012-10-28,0.0
2012-10-29,0.0
2012-10-30,0.0
2012-10-31,0.0
2012-11-01,0.6493770279116364
2012-11-02,0.021666559557797997
2012-11-03,0.0
2012-11-04,0.0
2012-11-05,0.0
2012-11-06,0.0
2012-11-07,0.0
2012-11-08,0.0
2012-11-09,0.0
2012-11-10,0.0
2012-11-11,0.0
2012-11-12,0.0
2012-11-13,0.0
2012-11-14,0.004372555130169793
2012-11-15,0.0
2012-11-16,0.0
2012-11-17,0.0
2012-11-18,0.0
2012-11-19,0.0
2012-11-20,0.004372555130169793
2012-11-21,0.0
2012-11-22,0.0
2012-11-23,0.0
2012-11-24,0.0
2012-11-25,0.0
2012-11-26,0.0
2012-11-27,0.0
2012-11-28,0.0
2012-11-29,0.0
2012-11-30,0.008745110260339585
2012-12-01,0.0
2012-12-02,0.0
2012-12-03,0.0
2012-12-04,0.0
2012-12-05,0.0
2012-12-06,0.0
2012-12-07,0.0
2012-12-08,0.0
2012-12-09,0.0
2012-12-10,0.0
2012-12-11,0.0
2012-12-12,0.004372555130169797
2012-12-13,0.0
2012-12-14,0.0
2012-12-15,0.0
2012-12-16,0.0
2012-12-17,0.2274818972546936
2012-12-18,0.15376632659877545
2012-12-19,0.0
2012-12-20,0.008745110260339594
2012-12-21,0.028187504050680313
2012-12-22,0.0
2012-12-23,0.0
2012-12-24,0.0
2012-12-25,0.03741014617440849
2012-12-26,0.0
2012-12-27,0.0
2012-12-28,0.0
2012-12-29,0.0
2012-12-30,0.0
2012-12-31,0.0
2013-01-01,0.18585130697430266
2013-01-02,0.003743902609088175
2013-01-03,1.057592185061248
2013-01-04,6.447433034736016
2013-01-05,0.764881376460268
2013-01-06,0.0
2013-01-07,0.0
2013-01-08,0.27653950778850955
2013-01-09,0.001621592246484298
2013-01-10,0.23044958982375796
2013-01-11,0.556737452693822
2013-01-12,0.0
2013-01-13,0.24136013269901108
2013-01-14,0.006530288184499783
2013-01-15,0.3974352462224888
2013-01-16,1.2693454929634997
2013-01-17,0.7265619300608462
2013-01-18,0.19731084208759736
2013-01-19,3.8673542426139265
2013-01-20,0.8843336658603278
2013-01-21,1.776560084522142
2013-01-22,1.581274412846601
2013-01-23,2.151418176299887
2013-01-24,0.02491877054787283
2013-01-25,0.4153232538348382
2013-01-26,1.1398119467455812
2013-01-27,0.0
2013-01-28,0.0
2013-01-29,0.0
2013-01-30,0.0
2013-01-31,0.0
2013-02-01,0.0
2013-02-02,0.0
2013-02-03,0.0
2013-02-04,0.0
2013-02-05,0.0
2013-02-06,0.0
2013-02-07,0.0419086245695417
2013-02-08,0.594078435369266
2013-02-09,0.7048664614626582
2013-02-10,0.410650457433982
2013-02-11,0.16006529954572493
2013-02-12,0.5855842675729438
2013-02-13,0.2518976854444021
2013-02-14,1.8392366317059137
2013-02-15,9.655948820206923
2013-02-16,5.136727974700428
2013-02-17,3.8845774635420867
2013-02-18,8.048389847102701
2013-02-19,13.460708981163565
2013-02-20,6.833307602688432
2013-02-21,0.006671674230377015
2013-02-22,0.0
2013-02-23,0.0
2013-02-24,0.0
2013-02-25,0.0
2013-02-26,0.0
2013-02-27,0.0
2013-02-28,0.07469671416628902
2013-03-01,0.0
2013-03-02,0.0
2013-03-03,0.0
2013-03-04,0.0
2013-03-05,0.0
2013-03-06,0.0022045499792523794
2013-03-07,0.0
2013-03-08,0.0
2013-03-09,0.07374386874360296
2013-03-10,0.016080479973045878
2013-03-11,0.0
2013-03-12,0.0
2013-03-13,0.0
2013-03-14,0.006199787153924331
2013-03-15,0.3353990456173702
2013-03-16,2.108655572473954
2013-03-17,9.102925685916352
2013-03-18,0.9519901494957329
2013-03-19,6.871073730577386
2013-03-20,5.622964337891861
2013-03-21,0.9480472552503938
2013-03-22,0.09953660093345996
2013-03-23,1.9638053936017812
2013-03-24,2.1526568651663798
2013-03-25,8.897392736367975
2013-03-26,0.8205927239556832
2013-03-27,2.8324923438089815
2013-03-28,1.7950841885169424
2013-03-29,0.5066005706700082
2013-03-30,0.2328944056781468
2013-03-31,11.774174344281322
2013-04-01,6.010521059103746
2013-04-02,0.7336992435347931
2013-04-03,1.31432650090008
2013-04-04,0.9310579950763834
2013-04-05,2.1028399253379146
2013-04-06,1.471696462896949
2013-04-07,1.4790906982962735
2013-04-08,0.8320605072643743
2013-04-09,0.878435023267388
2013-04-10,0.8018623261957958
2013-04-11,0.0
2013-04-12,0.1585676429005814
2013-04-13,0.0
2013-04-14,0.19278069759627994
2013-04-15,1.4765211771200333
2013-04-16,1.5806948853010878
2013-04-17,1.434363892752523
2013-04-18,3.2638665068392143
2013-04-19,12.386828341805247
2013-04-20,9.040613711567042
2013-04-21,0.9610649745579314
2013-04-22,0.5142148952686674
2013-04-23,0.9532486715322274
2013-04-24,1.236822168549475
2013-04-25,0.8226150111449134
2013-04-26,1.0125705317755647
2013-04-27,0.7634705058843485
2013-04-28,0.47442934906140455
2013-04-29,3.924374344478935
2013-04-30,13.943029571054213
2013-05-01,1.9611082462253464
2013-05-02,1.5653037334899145
2013-05-03,1.0791711284176382
2013-05-04,0.0
2013-05-05,0.0
2013-05-06,0.14673673002292204
2013-05-07,0.30416723286217895
2013-05-08,0.6885527900736642
2013-05-09,3.2619795749338376
2013-05-10,6.745228834178977
2013-05-11,0.10151487148189257
2013-05-12,0.0
2013-05-13,0.0
2013-05-14,0.7068302803467381
2013-05-15,9.394779088713614
2013-05-16,0.39964702279923814
2013-05-17,0.0
2013-05-18,2.2302824992079877
2013-05-19,6.452158773465297
2013-05-20,0.02051828404025733
2013-05-21,0.04933106973981029
2013-05-22,0.092610681731162
2013-05-23,0.01409459135423151
2013-05-24,0.6106121500466288
2013-05-25,0.9026821863992343
2013-05-26,0.19121565870415436
2013-05-27,0.0
2013-05-28,0.0
2013-05-29,0.0
2013-05-30,0.073743868743603
2013-05-31,0.03616935535331755
2013-06-01,0.0
2013-06-02,0.0
2013-06-03,0.0
2013-06-04,0.10256457375302026
2013-06-05,0.3823698142479184
2013-06-06,1.2259613369172517
2013-06-07,0.6140742235024322
2013-06-08,0.0
2013-06-09,0.0
2013-06-10,0.20709271925238915
2013-06-11,0.17692006996359103
2013-06-12,0.0
2013-06-13,2.396067693684817
2013-06-14,9.599275566129327
2013-06-15,2.1918659841509704
2013-06-16,0.0
2013-06-17,1.087929430754105
2013-06-18,0.0
2013-06-19,0.0
2013-06-20,0.0
2013-06-21,0.867666679190642
2013-06-22,4.427460685130626
2013-06-23,4.209270631212627
2013-06-24,0.0
2013-06-25,0.0
2013-06-26,0.38922415391990023
2013-06-27,0.0
2013-06-28,0.001311514239361726
2013-06-29,0.6707642364159727
2013-06-30,0.7524892355775666
2013-07-01,0.0
2013-07-02,0.0
2013-07-03,2.6179410026636236
2013-07-04,3.9606669291150207
2013-07-05,0.2423703058943918
2013-07-06,0.0013115142393617261
2013-07-07,0.0013115142393617261
2013-07-08,0.02948667832726518
2013-07-09,0.0
2013-07-10,0.0
2013-07-11,0.0
2013-07-12,0.6918294388075031
2013-07-13,0.0
2013-07-14,0.8788221301632705
2013-07-15,1.5978912872166795
2013-07-16,0.03107598106588548
2013-07-17,0.2546625744671162
2013-07-18,0.0
2013-07-19,0.0
2013-07-20,0.25467534481079906
2013-07-21,0.6998847517693114
2013-07-22,0.021141887031347242
2013-07-23,0.08129016038872042
2013-07-24,0.0
2013-07-25,0.0
2013-07-26,0.0
2013-07-27,0.0
2013-07-28,0.0
2013-07-29,0.24595930011940467
2013-07-30,0.0
2013-07-31,0.0
2013-08-01,0.0
2013-08-02,0.0
2013-08-03,0.0
2013-08-04,0.0
2013-08-05,0.0
2013-08-06,0.0
2013-08-07,0.0
2013-08-08,0.0
2013-08-09,0.0
2013-08-10,0.0
2013-08-11,0.0
2013-08-12,0.0
2013-08-13,0.0
2013-08-14,0.0
2013-08-15,0.0
2013-08-16,0.0
2013-08-17,0.0
2013-08-18,0.0
2013-08-19,0.0
2013-08-20,0.0
2013-08-21,1.7346277028930115
2013-08-22,0.0
2013-08-23,0.0
2013-08-24,0.0
2013-08-25,0.0
2013-08-26,0.0
2013-08-27,0.023843576317630667
2013-08-28,0.0
2013-08-29,0.0
2013-08-30,0.0
2013-08-31,0.0
2013-09-01,0.0
2013-09-02,0.0
2013-09-03,0.0
2013-09-04,0.0
2013-09-05,0.0
2013-09-06,0.0
2013-09-07,0.0
2013-09-08,0.0026800799955076474
2013-09-09,0.035236478385578765
2013-09-10,0.0
2013-09-11,0.0
2013-09-12,0.0
2013-09-13,0.0
2013-09-14,0.0
2013-09-15,0.0
2013-09-16,0.0
2013-09-17,0.0
2013-09-18,0.0
2013-09-19,0.0
2013-09-20,0.0
2013-09-21,0.0
2013-09-22,0.0
2013-09-23,0.0
2013-09-24,0.0
2013-09-25,0.0
2013-09-26,0.0
2013-09-27,0.0
2013-09-28,0.0
2013-09-29,0.0
2013-09-30,0.0
2013-10-01,0.0
2013-10-02,0.061641169250001175
2013-10-03,1.9640588314237482
2013-10-04,0.0
2013-10-05,0.0
2013-10-06,0.0
2013-10-07,0.0
2013-10-08,0.0
2013-10-09,0.0
2013-10-10,0.0
2013-10-11,0.0
2013-10-12,0.0
2013-10-13,0.029386296830248987
2013-10-14,0.19211032203263495
2013-10-15,0.0
2013-10-16,0.0
2013-10-17,0.0
2013-10-18,0.0
2013-10-19,0.0
2013-10-20,0.0
2013-10-21,0.0
2013-10-22,0.0
2013-10-23,0.06377385841402304
2013-10-24,0.0
2013-10-25,0.0
2013-10-26,0.0
2013-10-27,0.0
2013-10-28,0.0
2013-10-29,0.0
2013-10-30,0.0
2013-10-31,0.0
2013-11-01,0.0
2013-11-02,0.0
2013-11-03,1.6241788826475867
2013-11-04,9.125007282971856
2013-11-05,0.04190913153359393
2013-11-06,0.016763652613437572
2013-11-07,0.06536307848378532
2013-11-08,0.0
2013-11-09,0.0
2013-11-10,0.0
2013-11-11,0.0
2013-11-12,0.0
2013-11-13,0.0
2013-11-14,0.0
2013-11-15,0.0
2013-11-16,0.0
2013-11-17,0.12748904487467172
2013-11-18,0.0
2013-11-19,0.0
2013-11-20,8.283208757069511
2013-11-21,0.0
2013-11-22,2.014834562530422
2013-11-23,0.0
2013-11-24,0.0
2013-11-25,0.0
2013-11-26,0.0
2013-11-27,0.0
2013-11-28,0.0
2013-11-29,0.05029095784031275
2013-11-30,0.0
2013-12-01,0.0
2013-12-02,0.0
2013-12-03,0.0
2013-12-04,0.1783199232686343
2013-12-05,0.0
2013-12-06,0.0
2013-12-07,0.11785464140615783
2013-12-08,0.020066595301537846
2013-12-09,0.21822875904708228
2013-12-10,0.0
2013-12-11,0.0
2013-12-12,0.0
2013-12-13,0.0
2013-12-14,0.0
2013-12-15,4.80103269903581
2013-12-16,0.3101215930781024
2013-12-17,0.7677915517842122
2013-12-18,0.0
2013-12-19,4.081345221894179
2013-12-20,29.44536708985615
2013-12-21,5.746158011188912
2013-12-22,0.14443085932470467
2013-12-23,0.5349067146475541
2013-12-24,0.004323071729534836
2013-12-25,0.002882047819689891
2013-12-26,0.002882047819689891
2013-12-27,0.002882047819689891
2013-12-28,0.019500959681229012
2013-12-29,0.0014410239098449455
2013-12-30,0.0
2013-12-31,0.0
2014-01-01,1.5417169123902363
2014-01-02,0.21614082774802984
2014-01-03,0.0022045499792523824
2014-01-04,0.02352423258288792
2014-01-05,0.3980418320849325
2014-01-06,0.07556557764496286
2014-01-07,4.137445457982767
2014-01-08,4.197292106548716
2014-01-09,0.8195403811187356
2014-01-10,1.585005832808643
2014-01-11,0.16158227148596616
2014-01-12,0.13019553023241165
2014-01-13,0.6540851615715632
2014-01-14,0.08151971114365052
2014-01-15,4.749883640473187
2014-01-16,3.7239793055760018
2014-01-17,0.0
2014-01-18,0.0
2014-01-19,0.01127500162027212
2014-01-20,0.8988092855008737
2014-01-21,2.0728693016164987
2014-01-22,0.00585012386834972
2014-01-23,0.0014410239098449548
2014-01-24,0.0
2014-01-25,0.021669092813007388
2014-01-26,0.004409099958504765
2014-01-27,0.07898830875652672
2014-01-28,3.1400071772646543
2014-01-29,0.0
2014-01-30,2.621660296449137
2014-01-31,8.05112565996006
2014-02-01,0.042292947962210836
2014-02-02,3.774150624763134
2014-02-03,1.9638759032804916
2014-02-04,2.230562429256661
2014-02-05,0.5464098805276416
2014-02-06,0.23513388218346382
2014-02-07,0.12085430963201493
2014-02-08,0.6936159613506724
2014-02-09,2.7074114428102045
2014-02-10,0.9993897678424782
2014-02-11,0.3420393228868081
2014-02-12,0.5142974296938514
2014-02-13,0.7394961740729038
2014-02-14,0.6423462413603304
2014-02-15,2.774280535136515
2014-02-16,7.667546443679877
2014-02-17,16.924245523646636
2014-02-18,4.63017271892133
2014-02-19,1.9614992680125454
2014-02-20,3.717294995309406
2014-02-21,1.0451957106281302
2014-02-22,0.0
2014-02-23,0.0
2014-02-24,0.1689261647511835
2014-02-25,0.0
2014-02-26,0.0
2014-02-27,0.06450694245105473
2014-02-28,0.8147925865788831
2014-03-01,0.7194320852770075
2014-03-02,0.08987423291520491
2014-03-03,0.6017960391337664
2014-03-04,0.6567555638701021
2014-03-05,1.5117774409318159
2014-03-06,3.8990736030450055
2014-03-07,17.025387486490306
2014-03-08,27.500746962725255
2014-03-09,15.09093400659802
2014-03-10,3.675190286923301
2014-03-11,1.8214072555514549
2014-03-12,1.958419903742556
2014-03-13,3.0055075727020535
2014-03-14,3.3789275410594066
2014-03-15,1.9668829898871811
2014-03-16,2.2125853318041084
2014-03-17,5.58015732008418
2014-03-18,0.3335727980165756
2014-03-19,0.7112824290975857
2014-03-20,0.4125075916846639
2014-03-21,0.08861800115490485
2014-03-22,0.014410239098449405
2014-03-23,0.0
2014-03-24,0.0
2014-03-25,0.0
2014-03-26,0.0
2014-03-27,0.9511990256051702
2014-03-28,9.34906860757032
2014-03-29,8.582074027207439
2014-03-30,2.264093182805057
2014-03-31,22.952212100757407
2014-04-01,1.1378720204817931
2014-04-02,1.5096615148608148
2014-04-03,15.466457710735614
2014-04-04,1.457867747585195
2014-04-05,4.146416757613928
2014-04-06,3.7077414762519063
2014-04-07,2.7278234071237764
2014-04-08,6.189357544210085
2014-04-09,3.5646036218926143
2014-04-10,8.754480071265029
2014-04-11,2.907788620600405
2014-04-12,3.259582837140626
2014-04-13,0.5377725123556893
2014-04-14,1.9520285045437
2014-04-15,0.15449062270552405
2014-04-16,3.92888918897937
2014-04-17,3.1499938196334316
2014-04-18,3.7173344261723638
2014-04-19,1.9392014446329469
2014-04-20,0.9226976862161504
2014-04-21,0.8822895433746343
2014-04-22,0.8581024600427963
2014-04-23,0.5580570123629544
2014-04-24,0.0
2014-04-25,0.0
2014-04-26,1.026873863266028
2014-04-27,5.807573656265989
2014-04-28,5.121471454829097
2014-04-29,0.3393010356632809
2014-04-30,0.0022045499792523815
2014-05-01,0.6787527059293008
2014-05-02,1.3232652705458676
2014-05-03,0.9294268129762356
2014-05-04,4.545482219883483
2014-05-05,1.9204524219508436
2014-05-06,0.0
2014-05-07,0.047069787744081985
2014-05-08,0.36732546564409513
2014-05-09,0.0
2014-05-10,1.057960222290444
2014-05-11,5.929445221176638
2014-05-12,1.4496473201650288
2014-05-13,0.2928240273094893
2014-05-14,0.0
2014-05-15,0.25420526881556404
2014-05-16,0.12635085370604185
2014-05-17,0.06671044758601632
2014-05-18,0.45713776084266833
2014-05-19,0.3480132588196285
2014-05-20,0.6201123850430533
2014-05-21,0.0832428139901846
2014-05-22,3.197287631626988
2014-05-23,2.52045777948538
2014-05-24,0.0
2014-05-25,0.0
2014-05-26,0.0
2014-05-27,0.05826996979312922
2014-05-28,3.3264368153745987
2014-05-29,3.571258742132861
2014-05-30,6.47616501930008
2014-05-31,0.0
2014-06-01,0.0022045499792523815
2014-06-02,0.0
2014-06-03,0.0
2014-06-04,0.0
2014-06-05,0.0
2014-06-06,0.0
2014-06-07,0.012399574307848672
2014-06-08,0.0
2014-06-09,0.0
2014-06-10,0.12050926099870032
2014-06-11,0.03258757625716563
2014-06-12,0.0
2014-06-13,0.0
2014-06-14,0.0
2014-06-15,0.0
2014-06-16,0.3522497929263796
2014-06-17,0.0
2014-06-18,0.0
2014-06-19,0.0
2014-06-20,0.0
2014-06-21,0.0
2014-06-22,0.0
2014-06-23,0.0022045499792523824
2014-06-24,0.021699255038735252
2014-06-25,0.6987748817060172
2014-06-26,0.004409099958504744
2014-06-27,0.0
2014-06-28,0.015431849854766588
2014-06-29,0.0
2014-06-30,0.10116877734204813
2014-07-01,0.0
2014-07-02,0.0
2014-07-03,0.0
2014-07-04,0.0
2014-07-05,0.0
2014-07-06,0.0
2014-07-07,0.0
2014-07-08,0.0
2014-07-09,0.0
2014-07-10,0.0
2014-07-11,0.0
2014-07-12,0.0
2014-07-13,0.041502608791104845
2014-07-14,0.0
2014-07-15,0.0
2014-07-16,0.0
2014-07-17,0.0
2014-07-18,0.0
2014-07-19,0.0
2014-07-20,0.0
2014-07-21,0.0
2014-07-22,0.0
2014-07-23,0.0
2014-07-24,0.0
2014-07-25,0.0
2014-07-26,0.0
2014-07-27,0.0
2014-07-28,0.0
2014-07-29,0.0
2014-07-30,0.0
2014-07-31,0.0
2014-08-01,0.0
2014-08-02,0.0
2014-08-03,0.0
2014-08-04,0.0
2014-08-05,0.0
2014-08-06,0.0
2014-08-07,0.0
2014-08-08,0.0
2014-08-09,0.0
2014-08-10,0.0
2014-08-11,0.0
2014-08-12,0.0
2014-08-13,0.0
2014-08-14,0.0
2014-08-15,0.0
2014-08-16,0.0
2014-08-17,0.0
2014-08-18,0.08493255057257708
2014-08-19,0.0
2014-08-20,0.0
2014-08-21,0.0
2014-08-22,0.0
2014-08-23,0.0
2014-08-24,0.0
2014-08-25,0.0
2014-08-26,0.0
2014-08-27,0.0
2014-08-28,0.0
2014-08-29,0.0
2014-08-30,0.0
2014-08-31,0.0
2014-09-01,0.0
2014-09-02,0.0
2014-09-03,0.0
2014-09-04,0.28690657034413924
2014-09-05,0.0
2014-09-06,0.09048987029443478
2014-09-07,0.0
2014-09-08,0.0
2014-09-09,0.0
2014-09-10,0.0
2014-09-11,0.0
2014-09-12,0.0
2014-09-13,0.02171497089073612
2014-09-14,0.0
2014-09-15,0.0
2014-09-16,0.0
2014-09-17,0.0
2014-09-18,0.0
2014-09-19,0.0
2014-09-20,0.0
2014-09-21,0.0
2014-09-22,0.0
2014-09-23,0.0
2014-09-24,0.0
2014-09-25,0.0
2014-09-26,0.0
2014-09-27,0.0
2014-09-28,0.0
2014-09-29,0.0
2014-09-30,0.0
2014-10-01,3.1325317714922356
2014-10-02,3.509232890584533
2014-10-03,0.0
2014-10-04,0.04890344243644658
2014-10-05,0.0
2014-10-06,0.0
2014-10-07,0.0
2014-10-08,0.0
2014-10-09,0.0
2014-10-10,0.0
2014-10-11,0.0
2014-10-12,0.0
2014-10-13,0.0
2014-10-14,0.0
2014-10-15,0.0
2014-10-16,0.0
2014-10-17,0.0
2014-10-18,0.0
2014-10-19,0.0
2014-10-20,0.0
2014-10-21,0.0
2014-10-22,0.0
2014-10-23,0.0
2014-10-24,0.0
2014-10-25,0.0
2014-10-26,0.0
2014-10-27,0.47002662428110004
2014-10-28,0.0
2014-10-29,0.0
2014-10-30,0.0
2014-10-31,0.0
2014-11-01,0.0
2014-11-02,0.0
2014-11-03,0.2612717989147508
2014-11-04,1.3478696168795508
2014-11-05,0.0
2014-11-06,0.0
2014-11-07,0.0
2014-11-08,0.0
2014-11-09,0.0
2014-11-10,0.0
2014-11-11,0.0
2014-11-12,0.0
2014-11-13,0.0
2014-11-14,0.0
2014-11-15,0.0
2014-11-16,0.0
2014-11-17,1.4255185673539021
2014-11-18,11.551070359835657
2014-11-19,9.056820703615825
2014-11-20,0.177601735204897
2014-11-21,0.0
2014-11-22,0.0
2014-11-23,0.0
2014-11-24,0.0
2014-11-25,0.0
2014-11-26,0.0
2014-11-27,0.0
2014-11-28,0.0
2014-11-29,0.0
2014-11-30,0.0
2014-12-01,0.0
2014-12-02,0.0
2014-12-03,1.2913783075384828
2014-12-04,0.30585275704858805
2014-12-05,0.0
2014-12-06,0.1701485777093641
2014-12-07,0.0
2014-12-08,0.0
2014-12-09,0.0
2014-12-10,0.0
2014-12-11,0.02014613896050981
2014-12-12,0.0
2014-12-13,0.0071936459975163805
2014-12-14,0.0
2014-12-15,0.0
2014-12-16,0.15813874378029794
2014-12-17,0.21592020785386834
2014-12-18,0.0015205648440413265
2014-12-19,0.0
2014-12-20,0.0
2014-12-21,0.0
2014-12-22,0.0
2014-12-23,0.0
2014-12-24,0.3953468594507449
2014-12-25,1.1145740306822922
2014-12-26,3.3984624264323644
2014-12-27,0.0
2014-12-28,0.046001065221844745
2014-12-29,0.0
2014-12-30,1.38615942838461
2014-12-31,2.046808367433862
2015-01-01,0.06068420670948714
2015-01-02,4.50566854847845
2015-01-03,5.672350174961776
2015-01-04,6.164649155286746
2015-01-05,2.826802708780714
2015-01-06,0.046089917964751884
2015-01-07,1.0473852559983414
2015-01-08,0.29001163776822986
2015-01-09,0.0
2015-01-10,0.0
2015-01-11,0.0
2015-01-12,0.0
2015-01-13,0.0
2015-01-14,0.0
2015-01-15,0.0
2015-01-16,0.0
2015-01-17,0.0
2015-01-18,0.0
2015-01-19,0.0036939677929961256
2015-01-20,0.0
2015-01-21,0.0
2015-01-22,2.6109228045022164
2015-01-23,0.009506510527043315
2015-01-24,0.0
2015-01-25,0.0
2015-01-26,0.0
2015-01-27,0.0
2015-01-28,0.0
2015-01-29,0.0
2015-01-30,0.0
2015-01-31,0.0
2015-02-01,0.0
2015-02-02,0.0514634991082
2015-02-03,2.6207715501838
2015-02-04,9.746397364658947
2015-02-05,7.059809363960692
2015-02-06,0.0
2015-02-07,0.0
2015-02-08,0.18614189008031215
2015-02-09,0.0
2015-02-10,0.2683192364938963
2015-02-11,1.254754948285767
2015-02-12,0.3142782267262704
2015-02-13,0.0
2015-02-14,0.0
2015-02-15,0.0
2015-02-16,0.33719804024411226
2015-02-17,0.3856296351958421
2015-02-18,2.364952552150143
2015-02-19,6.293937844107709
2015-02-20,14.380184991645024
2015-02-21,0.827379396602797
2015-02-22,3.8628813517179084
2015-02-23,32.956739610046746
2015-02-24,4.267622568153541
2015-02-25,2.588127077494596
2015-02-26,6.352563459723091
2015-02-27,0.3722534035449999
2015-02-28,5.502354797718743
2015-03-01,5.472604136701001
2015-03-02,5.38896931014067
2015-03-03,2.765464100798995
2015-03-04,0.1606688780154195
2015-03-05,2.478383669976588
2015-03-06,3.043800504552793
2015-03-07,4.198195208896472
2015-03-08,0.48761034287930805
2015-03-09,6.727267444900619
2015-03-10,2.64953967449815
2015-03-11,1.9940097089521163
2015-03-12,0.03329712559607383
2015-03-13,0.31615817896227083
2015-03-14,0.0
2015-03-15,0.6454254528899654
2015-03-16,0.02022806890316238
2015-03-17,0.06659425119214767
2015-03-18,0.03811154704970271
2015-03-19,0.0
2015-03-20,0.2933761609300426
2015-03-21,14.897888558404881
2015-03-22,34.253387166602785
2015-03-23,14.576218835251888
2015-03-24,6.159332181705234
2015-03-25,2.3071139930979188
2015-03-26,3.726585931537813
2015-03-27,1.8759325703222265
2015-03-28,1.1424370052690005
2015-03-29,2.179032524683499
2015-03-30,3.9996307923089343
2015-03-31,3.20570515580458
2015-04-01,2.929963086735084
2015-04-02,2.2990104895885146
2015-04-03,4.200005875424553
2015-04-04,5.888422668024913
2015-04-05,0.44882859356213917
2015-04-06,0.017749611486939147
2015-04-07,0.18939396447198947
2015-04-08,1.0637843400892872
2015-04-09,6.897478804612867
2015-04-10,3.878808727191887
2015-04-11,2.662074134130551
2015-04-12,8.77088916866827
2015-04-13,3.053871807701775
2015-04-14,1.0082464709561842
2015-04-15,0.500308020269829
2015-04-16,0.26326435932968945
2015-04-17,0.8293810352710381
2015-04-18,1.5735081484762226
2015-04-19,4.851227117299006
2015-04-20,3.4244776765476987
2015-04-21,2.5509150750539495
2015-04-22,1.155206379637004
2015-04-23,4.875255571057851
2015-04-24,6.409286978620102
2015-04-25,9.61359394714499
2015-04-26,0.4806137625089174
2015-04-27,0.11749315041017123
2015-04-28,0.3169368963334263
2015-04-29,0.15005415412094514
2015-04-30,0.1642210031564634
2015-05-01,2.2238233939643663
2015-05-02,1.4080430455822692
2015-05-03,0.5632775721723068
2015-05-04,0.10796010392693425
2015-05-05,0.8362549928138621
2015-05-06,2.0801327066485364
2015-05-07,14.653203838468372
2015-05-08,7.922458185563399
2015-05-09,0.6518472479910246
2015-05-10,0.6318920664353322
2015-05-11,0.07825397371266189
2015-05-12,0.0
2015-05-13,0.0
2015-05-14,0.0
2015-05-15,0.1617074075342918
2015-05-16,0.0013557082202061159
2015-05-17,0.0
2015-05-18,0.0
2015-05-19,0.8605672705199541
2015-05-20,0.3914918515765967
2015-05-21,0.08011954704711349
2015-05-22,5.125738151517803
2015-05-23,0.2560883810229261
2015-05-24,0.7924942273188154
2015-05-25,0.07601405432752434
2015-05-26,0.015914138050806485
2015-05-27,0.11187528107580193
2015-05-28,0.0
2015-05-29,0.18466673746240947
2015-05-30,0.0
2015-05-31,0.4449170903673615
2015-06-01,0.32377849665492997
2015-06-02,1.9743966089612917
2015-06-03,0.8706766927499395
2015-06-04,2.186956786705334
2015-06-05,16.411842118125428
2015-06-06,3.1341959400297537
2015-06-07,1.8533718554041507
2015-06-08,4.97621129634685
2015-06-09,0.027344731851661495
2015-06-10,0.0374773496472905
2015-06-11,0.01715031969106044
2015-06-12,0.14936707628081414
2015-06-13,0.06860127876424175
2015-06-14,0.0
2015-06-15,0.014492671733752365
2015-06-16,2.0709011026955477
2015-06-17,0.0
2015-06-18,0.0
2015-06-19,0.0
2015-06-20,0.1372025575284835
2015-06-21,0.05369159905305366
2015-06-22,0.05446621977612892
2015-06-23,0.09156709538920307
2015-06-24,2.5052870757012604
2015-06-25,0.7191674899821635
2015-06-26,6.396721100280837
2015-06-27,0.043149913837009966
2015-06-28,0.7785292001491598
2015-06-29,0.3131148543975926
2015-06-30,2.6701656892031655
2015-07-01,0.0846263298470034
2015-07-02,0.6719136439277179
2015-07-03,10.080810675976114
2015-07-04,8.268867431231518
2015-07-05,4.986795779532525
2015-07-06,0.929804062355395
2015-07-07,0.42575815633157177
2015-07-08,0.0
2015-07-09,0.0
2015-07-10,0.0
2015-07-11,0.09731615001864498
2015-07-12,0.0
2015-07-13,0.0
2015-07-14,0.0
2015-07-15,0.0
2015-07-16,0.0
2015-07-17,0.40479478702381494
2015-07-18,0.11505850964423076
2015-07-19,0.014383304612336655
2015-07-20,0.0
2015-07-21,0.00428757992276511
2015-07-22,1.6845584900278205
2015-07-23,0.008325887792110374
2015-07-24,0.0030411296880826556
2015-07-25,0.0
2015-07-26,0.0
2015-07-27,0.03440679459232437
2015-07-28,0.0
2015-07-29,0.0
2015-07-30,0.03440679459232437
2015-07-31,1.1936434025724423
2015-08-01,0.9664987303856473
2015-08-02,0.23961739689222764
2015-08-03,0.41288153510789244
2015-08-04,0.009123389064247965
2015-08-05,0.017203397296162184
2015-08-06,1.1296473137830816
2015-08-07,1.5024465457812894
2015-08-08,0.0
2015-08-09,0.004300849324040543
2015-08-10,0.0
2015-08-11,2.234965590061501
2015-08-12,5.242855304907702
2015-08-13,0.0
2015-08-14,0.0
2015-08-15,0.0
2015-08-16,0.004300849324040543
2015-08-17,0.0
2015-08-18,0.0
2015-08-19,3.829944059307014
2015-08-20,0.0
2015-08-21,1.1582772006117825
2015-08-22,0.001520564844041327
2015-08-23,0.03430063938212085
2015-08-24,0.0
2015-08-25,0.0
2015-08-26,0.0
2015-08-27,0.0
2015-08-28,0.0
2015-08-29,0.05097429621811561
2015-08-30,0.0
2015-08-31,0.0
2015-09-01,0.0
2015-09-02,0.0
2015-09-03,0.0
2015-09-04,0.0
2015-09-05,0.0
2015-09-06,0.0
2015-09-07,0.0
2015-09-08,0.0
2015-09-09,0.047163379150416185
2015-09-10,0.004287579922765107
2015-09-11,0.0
2015-09-12,0.0
2015-09-13,0.0
2015-09-14,0.0
2015-09-15,0.0
2015-09-16,0.0
2015-09-17,0.0
2015-09-18,0.0
2015-09-19,0.0
2015-09-20,0.0
2015-09-21,0.0
2015-09-22,0.0
2015-09-23,0.0
2015-09-24,0.14577771737401363
2015-09-25,0.27440511505696685
2015-09-26,0.0
2015-09-27,0.0
2015-09-28,0.0
2015-09-29,0.01715031969106043
2015-09-30,0.01715031969106043
2015-10-01,0.0
2015-10-02,0.0
2015-10-03,2.276704938988272
2015-10-04,0.03430063938212086
2015-10-05,2.195240920455735
2015-10-06,0.12862739768295323
2015-10-07,0.0
2015-10-08,0.007936379925308571
2015-10-09,0.0
2015-10-10,0.0
2015-10-11,2.195240920455735
2015-10-12,0.0
2015-10-13,0.0
2015-10-14,0.0
2015-10-15,0.0
2015-10-16,0.0
2015-10-17,0.0
2015-10-18,0.0
2015-10-19,3.1556588231551186
2015-10-20,0.030013059459355746
2015-10-21,0.0
2015-10-22,0.0
2015-10-23,0.06860127876424171
2015-10-24,0.0
2015-10-25,0.0
2015-10-26,0.0
2015-10-27,0.0
2015-10-28,0.0
2015-10-29,0.0
2015-10-30,0.0
2015-10-31,0.0
2015-11-01,0.0
2015-11-02,0.0
2015-11-03,0.0
2015-11-04,0.0
2015-11-05,0.0
2015-11-06,0.0
2015-11-07,0.0
2015-11-08,0.0
2015-11-09,0.0
2015-11-10,0.0
2015-11-11,0.0
2015-11-12,0.0
2015-11-13,0.0
2015-11-14,0.0
2015-11-15,0.0
2015-11-16,0.0
2015-11-17,0.0
2015-11-18,0.0
2015-11-19,0.0
2015-11-20,0.0
2015-11-21,0.0
2015-11-22,0.0
2015-11-23,0.0
2015-11-24,0.0
2015-11-25,0.0
2015-11-26,0.0
2015-11-27,0.0
2015-11-28,0.0
2015-11-29,0.0
2015-11-30,0.0
2015-12-01,0.0
2015-12-02,0.0
2015-12-03,0.0
2015-12-04,0.0
2015-12-05,0.0
2015-12-06,0.0
2015-12-07,0.0
2015-12-08,0.0
2015-12-09,0.0
2015-12-10,0.0
2015-12-11,0.0
2015-12-12,0.0
2015-12-13,0.0
2015-12-14,0.0
2015-12-15,0.0
2015-12-16,0.0
2015-12-17,0.04626368690569145
2015-12-18,0.41446924747384584
2015-12-19,0.03444507410037239
2015-12-20,0.0
2015-12-21,0.0
2015-12-22,0.0
2015-12-23,0.6857747446626399
2015-12-24,1.354261905248207
2015-12-25,0.44549822536456885
2015-12-26,1.2523102952597363
2015-12-27,0.0
2015-12-28,0.5676084238932239
2015-12-29,0.2569140679783065
2015-12-30,0.04905862729661749
2015-12-31,0.8384087466618878
2016-01-01,0.4863725361538619
2016-01-02,0.0
2016-01-03,0.0
2016-01-04,0.32042837364338944
2016-01-05,0.0
2016-01-06,4.963035074038694
2016-01-07,16.405481766540063
2016-01-08,2.5301006149757566
2016-01-09,1.016712316647161
2016-01-10,1.2483896327214214
2016-01-11,1.1018638391458204
2016-01-12,0.23662402976742603
2016-01-13,0.10779317091404195
2016-01-14,9.568561105894407
2016-01-15,7.779982229406203
2016-01-16,0.5448852390041531
2016-01-17,1.7427334019435852
2016-01-18,4.65082936243129
2016-01-19,20.0237756784831
2016-01-20,13.338542762263359
2016-01-21,53.85446706694335
2016-01-22,20.35704711692848
2016-01-23,20.24701290715757
2016-01-24,16.793333513511765
2016-01-25,15.433698915203408
2016-01-26,5.528393991787683
2016-01-27,0.8728790700088587
2016-01-28,6.72676152883513
2016-01-29,0.0
2016-01-30,0.0
2016-01-31,0.22243843760067025
2016-02-01,5.559165986051377
2016-02-02,5.190077576965598
2016-02-03,0.6690568275740436
2016-02-04,0.05436232615105699
2016-02-05,0.915907377243149
2016-02-06,0.6454254528899683
2016-02-07,0.0
2016-02-08,0.0
2016-02-09,0.11154757642404628
2016-02-10,0.5540960134717147
2016-02-11,0.04137115662432355
2016-02-12,0.0
2016-02-13,0.9808031476010193
2016-02-14,0.7873424414261947
2016-02-15,1.0801958192042116
2016-02-16,0.0
2016-02-17,0.0
2016-02-18,2.0807185170169844
2016-02-19,3.299787261083686
2016-02-20,4.438905386838701
2016-02-21,0.03467777624097931
2016-02-22,0.19285106772783578
2016-02-23,1.1746927926090005
2016-02-24,4.464412118767003
2016-02-25,1.5327326051662704
2016-02-26,0.6029235275702941
2016-02-27,0.008419481081396498
2016-02-28,0.13926714793514308
2016-02-29,1.2120299968576083
2016-03-01,0.0
2016-03-02,0.0
2016-03-03,0.4712249476038203
2016-03-04,1.8300754253312759
2016-03-05,0.0014777951693401247
2016-03-06,0.24083698071712295
2016-03-07,0.0
2016-03-08,12.987650178369504
2016-03-09,8.316635443811654
2016-03-10,2.6453090414506546
2016-03-11,2.252134783179063
2016-03-12,3.073558407789832
2016-03-13,0.35457383737893544
2016-03-14,2.820695760168481
2016-03-15,2.8095356181767763
2016-03-16,1.8936223323006471
2016-03-17,6.041510318248988
2016-03-18,17.593295581546162
2016-03-19,0.0
2016-03-20,1.235832712976669
2016-03-21,6.639009247281093
2016-03-22,0.6897608696508725
2016-03-23,0.11221978779607608
2016-03-24,0.0
2016-03-25,0.0
2016-03-26,0.8476424997776492
2016-03-27,0.39711542355136364
2016-03-28,2.784093070802807
2016-03-29,3.9456447544789497
2016-03-30,14.924229893832612
2016-03-31,3.1594385301492465
2016-04-01,4.57623313353718
2016-04-02,5.4979903248159925
2016-04-03,4.741886045675139
2016-04-04,1.6446351036622158
2016-04-05,6.3016038248242126
2016-04-06,6.536774376508189
2016-04-07,3.687725441030816
2016-04-08,1.1975118296857024
2016-04-09,0.7492210638977697
2016-04-10,1.5005422090934113
2016-04-11,2.572906756581756
2016-04-12,5.67939278872081
2016-04-13,0.39233323958992095
2016-04-14,0.06087452166208223
2016-04-15,1.6488723039703284
2016-04-16,0.41011331198541545
2016-04-17,1.704941436444004
2016-04-18,0.3137997551462931
2016-04-19,2.0040117140936964
2016-04-20,0.0
2016-04-21,0.0
2016-04-22,0.18078618128340818
2016-04-23,3.669819679225634
2016-04-24,0.0
2016-04-25,0.0
2016-04-26,0.0
2016-04-27,0.0
2016-04-28,0.0
2016-04-29,0.0
2016-04-30,0.0
2016-05-01,0.0
2016-05-02,0.9712164295701865
2016-05-03,9.008591275920718
2016-05-04,1.1234868769446904
2016-05-05,0.2419389009093228
2016-05-06,0.0
2016-05-07,0.0
2016-05-08,0.0
2016-05-09,0.0
2016-05-10,0.43291311168218444
2016-05-11,2.1386140587062115
2016-05-12,2.976422137304119
2016-05-13,0.5695421458713554
2016-05-14,0.1631501391685983
2016-05-15,0.07458235455812509
2016-05-16,0.0
2016-05-17,0.0
2016-05-18,0.0
2016-05-19,0.0
2016-05-20,0.0
2016-05-21,0.0
2016-05-22,0.0
2016-05-23,0.0
2016-05-24,0.0
2016-05-25,0.10368810038970977
2016-05-26,0.26643445349223027
2016-05-27,0.039536237200768744
2016-05-28,0.0
2016-05-29,0.0
2016-05-30,0.006357243128634233
2016-05-31,0.6387319368787951
2016-06-01,1.0232491898360014
2016-06-02,0.0
2016-06-03,0.011347054492305742
2016-06-04,0.1723845850732435
2016-06-05,0.0
2016-06-06,0.13816110267147214
2016-06-07,2.011270313238343
2016-06-08,0.12308132483399663
2016-06-09,0.0
2016-06-10,0.0
2016-06-11,0.0
2016-06-12,0.0
2016-06-13,0.0
2016-06-14,0.0
2016-06-15,0.0
2016-06-16,0.0
2016-06-17,0.0
2016-06-18,0.0
2016-06-19,0.08603054331750248
2016-06-20,0.006357243128634231
2016-06-21,0.0
2016-06-22,0.0
2016-06-23,2.1090603432719557
2016-06-24,0.35747176891213595
2016-06-25,0.20477391484462798
2016-06-26,0.0
2016-06-27,0.0
2016-06-28,0.0
2016-06-29,0.0
2016-06-30,0.0
2016-07-01,0.0
2016-07-02,0.0
2016-07-03,0.0
2016-07-04,0.0
2016-07-05,0.0
2016-07-06,0.0016556502517724185
2016-07-07,0.0
2016-07-08,0.11144995204289625
2016-07-09,0.01919755451668387
2016-07-10,0.14094591354231487
2016-07-11,0.0
2016-07-12,0.0
2016-07-13,0.0
2016-07-14,0.0
2016-07-15,0.0
2016-07-16,0.0
2016-07-17,0.0
2016-07-18,0.0
2016-07-19,0.0
2016-07-20,0.0
2016-07-21,0.0
2016-07-22,0.0
2016-07-23,0.0
2016-07-24,0.0
2016-07-25,0.0
2016-07-26,0.0
2016-07-27,0.0
2016-07-28,0.0
2016-07-29,0.12536061276758964
2016-07-30,0.8137271204651818
2016-07-31,0.30514767017444316
2016-08-01,0.0
2016-08-02,0.0
2016-08-03,0.0
2016-08-04,0.0
2016-08-05,0.0
2016-08-06,0.0
2016-08-07,0.0
2016-08-08,0.8137271204651818
2016-08-09,0.0
2016-08-10,0.0
2016-08-11,0.0
2016-08-12,0.0
2016-08-13,0.0
2016-08-14,0.0
2016-08-15,0.0
2016-08-16,0.0
2016-08-17,0.0
2016-08-18,0.0
2016-08-19,0.0
2016-08-20,0.0
2016-08-21,0.0
2016-08-22,0.0
2016-08-23,0.0
2016-08-24,0.0
2016-08-25,0.0
2016-08-26,0.0
2016-08-27,0.0
2016-08-28,0.0
2016-08-29,0.0
2016-08-30,0.0
2016-08-31,0.0
2016-09-01,0.0
2016-09-02,0.0
2016-09-03,0.0
2016-09-04,0.0
2016-09-05,0.0
2016-09-06,0.0
2016-09-07,0.0
2016-09-08,0.0
2016-09-09,0.0
2016-09-10,0.0
2016-09-11,0.0
2016-09-12,0.0
2016-09-13,0.0
2016-09-14,0.0
2016-09-15,0.0
2016-09-16,0.0
2016-09-17,0.0
2016-09-18,0.0
2016-09-19,0.0
2016-09-20,0.0
2016-09-21,0.0
2016-09-22,0.0
2016-09-23,0.0
2016-09-24,0.0
2016-09-25,0.0
2016-09-26,0.0
2016-09-27,0.0
2016-09-28,0.0
2016-09-29,0.0
2016-09-30,0.0
2016-10-01,0.0
2016-10-02,0.0
2016-10-03,0.0
2016-10-04,0.0
2016-10-05,0.0
2016-10-06,0.0
2016-10-07,0.0
2016-10-08,0.0
2016-10-09,0.0
2016-10-10,0.0
2016-10-11,0.0
2016-10-12,0.0
2016-10-13,0.0
2016-10-14,0.0
2016-10-15,0.0
2016-10-16,0.0
2016-10-17,0.0
2016-10-18,0.0
2016-10-19,0.0
2016-10-20,0.0
2016-10-21,0.07752025244827318
2016-10-22,0.0
2016-10-23,0.0
2016-10-24,0.0
2016-10-25,0.0
2016-10-26,0.0
2016-10-27,0.0
2016-10-28,0.0
2016-10-29,0.0
2016-10-30,0.0
2016-10-31,0.0
2016-11-01,0.0
2016-11-02,0.0
2016-11-03,0.0
2016-11-04,0.0
2016-11-05,0.0
2016-11-06,0.0
2016-11-07,0.0
2016-11-08,0.0
2016-11-09,0.0
2016-11-10,0.0
2016-11-11,0.0
2016-11-12,0.0
2016-11-13,0.0
2016-11-14,0.0
2016-11-15,5.130295204807826
2016-11-16,0.0
2016-11-17,0.0
2016-11-18,0.0
2016-11-19,0.0
2016-11-20,0.0013011968599802876
2016-11-21,0.0
2016-11-22,0.0
2016-11-23,0.02542897251453693
2016-11-24,0.0
2016-11-25,0.0
2016-11-26,0.0
2016-11-27,0.0
2016-11-28,0.0
2016-11-29,0.0
2016-11-30,0.0
2016-12-01,0.0
2016-12-02,0.0
2016-12-03,0.0
2016-12-04,0.0
2016-12-05,0.0
2016-12-06,0.0
2016-12-07,0.008510290869229309
2016-12-08,0.0
2016-12-09,0.0
2016-12-10,0.0
2016-12-11,0.04228377406269447
2016-12-12,0.0
2016-12-13,0.0956355234480464
2016-12-14,0.4380098749678315
2016-12-15,0.1557263008102037
2016-12-16,0.01577697989604835
2016-12-17,0.02818918270846298
2016-12-18,13.054778083313302
2016-12-19,9.383859720408008
2016-12-20,0.07957306180030622
2016-12-21,0.3892646000745791
2016-12-22,0.04034703672494711
2016-12-23,0.839225390836147
2016-12-24,0.0
2016-12-25,0.2618835839805669
2016-12-26,0.0
2016-12-27,0.0
2016-12-28,0.39742051638160136
2016-12-29,0.7127973294795517
2016-12-30,1.5481746405802312
2016-12-31,0.0
2017-01-01,0.0
2017-01-02,0.0145021244974132
2017-01-03,0.0
2017-01-04,0.0
2017-01-05,0.062051892663078784
2017-01-06,0.01985734536153507
2017-01-07,0.1821476361369888
2017-01-08,0.2626787965884466
2017-01-09,0.18816354647017625
2017-01-10,2.081113468410205
2017-01-11,2.0534131965073126
2017-01-12,0.11472161160195214
2017-01-13,0.0
2017-01-14,0.06059689187026933
2017-01-15,0.10427189425707767
2017-01-16,0.07482184722391769
2017-01-17,0.8455654279655016
2017-01-18,1.150010237229425
2017-01-19,7.7106590268233255
2017-01-20,15.010913364666454
2017-01-21,1.0472726139797854
2017-01-22,0.051295710100643335
2017-01-23,0.16137221239175775
2017-01-24,0.25443095404137717
2017-01-25,0.0
2017-01-26,0.19876873886547058
2017-01-27,1.0053120238075655
2017-01-28,2.5971243118011174
2017-01-29,0.3937831401403243
2017-01-30,0.27673047171423765
2017-01-31,0.1793466011143339
2017-02-01,0.4597116170920573
2017-02-02,0.5063684064298339
2017-02-03,0.5474713454781316
2017-02-04,0.0
2017-02-05,0.0
2017-02-06,0.0
2017-02-07,0.0
2017-02-08,0.552879290719309
2017-02-09,0.1539588418725942
2017-02-10,9.129298036514417
2017-02-11,48.45535153380574
2017-02-12,28.824590270551774
2017-02-13,5.016659629289207
2017-02-14,0.4947679206234636
2017-02-15,0.36968623705708836
2017-02-16,4.925300496337738
2017-02-17,8.629445189159764
2017-02-18,20.034253955098315
2017-02-19,5.1297038970582385
2017-02-20,8.040402349656583
2017-02-21,1.3025583681379151
2017-02-22,0.26709875349161427
2017-02-23,0.0
2017-02-24,0.9429386776586333
2017-02-25,0.49095727954481816
2017-02-26,0.571441748282812
2017-02-27,2.089166623592573
2017-02-28,2.239117295555213
2017-03-01,4.306923006510789
2017-03-02,10.732370522385539
2017-03-03,5.382318686085977
2017-03-04,0.9852887254538885
2017-03-05,1.643855929307541
2017-03-06,2.183911129056154
2017-03-07,0.13488214652673286
2017-03-08,1.4635246842092797
2017-03-09,6.22598332480165
2017-03-10,6.144325278045654
2017-03-11,11.368176725169311
2017-03-12,1.788703387474591
2017-03-13,3.700082754873412
2017-03-14,2.9802654850691512
2017-03-15,2.003546873607871
2017-03-16,1.862312195592814
2017-03-17,3.9309279435777325
2017-03-18,3.8945426145673845
2017-03-19,0.12506895581555935
2017-03-20,0.4036866187257819
2017-03-21,0.12349943377561033
2017-03-22,1.5874753593309314
2017-03-23,3.2803929018547464
2017-03-24,5.434687939327374
2017-03-25,1.1963039881513629
2017-03-26,0.277988538732865
2017-03-27,0.39522258458910275
2017-03-28,0.46142589583181315
2017-03-29,2.5930913990669824
2017-03-30,0.7803068127152063
2017-03-31,6.6937227166479385
2017-04-01,5.04943838859547
2017-04-02,3.198013059718329
2017-04-03,1.8487173542204784
2017-04-04,1.3075813988931286
2017-04-05,0.1517896967808239
2017-04-06,0.6060385708212902
2017-04-07,0.8078486325156581
2017-04-08,0.7682930987860128
2017-04-09,3.884235335454469
2017-04-10,1.6284954606887594
2017-04-11,7.602057888394092
2017-04-12,6.561896358640425
2017-04-13,5.478443546061657
2017-04-14,3.2882586622728565
2017-04-15,1.7517152578445954
2017-04-16,0.0
2017-04-17,0.0
2017-04-18,1.2281888119104873
2017-04-19,4.853319905308813
2017-04-20,2.490511545391101
2017-04-21,2.0190400632898826
2017-04-22,0.7380746668646864
2017-04-23,3.4288329911990085
2017-04-24,1.3672615919629736
2017-04-25,1.881038148309897
2017-04-26,0.5623216553132881
2017-04-27,1.4500909104500646
2017-04-28,1.4235339563177178
2017-04-29,1.9328072897629718
2017-04-30,0.3481645690090283
2017-05-01,2.3935244137868845
2017-05-02,0.33325872617937
2017-05-03,0.11702244964504126
2017-05-04,0.1838426569061685
2017-05-05,0.17304125663624376
2017-05-06,0.0
2017-05-07,0.030272780026171245
2017-05-08,0.7231185902181909
2017-05-09,1.143903533666546
2017-05-10,0.8499196447621438
2017-05-11,0.22688800285475832
2017-05-12,1.3522645926762835
2017-05-13,0.0
2017-05-14,0.0
2017-05-15,0.0
2017-05-16,0.0
2017-05-17,0.0
2017-05-18,0.04538821796922299
2017-05-19,0.23960805302193552
2017-05-20,0.0
2017-05-21,0.0
2017-05-22,0.0
2017-05-23,0.0
2017-05-24,0.0
2017-05-25,2.1898853819125246
2017-05-26,0.5638084720277197
2017-05-27,4.0774631340536205
2017-05-28,1.7008592058647074
2017-05-29,2.2063713724468883
2017-05-30,1.3210142223499317
2017-05-31,0.6170790292923426
2017-06-01,0.3910958068553716
2017-06-02,0.028922222639687706
2017-06-03,0.0
2017-06-04,0.017108479546191598
2017-06-05,0.5685410896442271
2017-06-06,0.0
2017-06-07,0.0
2017-06-08,0.0
2017-06-09,0.0
2017-06-10,0.0
2017-06-11,0.0
2017-06-12,0.06205701833473307
2017-06-13,0.0
2017-06-14,0.0
2017-06-15,0.0
2017-06-16,0.009368459459374843
2017-06-17,0.0
2017-06-18,0.18687186135325343
2017-06-19,0.4029551827819064
2017-06-20,0.0
2017-06-21,0.0
2017-06-22,0.0
2017-06-23,0.0
2017-06-24,0.0
2017-06-25,0.0269325169237674
2017-06-26,0.0
2017-06-27,0.017108479546191598
2017-06-28,0.0
2017-06-29,0.0
2017-06-30,0.1223667212456843
2017-07-01,0.153607059249058
2017-07-02,0.8452484126709479
2017-07-03,0.013837273446056458
2017-07-04,0.0
2017-07-05,0.0
2017-07-06,0.0
2017-07-07,0.0
2017-07-08,0.0
2017-07-09,0.0
2017-07-10,0.0
2017-07-11,0.0
2017-07-12,0.0
2017-07-13,0.0
2017-07-14,0.0
2017-07-15,0.0
2017-07-16,0.0
2017-07-17,0.0
2017-07-18,0.0
2017-07-19,0.0
2017-07-20,0.0
2017-07-21,0.03107598106588546
2017-07-22,0.04255145434614655
2017-07-23,0.0
2017-07-24,0.9120825512142787
2017-07-25,0.019857345361535057
2017-07-26,0.0
2017-07-27,0.0
2017-07-28,0.0
2017-07-29,0.0
2017-07-30,0.0
2017-07-31,0.0
2017-08-01,0.0
2017-08-02,0.0
2017-08-03,0.0
2017-08-04,0.0
2017-08-05,0.0
2017-08-06,0.0
2017-08-07,0.0
2017-08-08,0.0
2017-08-09,0.0
2017-08-10,0.0
2017-08-11,0.0
2017-08-12,0.0
2017-08-13,0.0
2017-08-14,0.0
2017-08-15,0.0
2017-08-16,0.0
2017-08-17,0.0
2017-08-18,0.0
2017-08-19,0.0
2017-08-20,0.0
2017-08-21,0.0
2017-08-22,0.0
2017-08-23,0.0
2017-08-24,0.0256627193192874
2017-08-25,0.0
2017-08-26,0.0
2017-08-27,0.0
2017-08-28,0.0
2017-08-29,0.0
2017-08-30,0.0
2017-08-31,0.0
2017-09-01,0.0
2017-09-02,0.0012177450992355047
2017-09-03,0.0
2017-09-04,0.0
2017-09-05,0.0
2017-09-06,0.0
2017-09-07,1.0949426909562623
2017-09-08,0.11663547770212138
2017-09-09,0.0
2017-09-10,0.0
2017-09-11,0.0
2017-09-12,0.0
2017-09-13,0.0
2017-09-14,0.0
2017-09-15,0.0
2017-09-16,0.0
2017-09-17,0.0
2017-09-18,0.0
2017-09-19,0.0
2017-09-20,0.0
2017-09-21,0.0
2017-09-22,2.1898853819125246
2017-09-23,0.30736651181914315
2017-09-24,0.0
2017-09-25,0.0
2017-09-26,0.0
2017-09-27,0.0
2017-09-28,0.0
2017-09-29,0.0
2017-09-30,0.0
2017-10-01,0.0
2017-10-02,0.0
2017-10-03,0.0
2017-10-04,0.0
2017-10-05,0.0
2017-10-06,0.0
2017-10-07,0.0
2017-10-08,0.0
2017-10-09,0.0
2017-10-10,0.0
2017-10-11,0.0
2017-10-12,0.0
2017-10-13,0.0
2017-10-14,0.0
2017-10-15,0.0042771198865478996
2017-10-16,0.0
2017-10-17,0.0
2017-10-18,0.0
2017-10-19,0.0
2017-10-20,0.0
2017-10-21,0.0
2017-10-22,0.0
2017-10-23,0.0
2017-10-24,0.0
2017-10-25,0.0
2017-10-26,0.0
2017-10-27,0.0
2017-10-28,0.0
2017-10-29,0.0
2017-10-30,0.0
2017-10-31,0.0
2017-11-01,0.0
2017-11-02,0.0
2017-11-03,0.0
2017-11-04,0.0
2017-11-05,2.19321687584925
2017-11-06,0.0
2017-11-07,0.0
2017-11-08,0.1205092609986988
2017-11-09,0.0
2017-11-10,0.0
2017-11-11,0.0
2017-11-12,0.0
2017-11-13,0.0
2017-11-14,0.0
2017-11-15,0.0
2017-11-16,0.0
2017-11-17,0.0
2017-11-18,0.0
2017-11-19,0.0
2017-11-20,0.0
2017-11-21,0.0
2017-11-22,0.0
2017-11-23,0.0
2017-11-24,0.0
2017-11-25,0.0
2017-11-26,0.017134506842572266
2017-11-27,0.0
2017-11-28,0.0
2017-11-29,0.0
2017-11-30,0.0
2017-12-01,0.0
2017-12-02,0.0
2017-12-03,0.06843391818476639
2017-12-04,0.0
2017-12-05,0.0
2017-12-06,0.27651816736659174
2017-12-07,0.0
2017-12-08,0.0
2017-12-09,0.0042771198865478996
2017-12-10,0.0
2017-12-11,0.0
2017-12-12,0.0
2017-12-13,0.15670572108015512
2017-12-14,0.0
2017-12-15,0.0
2017-12-16,0.0
2017-12-17,0.0
2017-12-18,0.029309205081618356
2017-12-19,0.6264047699492469
2017-12-20,0.0
2017-12-21,0.0
2017-12-22,0.8613025802930492
2017-12-23,1.181308211155531
2017-12-24,2.5623077033070225
2017-12-25,0.0
2017-12-26,0.018655379321265902
2017-12-27,0.06270786592914351
2017-12-28,0.0
2017-12-29,0.0
2017-12-30,0.0
2017-12-31,0.0
2018-01-01,0.0
2018-01-02,0.0
2018-01-03,1.336615647968883
2018-01-04,0.32533595708916463
2018-01-05,0.10221881327278395
2018-01-06,0.1569159673916575
2018-01-07,0.6970581649030625
2018-01-08,0.10883428891024241
2018-01-09,0.044494800421261096
2018-01-10,0.0992883191481618
2018-01-11,3.7418230042389116
2018-01-12,0.39147558355060186
2018-01-13,0.800696757561876
2018-01-14,0.25497992918482626
2018-01-15,0.3692415902703952
2018-01-16,0.0
2018-01-17,0.0
2018-01-18,0.054331799978998514
2018-01-19,6.905163086362539
2018-01-20,9.793726749659927
2018-01-21,0.5265598258462584
2018-01-22,0.49294911370279515
2018-01-23,0.5077642940008166
2018-01-24,0.5573984357298406
2018-01-25,2.1659659244741185
2018-01-26,7.267202520685703
2018-01-27,5.957932128614699
2018-01-28,2.8834013358064965
2018-01-29,3.0655145353367996
2018-01-30,1.1479189104008773
2018-01-31,0.0
2018-02-01,0.0
2018-02-02,0.4439604311153682
2018-02-03,1.1958390469767508
2018-02-04,0.011644353648977403
2018-02-05,5.683728043551347
2018-02-06,1.4506856669571928
2018-02-07,13.487246133085815
2018-02-08,9.793192064873596
2018-02-09,2.06802079507532
2018-02-10,1.3338771768432798
2018-02-11,11.961477105903224
2018-02-12,20.53214543885737
2018-02-13,10.892365329850438
2018-02-14,16.97400009813462
2018-02-15,20.16517089479954
2018-02-16,4.810037738621629
2018-02-17,10.592500351735971
2018-02-18,6.171513986649032
2018-02-19,9.541560044436968
2018-02-20,2.158342885321221
2018-02-21,3.559598835729154
2018-02-22,2.93985921057192
2018-02-23,6.914612743546838
2018-02-24,7.438423541748548
2018-02-25,6.471851989575932
2018-02-26,7.48379382753542
2018-02-27,9.394763436334102
2018-02-28,5.181218238478043
2018-03-01,5.982272147543458
2018-03-02,15.650981741292641
2018-03-03,11.416493763861576
2018-03-04,0.15353872594179668
2018-03-05,3.30389437085513
2018-03-06,0.6519744288165982
2018-03-07,0.11074806650047217
2018-03-08,0.5767561538639843
2018-03-09,0.0
2018-03-10,1.457242482830876
2018-03-11,1.6249683477550958
2018-03-12,4.320191374168147
2018-03-13,1.0421236655400303
2018-03-14,4.290061569803655
2018-03-15,0.9867772897917182
2018-03-16,0.07336022494370291
2018-03-17,5.301688892100657
2018-03-18,0.04152708030072297
2018-03-19,0.8053436244424144
2018-03-20,0.6530880932361799
2018-03-21,1.2142216293593928
2018-03-22,0.8268605758336787
2018-03-23,1.2036638475088381
2018-03-24,1.0621059017620538
2018-03-25,6.362638976820274
2018-03-26,11.698916730877752
2018-03-27,5.511968262995241
2018-03-28,2.9581627566933135
2018-03-29,8.226250545263571
2018-03-30,10.049660059932595
2018-03-31,12.269299210835147
2018-04-01,2.9075145552275496
2018-04-02,6.839293548169082
2018-04-03,10.357668533652623
2018-04-04,10.809331442564027
2018-04-05,5.84276378227459
2018-04-06,5.451963246181466
2018-04-07,15.544672099592463
2018-04-08,12.531456608807023
2018-04-09,12.72789471570229
2018-04-10,16.375493416803753
2018-04-11,17.32893245885326
2018-04-12,23.635448196698015
2018-04-13,10.03632777139742
2018-04-14,1.0518371958983972
2018-04-15,0.22368563439822559
2018-04-16,1.1596723616698523
2018-04-17,7.283600097972115
2018-04-18,2.389553208078156
2018-04-19,0.29223148383667064
2018-04-20,0.09304734562849934
2018-04-21,0.4125404275302107
2018-04-22,0.6828887168782084
2018-04-23,1.934914678499477
2018-04-24,0.10301189046607288
2018-04-25,0.09894424913472803
2018-04-26,0.4430021259843431
2018-04-27,0.0
2018-04-28,0.22311506552879729
2018-04-29,0.8473755976192909
2018-04-30,2.2873730147346882
2018-05-01,1.7004317283310375
2018-05-02,3.312617007424336
2018-05-03,0.5136827279429091
2018-05-04,0.6957204094906837
2018-05-05,0.002871108430925115
2018-05-06,0.0
2018-05-07,0.07340120119858866
2018-05-08,0.02564785505032164
2018-05-09,0.04322937856633771
2018-05-10,0.10112488469951211
2018-05-11,0.0
2018-05-12,0.7592107060765673
2018-05-13,0.2519624864162567
2018-05-14,0.7253122661854766
2018-05-15,0.0
2018-05-16,0.018951930798417276
2018-05-17,0.38379122937832766
2018-05-18,2.0148907279317183
2018-05-19,1.8080152281043214
2018-05-20,0.2413253407603573
2018-05-21,1.4542780848033692
2018-05-22,0.7906619072499749
2018-05-23,0.0
2018-05-24,0.0
2018-05-25,0.23063918815016268
2018-05-26,0.0
2018-05-27,0.0650918574553992
2018-05-28,0.03023454083636945
2018-05-29,0.0
2018-05-30,0.0
2018-05-31,0.0
2018-06-01,0.022968867447400912
2018-06-02,0.4823462163954192
2018-06-03,0.06512748095172752
2018-06-04,0.768622877050271
2018-06-05,0.5735885771465088
2018-06-06,0.01952755723661976
2018-06-07,0.0
2018-06-08,0.06229062045108444
2018-06-09,0.0
2018-06-10,0.9098781825178178
2018-06-11,0.37037298758933973
2018-06-12,1.3207098782255524
2018-06-13,0.005742216861850228
2018-06-14,0.0
2018-06-15,0.3675018791584146
2018-06-16,0.9776515750401977
2018-06-17,0.7971419423353582
2018-06-18,0.21730977914775204
2018-06-19,0.15021759181350003
2018-06-20,0.04252532414843507
2018-06-21,0.022968867447400912
2018-06-22,0.7464881920405296
2018-06-23,1.4700075166336584
2018-06-24,0.0
2018-06-25,0.13876371836055904
2018-06-26,0.116124488151199
2018-06-27,0.05742216861850228
2018-06-28,0.0
2018-06-29,0.0
2018-06-30,0.0
2018-07-01,0.0
2018-07-02,1.1858877882824255
2018-07-03,0.0
2018-07-04,0.0
2018-07-05,0.0
2018-07-06,0.2344731808247504
2018-07-07,5.207242660570639
2018-07-08,1.387269792829054
2018-07-09,0.09998745697055533
2018-07-10,0.28449314754744026
2018-07-11,0.054249383537513476
2018-07-12,0.03193593134341631
2018-07-13,0.18419623599866028
2018-07-14,0.0
2018-07-15,0.0
2018-07-16,0.0
2018-07-17,0.8211370112445826
2018-07-18,0.858461420846609
2018-07-19,0.0
2018-07-20,0.005742216861850228
2018-07-21,0.0
2018-07-22,0.0
2018-07-23,0.011484433723700456
2018-07-24,0.0
2018-07-25,0.0
2018-07-26,0.0
2018-07-27,0.0
2018-07-28,0.0
2018-07-29,0.0
2018-07-30,0.0
2018-07-31,0.0
2018-08-01,0.0
2018-08-02,0.16089920703465302
2018-08-03,0.0
2018-08-04,0.0
2018-08-05,0.0
2018-08-06,1.4700075166336586
2018-08-07,0.0
2018-08-08,0.4134396140532165
2018-08-09,0.0
2018-08-10,0.0
2018-08-11,2.9629839007147183
2018-08-12,0.36750187915841465
2018-08-13,0.18949315644105755
2018-08-14,0.18375093957920732
2018-08-15,0.0
2018-08-16,0.0028711084309251144
2018-08-17,0.0
2018-08-18,1.4700075166336586
2018-08-19,0.7464881920405297
2018-08-20,0.0
2018-08-21,0.0
2018-08-22,0.18662204801013244
2018-08-23,0.0
2018-08-24,0.0
2018-08-25,0.0
2018-08-26,0.0
2018-08-27,0.0
2018-08-28,0.04593773489480174
2018-08-29,0.0
2018-08-30,0.011484433723700458
2018-08-31,0.37324409602026487
2018-09-01,0.0
2018-09-02,0.0803910360659032
2018-09-03,0.0
2018-09-04,0.0028711084309251144
2018-09-05,0.0028711084309251144
2018-09-06,0.0028711084309251144
2018-09-07,0.0028711084309251144
2018-09-08,0.0
2018-09-09,0.0
2018-09-10,0.0028711084309251144
2018-09-11,0.0028711084309251144
2018-09-12,0.0
2018-09-13,0.0
2018-09-14,0.0
2018-09-15,0.0
2018-09-16,0.0
2018-09-17,0.0
2018-09-18,0.0
2018-09-19,0.0
2018-09-20,0.0028711084309251144
2018-09-21,0.0
2018-09-22,0.0
2018-09-23,0.0
2018-09-24,0.0
2018-09-25,0.0028711084309251144
2018-09-26,0.0
2018-09-27,0.0
2018-09-28,0.005742216861850229
2018-09-29,0.0028711084309251144
2018-09-30,0.0028711084309251144
2018-10-01,0.0
2018-10-02,0.0028711084309251144
2018-10-03,0.0401955180329516
2018-10-04,0.0
2018-10-05,0.005742216861850229
2018-10-06,0.004746812959301452
2018-10-07,0.008613325292775342
2018-10-08,0.0028711084309251144
2018-10-09,0.0028711084309251144
2018-10-10,0.005742216861850229
2018-10-11,0.005742216861850229
2018-10-12,0.008613325292775342
2018-10-13,0.008613325292775342
2018-10-14,2.264026512719407
2018-10-15,5.974772080449335
2018-10-16,6.952899255582499
2018-10-17,0.3250370032570514
2018-10-18,0.0028711084309251144
2018-10-19,0.0
2018-10-20,0.0028711084309251144
2018-10-21,1.1484433723700458
2018-10-22,0.0028711084309251144
2018-10-23,0.0
2018-10-24,0.0
2018-10-25,0.0
2018-10-26,0.014355542154625572
2018-10-27,0.0028711084309251144
2018-10-28,0.0028711084309251144
2018-10-29,0.0
2018-10-30,0.0
2018-10-31,0.0
2018-11-01,0.0
2018-11-02,0.0028711084309251144
2018-11-03,1.682469540522117
2018-11-04,0.18662204801013244
2018-11-05,0.10335990351330412
2018-11-06,0.04029339368154799
2018-11-07,0.0028711084309251144
2018-11-08,0.004746812959301452
2018-11-09,0.0
2018-11-10,3.3201468527467743
2018-11-11,0.0
2018-11-12,0.0
2018-11-13,0.005742216861850229
2018-11-14,0.0028711084309251144
2018-11-15,0.0
2018-11-16,0.0028711084309251144
2018-11-17,0.0
2018-11-18,0.0
2018-11-19,0.0
2018-11-20,0.0028711084309251144
2018-11-21,0.0028711084309251144
2018-11-22,0.0
2018-11-23,0.37640050302716244
2018-11-24,0.015889479922004957
2018-11-25,0.23069260952482232
2018-11-26,0.0028711084309251144
2018-11-27,0.04217054349123212
2018-11-28,0.5880412591111697
2018-11-29,0.06823418691471038
2018-11-30,0.4809805646855888
2018-12-01,1.308022597985008
2018-12-02,0.37342516433944345
2018-12-03,0.6499593460423624
2018-12-04,1.7946523277051425
2018-12-05,30.665098661205167
2018-12-06,19.045874113452193
2018-12-07,8.065570988723342
2018-12-08,11.07467773009007
2018-12-09,2.8573810109844073
2018-12-10,7.3242133112743355
2018-12-11,4.678664599802197
2018-12-12,0.09999159161413373
2018-12-13,0.1865537932126589
2018-12-14,0.0
2018-12-15,13.966013369385706
2018-12-16,3.3935104302651267
2018-12-17,1.1529778039004972
2018-12-18,3.8818135231573816
2018-12-19,0.0
2018-12-20,0.0
2018-12-21,0.0
2018-12-22,0.0
2018-12-23,1.7199245332734994
2018-12-24,8.574107848158357
2018-12-25,1.904352935662926
2018-12-26,0.0
2018-12-27,0.0
2018-12-28,0.9425475518021436
2018-12-29,0.0
2018-12-30,0.0
2018-12-31,0.0
2019-01-01,0.23573466941465804
2019-01-02,0.0
2019-01-03,0.0
2019-01-04,0.7463896298143621
2019-01-05,0.6283758320344264
2019-01-06,1.6614632034668175
2019-01-07,0.25803425730114904
2019-01-08,0.9732204870646763
2019-01-09,2.8589032558785723
2019-01-10,11.055210652634628
2019-01-11,0.6482703408903097
2019-01-12,0.13445029876961692
2019-01-13,0.8877020333828828
2019-01-14,0.950096644088881
2019-01-15,9.29716553660873
2019-01-16,1.1194362256572294
2019-01-17,0.6933123877818648
2019-01-18,1.71335736856337
2019-01-19,0.2892257544631864
2019-01-20,0.4849228241281761
2019-01-21,0.10259142020128655
2019-01-22,0.0
2019-01-23,0.10055206086057918
2019-01-24,0.08851262493387939
2019-01-25,5.042157157449935
2019-01-26,10.232906489874924
2019-01-27,2.0723421464121126
2019-01-28,0.1748168716143777
2019-01-29,0.018968339056683728
2019-01-30,5.200463440354411
2019-01-31,2.4610364981115884
2019-02-01,8.529837211887127
2019-02-02,0.9611659190547358
2019-02-03,0.45481734945301716
2019-02-04,6.292163789980128
2019-02-05,7.032869125680599
2019-02-06,11.772695946875631
2019-02-07,9.217499502280203
2019-02-08,2.8097468147184435
2019-02-09,0.2549793364630153
2019-02-10,0.23498160974882948
2019-02-11,0.0
2019-02-12,0.6187454228934464
2019-02-13,6.830710493264571
2019-02-14,14.614046519967923
2019-02-15,3.4399366996618976
2019-02-16,21.14265467702403
2019-02-17,7.4187595329951845
2019-02-18,5.042475295779003
2019-02-19,3.7229391301642183
2019-02-20,2.1204822659201565
2019-02-21,1.2160068068391854
2019-02-22,2.981172174013451
2019-02-23,6.49018040233862
2019-02-24,8.348264812616172
2019-02-25,4.584764883542032
2019-02-26,1.4178676433459885
2019-02-27,1.7763677704374177
2019-02-28,0.351114402989195
2019-03-01,2.653820595452668
2019-03-02,3.4583336111777014
2019-03-03,9.820882607763282
2019-03-04,7.74007859208584
2019-03-05,7.476001205108251
2019-03-06,1.7780512449476995
2019-03-07,5.414571757056409
2019-03-08,4.332219070946936
2019-03-09,0.4000907966838692
2019-03-10,1.349619281748082
2019-03-11,1.003746574530697
2019-03-12,0.7470482224285386
2019-03-13,1.396733613663761
2019-03-14,13.481888095286156
2019-03-15,17.404282328437468
2019-03-16,3.2119109654337907
2019-03-17,0.26302246990198336
2019-03-18,0.648345907265098
2019-03-19,4.448101366334061
2019-03-20,5.397689854483409
2019-03-21,6.743196275140424
2019-03-22,13.639264581689442
2019-03-23,12.757222579635549
2019-03-24,17.474850086760146
2019-03-25,6.887293241286146
2019-03-26,1.1754650646964409
2019-03-27,1.5891491922678687
2019-03-28,5.854897010473381
2019-03-29,3.907218999143408
2019-03-30,6.673617627613863
2019-03-31,16.853901159955875
2019-04-01,17.806275691501412
2019-04-02,9.175461837540833
2019-04-03,2.726376130730667
2019-04-04,13.357805612770198
2019-04-05,8.179236598904419
2019-04-06,13.499978654069142
2019-04-07,7.4632278619153105
2019-04-08,0.02603674298215974
2019-04-09,1.4666354684765
2019-04-10,0.08305416060144599
2019-04-11,1.9652596949600087
2019-04-12,4.360553677065052
2019-04-13,1.2594221530761964
2019-04-14,3.6316714801647807
2019-04-15,9.31202692249943
2019-04-16,2.758986126395351
2019-04-17,4.234675250006461
2019-04-18,2.9658470431785613
2019-04-19,2.234336746422753
2019-04-20,5.56266496051283
2019-04-21,1.63530308836891
2019-04-22,2.7309140558011205
2019-04-23,0.07288134900880151
2019-04-24,1.7183231555472858
2019-04-25,3.0100918207876504
2019-04-26,6.982212898458839
2019-04-27,8.120176007826032
2019-04-28,8.70750191736851
2019-04-29,5.646443621554832
2019-04-30,3.033058017225695
2019-05-01,5.967499254080157
2019-05-02,3.751534083975926
2019-05-03,0.026036742982159737
2019-05-04,0.0
2019-05-05,0.9113618367588504
2019-05-06,0.8622325951458455
2019-05-07,2.266361080678556
2019-05-08,2.432828119697849
2019-05-09,3.0399935600476793
2019-05-10,0.20176292894770315
2019-05-11,0.0
2019-05-12,0.3670877874825094
2019-05-13,1.448871329392003
2019-05-14,1.1068136982013232
2019-05-15,2.9162181376320873
2019-05-16,0.03807507227098314
2019-05-17,3.02158106563414
2019-05-18,1.8631073011128252
2019-05-19,0.3461705529687497
2019-05-20,0.19830410449014813
2019-05-21,1.2764665797290717
2019-05-22,19.69643772258042
2019-05-23,0.5248629487903177
2019-05-24,0.3287359320473255
2019-05-25,3.6291834711713773
2019-05-26,0.25266588534963047
2019-05-27,2.729531149540193
2019-05-28,0.0
2019-05-29,0.0
2019-05-30,0.0
2019-05-31,3.0169034222022857
2019-06-01,0.0
2019-06-02,0.045937734894801734
2019-06-03,0.06717757515432468
2019-06-04,0.0
2019-06-05,0.045937734894801734
2019-06-06,0.0
2019-06-07,0.0
2019-06-08,1.4929763840810562
2019-06-09,0.0028711084309251084
2019-06-10,0.0
2019-06-11,0.34789210706607915
2019-06-12,0.18314487257442225
2019-06-13,1.0883149344144498
2019-06-14,1.9929008103409689
2019-06-15,0.09816367040361805
2019-06-16,0.5099459720414932
2019-06-17,1.1123158238100779
2019-06-18,1.9471794857553535
2019-06-19,1.4415068650620928
2019-06-20,0.0
2019-06-21,0.0
2019-06-22,0.0
2019-06-23,0.0
2019-06-24,0.0
2019-06-25,1.59059407073251
2019-06-26,0.0
2019-06-27,0.0
2019-06-28,0.18093371229061467
2019-06-29,0.011401430168935188
2019-06-30,0.0
2019-07-01,0.39494263180801936
2019-07-02,0.248826715756896
2019-07-03,0.4140897081256007
2019-07-04,0.4465977832639461
2019-07-05,0.0
2019-07-06,0.0
2019-07-07,0.0
2019-07-08,2.258937036971286
2019-07-09,0.0
2019-07-10,0.5031394389337629
2019-07-11,0.37311395867031044
2019-07-12,3.461679880747764
2019-07-13,0.05057864281935969
2019-07-14,1.0033201513432162
2019-07-15,0.07316690137715855
2019-07-16,0.3967213499199214
2019-07-17,3.2521804711857376
2019-07-18,0.24898904722096324
2019-07-19,0.0
2019-07-20,0.17012571082161004
2019-07-21,2.5725075027142905
2019-07-22,0.8851104435645953
2019-07-23,0.7107301743796353
2019-07-24,0.32539181166830056
2019-07-25,0.0
2019-07-26,0.0
2019-07-27,0.20097759016475752
2019-07-28,0.0
2019-07-29,0.0
2019-07-30,0.0
2019-07-31,0.7350037583168275
2019-08-01,1.47287862506458
2019-08-02,0.2970388970367849
2019-08-03,0.17295134263073458
2019-08-04,0.01148443372370043
2019-08-05,0.043066626463876614
2019-08-06,0.0
2019-08-07,0.0
2019-08-08,0.12455296751445177
2019-08-09,0.0
2019-08-10,0.0
2019-08-11,0.0
2019-08-12,0.7809414932116292
2019-08-13,0.09187546978960344
2019-08-14,0.0
2019-08-15,0.08720348484437851
2019-08-16,0.0
2019-08-17,0.04617115132118172
2019-08-18,0.0
2019-08-19,0.36936921056945377
2019-08-20,0.0
2019-08-21,0.18375093957920674
2019-08-22,0.0
2019-08-23,0.29285305995436073
2019-08-24,0.0
2019-08-25,1.470007516633654
2019-08-26,0.0
2019-08-27,0.0
2019-08-28,0.18375093957920674
2019-08-29,1.470007516633654
2019-08-30,0.0
2019-08-31,0.4019551803295147
2019-09-01,0.3675018791584135
2019-09-02,0.005742216861850211
2019-09-03,0.08039103606590295
2019-09-04,0.0
2019-09-05,0.0028711084309251053
2019-09-06,0.3215641442636118
2019-09-07,0.0
2019-09-08,0.0
2019-09-09,0.0
2019-09-10,0.011484433723700421
2019-09-11,0.18375093957920674
2019-09-12,0.022968867447400843
2019-09-13,0.5742216861850211
2019-09-14,0.0
2019-09-15,0.21605290522756224
2019-09-16,0.008613325292775316
2019-09-17,0.9187546978960337
2019-09-18,0.0
2019-09-19,0.0
2019-09-20,0.22751550257342248
2019-09-21,0.0
2019-09-22,0.03732440960202637
2019-09-23,0.11035524526955115
2019-09-24,4.197720254489441
2019-09-25,0.0
2019-09-26,0.0
2019-09-27,0.008613325292775316
2019-09-28,0.5273882267558914
2019-09-29,0.0
2019-09-30,0.0
2019-10-01,0.0
2019-10-02,0.0
2019-10-03,0.0
2019-10-04,0.0
2019-10-05,0.0
2019-10-06,0.0
2019-10-07,0.0
2019-10-08,0.0
2019-10-09,0.0
2019-10-10,0.0
2019-10-11,0.0
2019-10-12,0.0
2019-10-13,0.3675018791584135
2019-10-14,0.01722665058555064
2019-10-15,0.0
2019-10-16,0.0
2019-10-17,1.470007516633654
2019-10-18,0.0
2019-10-19,0.0
2019-10-20,0.05530790155770219
2019-10-21,0.29838956974523817
2019-10-22,0.395914959919269
2019-10-23,0.028279639994233503
2019-10-24,0.0
2019-10-25,0.028279639994233503
2019-10-26,0.0
2019-10-27,0.3675018791584135
2019-10-28,0.028279639994233503
2019-10-29,0.0
2019-10-30,0.0
2019-10-31,0.0
2019-11-01,0.0
2019-11-02,0.0
2019-11-03,0.06804051863749612
2019-11-04,0.0
2019-11-05,0.04252532414843507
2019-11-06,0.0
2019-11-07,0.2067198070266077
2019-11-08,0.0
2019-11-09,0.0
2019-11-10,0.0
2019-11-11,0.0
2019-11-12,0.0
2019-11-13,1.4700075166336555
2019-11-14,0.0
2019-11-15,0.0028711084309250875
2019-11-16,0.7350037583168224
2019-11-17,0.0
2019-11-18,0.0
2019-11-19,0.005998164830957878
2019-11-20,0.1867125160746445
2019-11-21,0.0
2019-11-22,0.0
2019-11-23,0.0
2019-11-24,1.4757497334954948
2019-11-25,0.0
2019-11-26,0.0
2019-11-27,0.01148443372370035
2019-11-28,0.0
2019-11-29,0.0
2019-11-30,0.0
2019-12-01,0.0
2019-12-02,1.7571183597261535
2019-12-03,0.0
2019-12-04,0.0
2019-12-05,0.0
2019-12-06,0.0
2019-12-07,3.313259129287551
2019-12-08,0.0
2019-12-09,0.5041493216659492
2019-12-10,0.8829233310245439
2019-12-11,0.1837509395792056
2019-12-12,0.0019993882769859593
2019-12-13,0.1601497861402892
2019-12-14,0.5512528187376168
2019-12-15,0.03976407371793386
2019-12-16,0.0
2019-12-17,0.7120348908694216
2019-12-18,0.0
2019-12-19,0.2756264093688084
2019-12-20,0.0909444281786976
2019-12-21,0.0
2019-12-22,0.025839975878325785
2019-12-23,0.01148443372370035
2019-12-24,0.18949315644105574
2019-12-25,0.0
2019-12-26,0.0229688674474007
2019-12-27,0.0229688674474007
2019-12-28,0.0
2019-12-29,0.0459377348948014
2019-12-30,1.1734116280944216
2019-12-31,2.075539537336922
2020-01-01,9.417989705505791
2020-01-02,1.2239788402505642
2020-01-03,4.323950432352725
2020-01-04,5.142656595615495
2020-01-05,4.958049725392479
2020-01-06,2.088330284380626
2020-01-07,12.244774101566032
2020-01-08,12.246673412917493
2020-01-09,27.18043695266728
2020-01-10,2.6731303498677565
2020-01-11,6.937800849682188
2020-01-12,1.1870968635411123
2020-01-13,2.205011274950483
2020-01-14,0.8433692637981172
2020-01-15,1.1622735103049437
2020-01-16,1.8510065180125488
2020-01-17,0.05045886581223544
2020-01-18,1.171009755474567
2020-01-19,1.1176299883218204
2020-01-20,0.9410961200411038
2020-01-21,2.746008840718929
2020-01-22,2.6354948221096315
2020-01-23,2.9687243273406922
2020-01-24,6.229385184458525
2020-01-25,0.2952239571572454
2020-01-26,7.229641616415182
2020-01-27,6.470548654268515
2020-01-28,5.53836733446514
2020-01-29,2.132428781890197
2020-01-30,13.484291378819291
2020-01-31,8.751785612628503
2020-02-01,4.284387774024836
2020-02-02,10.990602039971868
2020-02-03,2.518816392069418
2020-02-04,5.995936929035041
2020-02-05,11.847634153316159
2020-02-06,5.612507120576278
2020-02-07,0.9903805832464292
2020-02-08,1.3045695578794572
2020-02-09,0.25048344491084973
2020-02-10,1.829524391970051
2020-02-11,0.7963016816688913
2020-02-12,0.06322330352419965
2020-02-13,0.9408692753407523
2020-02-14,9.029016723461813
2020-02-15,1.7471577589257912
2020-02-16,9.456023914893542
2020-02-17,1.9859241673491268
2020-02-18,9.671176987226486
2020-02-19,6.164486840104728
2020-02-20,5.910271321395657
2020-02-21,1.1222070122960404
2020-02-22,5.589360067580033
2020-02-23,0.5132907217445428
2020-02-24,0.0
2020-02-25,2.2713545119937204
2020-02-26,2.2704944090743244
2020-02-27,2.50030939774747
2020-02-28,5.1661342303746025
2020-02-29,13.036912543160966
2020-03-01,9.535933112873026
2020-03-02,9.730842243184167
2020-03-03,6.397256863354238
2020-03-04,13.827389320746978
2020-03-05,13.148751949143099
2020-03-06,17.468773760774592
2020-03-07,26.327566582756152
2020-03-08,14.338121549126988
2020-03-09,1.3218332406198448
2020-03-10,10.570666905891217
2020-03-11,6.945293164441926
2020-03-12,2.5784565246718363
2020-03-13,9.179610745128048
2020-03-14,16.134854547509725
2020-03-15,13.706417820752938
2020-03-16,19.449626908581052
2020-03-17,6.810399765878179
2020-03-18,7.727537553147295
2020-03-19,5.793265934793066
2020-03-20,6.396087667367214
2020-03-21,4.200119714730747
2020-03-22,11.03061965835027
2020-03-23,5.60255592623213
2020-03-24,11.199435597123532
2020-03-25,45.27583360008954
2020-03-26,9.642781954469902
2020-03-27,2.670865329136787
2020-03-28,8.018245109934504
2020-03-29,0.6031459479442537
2020-03-30,3.3030244754791243
2020-03-31,3.1421052122191555
2020-04-01,0.5046856532042647
2020-04-02,0.0
2020-04-03,0.12044941906399809
2020-04-04,1.1395055654478994
2020-04-05,1.7300139292219667
2020-04-06,0.8846785098621884
2020-04-07,2.501215464129763
2020-04-08,1.033192508937697
2020-04-09,0.16500154790236674
2020-04-10,1.8291528354607471
2020-04-11,2.5862406055369047
2020-04-12,2.5437104141325015
2020-04-13,4.4804961498781655
2020-04-14,0.9258215278781637
2020-04-15,1.779427907879423
2020-04-16,1.2582724307207849
2020-04-17,4.228759073877334
2020-04-18,5.3379964890144755
2020-04-19,4.6672451028153406
2020-04-20,5.009221598242357
2020-04-21,11.981930018804844
2020-04-22,18.541478161647063
2020-04-23,9.119230736655323
2020-04-24,2.7915699155062152
2020-04-25,14.978581748153852
2020-04-26,2.277206582846414
2020-04-27,2.549556814700361
2020-04-28,2.7370351958754644
2020-04-29,0.20020747660711205
2020-04-30,0.0028711084309251053
2020-05-01,0.5955044434622727
2020-05-02,0.19939269064540474
2020-05-03,0.2590545385921795
2020-05-04,3.01857770171839
2020-05-05,0.4579249124130796
2020-05-06,1.1322647692297636
2020-05-07,0.3261042803287905
2020-05-08,0.0
2020-05-09,0.0
2020-05-10,0.11931825647598959
2020-05-11,0.711561387836332
2020-05-12,0.0
2020-05-13,0.0
2020-05-14,0.0
2020-05-15,2.1074898804410225
2020-05-16,2.3346907906015657
2020-05-17,10.34164539743071
2020-05-18,1.4368219784535254
2020-05-19,0.6300615890494503
2020-05-20,2.2441729645812454
2020-05-21,1.3586345019630848
2020-05-22,18.007924228428635
2020-05-23,1.3044467370469544
2020-05-24,3.322296192650189
2020-05-25,2.239831946053338
2020-05-26,1.0599431678676248
2020-05-27,0.11938327755577657
2020-05-28,2.6306599944885587
2020-05-29,2.911263572719652
2020-05-30,0.14219432590932263
2020-05-31,1.1288433995781253
2020-06-01,0.15670493888842946
2020-06-02,0.025970285765012625
2020-06-03,0.2071061887291239
2020-06-04,0.05723042699576286
2020-06-05,2.4013185199216567
2020-06-06,2.307506073045926
2020-06-07,0.0
2020-06-08,0.7205100436494998
2020-06-09,0.3439085278526581
2020-06-10,0.2309752965383901
2020-06-11,1.7905123044935238
2020-06-12,0.2391577439370287
2020-06-13,0.0
2020-06-14,1.2254675894603542
2020-06-15,0.0
2020-06-16,0.02660789886626695
2020-06-17,0.36750187915841326
2020-06-18,0.0
2020-06-19,0.02296886744740083
2020-06-20,0.0
2020-06-21,0.0
2020-06-22,0.7350037583168265
2020-06-23,0.0
2020-06-24,0.18375093957920663
2020-06-25,0.0
2020-06-26,0.0
2020-06-27,0.0
2020-06-28,0.0
2020-06-29,0.23255978290493334
2020-06-30,0.0
2020-07-01,0.13781320468440494
2020-07-02,0.0018757045283763476
2020-07-03,0.0
2020-07-04,0.4593773489480165
2020-07-05,0.0
2020-07-06,1.4599293978504333
2020-07-07,0.29959883839647344
2020-07-08,0.0
2020-07-09,0.18050987724862433
2020-07-10,0.052765718720702556
2020-07-11,1.2023106951098221
2020-07-12,0.06385895727904067
2020-07-13,0.0
2020-07-14,0.36750187915841326
2020-07-15,0.005742216861850207
2020-07-16,0.0
2020-07-17,0.0
2020-07-18,0.0
2020-07-19,0.0
2020-07-20,0.0
2020-07-21,0.7031257855194138
2020-07-22,0.0
2020-07-23,0.0
2020-07-24,0.36750187915841326
2020-07-25,0.0
2020-07-26,0.0
2020-07-27,0.0
2020-07-28,0.0
2020-07-29,0.0
2020-07-30,0.20521426028969456
2020-07-31,0.0
2020-08-01,0.04593773489480166
2020-08-02,0.0
2020-08-03,0.0
2020-08-04,0.0
2020-08-05,0.0
2020-08-06,0.0
2020-08-07,0.0
2020-08-08,0.028711084309251032
2020-08-09,0.0
2020-08-10,1.470007516633653
2020-08-11,0.0
2020-08-12,0.0
2020-08-13,0.0
2020-08-14,0.0
2020-08-15,0.0
2020-08-16,0.0
2020-08-17,0.0
2020-08-18,0.0
2020-08-19,0.04383454945181757
2020-08-20,0.0028711084309251036
2020-08-21,0.0028711084309251036
2020-08-22,0.0
2020-08-23,0.0028711084309251036
2020-08-24,0.0028711084309251036
2020-08-25,0.0028711084309251036
2020-08-26,0.4324726805238131
2020-08-27,0.0028711084309251036
2020-08-28,0.0028711084309251036
2020-08-29,0.0028711084309251036
2020-08-30,0.0
2020-08-31,0.0
2020-09-01,0.0
2020-09-02,0.0
2020-09-03,0.0
2020-09-04,0.0
2020-09-05,0.0028711084309251036
2020-09-06,0.0028711084309251036
2020-09-07,0.0028711084309251036
2020-09-08,0.0
2020-09-09,0.0028711084309251036
2020-09-10,0.0028711084309251036
2020-09-11,0.0028711084309251036
2020-09-12,0.0028711084309251036
2020-09-13,0.0028711084309251036
2020-09-14,0.0028711084309251036
2020-09-15,0.0028711084309251036
2020-09-16,0.0028711084309251036
2020-09-17,0.0028711084309251036
2020-09-18,0.0028711084309251036
2020-09-19,0.0028711084309251036
2020-09-20,0.005742216861850207
2020-09-21,0.0028711084309251036
2020-09-22,0.0028711084309251036
2020-09-23,0.0028711084309251036
2020-09-24,0.0028711084309251036
2020-09-25,0.0028711084309251036
2020-09-26,0.0028711084309251036
2020-09-27,0.0
2020-09-28,0.0
2020-09-29,0.0028711084309251036
2020-09-30,0.005742216861850207
2020-10-01,0.0028711084309251036
2020-10-02,0.0028711084309251036
2020-10-03,0.38720441759101104
2020-10-04,0.14446759075306204
2020-10-05,0.04332724623724994
2020-10-06,0.0028711084309251036
2020-10-07,0.0028711084309251036
2020-10-08,0.0028711084309251036
2020-10-09,0.0028711084309251036
2020-10-10,0.0028711084309251036
2020-10-11,0.1923642648719819
2020-10-12,0.0028711084309251036
2020-10-13,0.0028711084309251036
2020-10-14,0.0028711084309251036
2020-10-15,0.0028711084309251036
2020-10-16,0.0028711084309251036
2020-10-17,0.0028711084309251036
2020-10-18,0.011484433723700414
2020-10-19,2.2078823833814045
2020-10-20,0.0028711084309251036
2020-10-21,0.0028711084309251036
2020-10-22,0.0
2020-10-23,0.1011403445158121
2020-10-24,0.0028711084309251036
2020-10-25,0.0
2020-10-26,0.0
2020-10-27,0.0
2020-10-28,0.2417258465110703
2020-10-29,0.028279639994233483
2020-10-30,0.002871108430925088
2020-10-31,0.0
2020-11-01,0.19066087619519922
2020-11-02,1.0627930040081346
2020-11-03,7.5140936134273
2020-11-04,21.05465369703083
2020-11-05,0.6366126419264465
2020-11-06,0.0991535326273354
2020-11-07,0.0028711084309251066
2020-11-08,0.0028711084309251066
2020-11-09,0.34789750388124535
2020-11-10,0.05076532639020543
2020-11-11,0.0028711084309251066
2020-11-12,0.20647383750488743
2020-11-13,0.0028711084309251066
2020-11-14,0.0
2020-11-15,0.02323138133832134
2020-11-16,0.0028711084309251066
2020-11-17,0.005742216861850213
2020-11-18,0.0028711084309251066
2020-11-19,10.1350905181971
2020-11-20,23.163991129169464
2020-11-21,4.592319159466768
2020-11-22,0.07079012333181033
2020-11-23,0.0
2020-11-24,0.0
2020-11-25,0.008126438644887927
2020-11-26,0.0
2020-11-27,0.0028711084309251066
2020-11-28,0.0
2020-11-29,1.4728786250645796
2020-11-30,0.0
2020-12-01,0.0
2020-12-02,0.12233928401363506
2020-12-03,0.0
2020-12-04,0.06116964200681753
2020-12-05,0.0
2020-12-06,0.026089073643858613
2020-12-07,0.0
2020-12-08,0.016225896451779135
2020-12-09,0.4663421913839709
2020-12-10,0.10435629457543405
2020-12-11,0.0
2020-12-12,0.0
2020-12-13,0.0
2020-12-14,0.0
2020-12-15,0.10115728563871934
2020-12-16,0.0
2020-12-17,0.0
2020-12-18,0.47690232654307263
2020-12-19,0.0
2020-12-20,0.052178147287717025
2020-12-21,0.8766688398212378
2020-12-22,0.028279639994233476
2020-12-23,0.0
2020-12-24,1.2522755349052086
2020-12-25,0.055724976021448144
2020-12-26,0.0
2020-12-27,0.028279639994233476
2020-12-28,0.0
2020-12-29,0.0
2020-12-30,0.0
2020-12-31,0.0
2021-01-01,0.14168943636641168
2021-01-02,0.0028711084309251053
2021-01-03,0.735003758316827
2021-01-04,0.24395117389150137
2021-01-05,1.025393744613779
2021-01-06,0.2064819447809043
2021-01-07,0.031051609730606385
2021-01-08,0.015525804865303193
2021-01-09,0.15685868189788693
2021-01-10,3.3702635029441996
2021-01-11,0.5331104577849879
2021-01-12,0.29968020843015514
2021-01-13,0.47829884117566784
2021-01-14,0.38200803071580053
2021-01-15,0.03924320479094972
2021-01-16,0.0
2021-01-17,1.1592541240834322
2021-01-18,0.6304600638954049
2021-01-19,0.676973635467655
2021-01-20,1.5395920291348077
2021-01-21,4.8071770778830984
2021-01-22,0.3624920353235025
2021-01-23,0.11900811229472573
2021-01-24,0.0
2021-01-25,0.2514882045307809
2021-01-26,6.60415138567423
2021-01-27,1.9400555674677695
2021-01-28,0.9683263564045066
2021-01-29,1.048858481781879
2021-01-30,2.1023590752123247
2021-01-31,0.9443134462520031
2021-02-01,0.09187546978960337
2021-02-02,0.0
2021-02-03,0.0
2021-02-04,0.735003758316827
2021-02-05,0.0
2021-02-06,0.3675018791584135
2021-02-07,0.0
2021-02-08,5.6227139433382405
2021-02-09,7.030221327718331
2021-02-10,2.1195694793339035
2021-02-11,6.859886487557478
2021-02-12,5.141534741262121
2021-02-13,0.3659024021158584
2021-02-14,2.7095499621321664
2021-02-15,10.212153818369005
2021-02-16,60.741891977123295
2021-02-17,15.001330764419812
2021-02-18,2.3721700682608455
2021-02-19,11.099610488804762
2021-02-20,0.33605655661992373
2021-02-21,1.2458134162986123
2021-02-22,3.27572588456593
2021-02-23,7.782845559478116
2021-02-24,7.846468865625366
2021-02-25,4.752085201507666
2021-02-26,4.7618276666626445
2021-02-27,9.8485013656024
2021-02-28,4.827491145821222
2021-03-01,6.064984140664454
2021-03-02,16.8447239429713
2021-03-03,9.594475953589807
2021-03-04,1.6890242603614034
2021-03-05,1.4444294039156005
2021-03-06,0.0038814512163258016
2021-03-07,0.06536307848378534
2021-03-08,0.036149338398465534
2021-03-09,0.22732842980052925
2021-03-10,0.04252532414843509
2021-03-11,0.14901325334841087
2021-03-12,0.05587926631914808
2021-03-13,0.0
2021-03-14,0.48368230292217435
2021-03-15,3.9343166953213338
2021-03-16,8.718417724996455
2021-03-17,7.253771505143234
2021-03-18,0.892752490333527
2021-03-19,0.7267286935800097
2021-03-20,0.12586892358995863
2021-03-21,2.8657521809456634
2021-03-22,0.30376471200864336
2021-03-23,3.72344919831542
2021-03-24,6.035884628238745
2021-03-25,8.110751712005088
2021-03-26,20.322982658756338
2021-03-27,9.408582297438837
2021-03-28,13.305036342295853
2021-03-29,0.7317723210892626
2021-03-30,0.24254634791922136
2021-03-31,1.7078243276092673
2021-04-01,0.2923178626956031
2021-04-02,0.7144081309095608
2021-04-03,0.4029357544841391
2021-04-04,1.6582671739373178
2021-04-05,0.3631148183350773
2021-04-06,0.01282392752516082
2021-04-07,0.0
2021-04-08,0.0
2021-04-09,0.5664237156662186
2021-04-10,0.32459752000518327
2021-04-11,10.531634966556569
2021-04-12,5.520053067434114
2021-04-13,0.37002938965915333
2021-04-14,0.2753018114412553
2021-04-15,0.6340303725279626
2021-04-16,0.41456173856226425
2021-04-17,0.07502807890793693
2021-04-18,0.2274715926383945
2021-04-19,4.035948322838684
2021-04-20,2.1393097077976124
2021-04-21,2.1650270009010866
2021-04-22,34.770185280845475
2021-04-23,12.734475874261648
2021-04-24,0.4618847891758883
2021-04-25,0.37582136228468
2021-04-26,0.07874910838950278
2021-04-27,0.39496640702274655
2021-04-28,0.14107400501896752
2021-04-29,4.336268764532917
2021-04-30,3.212435249757526
2021-05-01,0.16177212553117992
2021-05-02,1.4516001165271923
2021-05-03,1.8962446334789447
2021-05-04,3.27262305944736
2021-05-05,6.347959416881515
2021-05-06,4.497610047046584
2021-05-07,8.576862571242211
2021-05-08,0.7737000763169608
2021-05-09,0.916583337336562
2021-05-10,0.15428038410462314
2021-05-11,0.0
2021-05-12,0.0
2021-05-13,0.0
2021-05-14,5.1226943962595
2021-05-15,4.362091627003571
2021-05-16,0.15572655112771114
2021-05-17,0.0
2021-05-18,0.1282392752516082
2021-05-19,0.06229062045108445
2021-05-20,0.16260829724446435
2021-05-21,0.027741242592181543
2021-05-22,0.0
2021-05-23,0.0
2021-05-24,0.0
2021-05-25,0.0
2021-05-26,0.0
2021-05-27,0.0
2021-05-28,0.0
2021-05-29,0.0
2021-05-30,0.0
2021-05-31,0.027741242592181543
2021-06-01,0.15477276966393966
2021-06-02,0.09460984278619981
2021-06-03,0.0
2021-06-04,0.0
2021-06-05,0.0
2021-06-06,0.0
2021-06-07,0.0
2021-06-08,0.15835309868634534
2021-06-09,0.6841032590273141
2021-06-10,0.0
2021-06-11,0.0
2021-06-12,1.0952868206746604
2021-06-13,0.3026446895937953
2021-06-14,0.0
2021-06-15,0.0
2021-06-16,0.5124345018214074
2021-06-17,0.06271942591023391
2021-06-18,1.3054982237325263
2021-06-19,1.5905087535440798
2021-06-20,0.0
2021-06-21,0.028212640555353805
2021-06-22,0.0
2021-06-23,0.0
2021-06-24,0.3565900761391143
2021-06-25,0.0
2021-06-26,0.0
2021-06-27,0.0
2021-06-28,0.0
2021-06-29,0.0
2021-06-30,0.11702244964504106
2021-07-01,0.0
2021-07-02,8.19297353450353
2021-07-03,0.030357939356164623
2021-07-04,0.15221467044462084
2021-07-05,0.0
2021-07-06,0.0
2021-07-07,0.2076354015036148
2021-07-08,0.0
2021-07-09,0.0
2021-07-10,0.0
2021-07-11,0.13263678143762556
2021-07-12,0.1307994935061725
2021-07-13,0.06453554233674497
2021-07-14,0.0
2021-07-15,0.0
2021-07-16,0.0
2021-07-17,0.0
2021-07-18,0.0
2021-07-19,0.0
2021-07-20,0.0
2021-07-21,0.0
2021-07-22,0.0
2021-07-23,0.0
2021-07-24,0.0
2021-07-25,0.0
2021-07-26,0.0
2021-07-27,0.0
2021-07-28,0.0
2021-07-29,0.0
2021-07-30,0.0
2021-07-31,0.0
2021-08-01,0.0
2021-08-02,0.0
2021-08-03,0.0
2021-08-04,0.0
2021-08-05,0.0
2021-08-06,0.0
2021-08-07,0.0
2021-08-08,0.0
2021-08-09,0.0
2021-08-10,0.0
2021-08-11,0.0
2021-08-12,0.0
2021-08-13,0.003998776553971936
2021-08-14,0.0
2021-08-15,0.0
2021-08-16,0.0
2021-08-17,0.0
2021-08-18,0.0
2021-08-19,0.0
2021-08-20,0.0
2021-08-21,0.0
2021-08-22,0.0
2021-08-23,0.0
2021-08-24,0.0
2021-08-25,0.005742216861850211
2021-08-26,0.0
2021-08-27,0.0
2021-08-28,0.0
2021-08-29,0.0
2021-08-30,0.0
2021-08-31,0.0
2021-09-01,0.0
2021-09-02,0.0
2021-09-03,0.0
2021-09-04,0.0
2021-09-05,0.0
2021-09-06,0.0
2021-09-07,0.0
2021-09-08,0.0
2021-09-09,0.0
2021-09-10,0.0
2021-09-11,0.0028711084309251053
2021-09-12,0.0
2021-09-13,0.0028711084309251053
2021-09-14,0.0028711084309251053
2021-09-15,0.09127578895402631
2021-09-16,0.0028711084309251053
2021-09-17,0.30353209847461726
2021-09-18,0.0028711084309251053
2021-09-19,0.0028711084309251053
2021-09-20,0.0028711084309251053
2021-09-21,0.0028711084309251053
2021-09-22,0.0028711084309251053
2021-09-23,0.2149219621912181
2021-09-24,0.0028711084309251053
2021-09-25,0.0028711084309251053
2021-09-26,0.0028711084309251053
2021-09-27,0.0028711084309251053
2021-09-28,0.03392271816153149
2021-09-29,0.0183969132962283
2021-09-30,0.24123893197859683
2021-10-01,0.04351517235783223
2021-10-02,0.0
2021-10-03,0.0
2021-10-04,0.0
2021-10-05,0.0
2021-10-06,0.0
2021-10-07,0.0028711084309251053
2021-10-08,0.0
2021-10-09,1.1057585814386162
2021-10-10,0.0
2021-10-11,0.0
2021-10-12,0.0
2021-10-13,0.0
2021-10-14,0.0028711084309251053
2021-10-15,0.0
2021-10-16,0.0028856969575738454
2021-10-17,0.0
2021-10-18,0.0
2021-10-19,0.0
2021-10-20,5.0083819759369
2021-10-21,0.6086268866804452
2021-10-22,0.15430328234315982
2021-10-23,0.0366535156150717
2021-10-24,0.19898097516450824
2021-10-25,0.4523610705827286
2021-10-26,0.0
2021-10-27,0.0
2021-10-28,0.0
2021-10-29,0.0
2021-10-30,2.7295953680091443
2021-10-31,13.297721577253114
2021-11-01,2.558855466735574
2021-11-02,0.7020000671595586
2021-11-03,0.0
2021-11-04,0.5655927998846698
2021-11-05,8.925557621010045
2021-11-06,7.215045485100898
2021-11-07,2.0198025813671343
2021-11-08,1.589226905061207
2021-11-09,0.034020259318748046
2021-11-10,0.0
2021-11-11,0.0
2021-11-12,0.05661361458672577
2021-11-13,0.26406452998541435
2021-11-14,2.737075406053525
2021-11-15,1.0636321651398213
2021-11-16,0.05036696931051747
2021-11-17,1.105758581438616
2021-11-18,0.0
2021-11-19,0.0
2021-11-20,0.0
2021-11-21,0.0
2021-11-22,0.0
2021-11-23,0.0
2021-11-24,0.27760233560869213
2021-11-25,0.370016156171391
2021-11-26,0.014015430282482045
2021-11-27,0.0
2021-11-28,1.9190327932365967
2021-11-29,0.0
2021-11-30,0.0
2021-12-01,0.0
2021-12-02,0.0
2021-12-03,1.1029059597751059
2021-12-04,3.036195683589036
2021-12-05,0.959150957015014
2021-12-06,0.09107381806849424
2021-12-07,0.025647855050321623
2021-12-08,0.0
2021-12-09,1.1623178614270828
2021-12-10,1.226159755227082
2021-12-11,0.0
2021-12-12,0.0
2021-12-13,0.0
2021-12-14,0.0028856969575738454
2021-12-15,0.04170020912083184
2021-12-16,0.0
2021-12-17,0.0
2021-12-18,0.0
2021-12-19,0.8711399488108931
2021-12-20,0.3802787068945563
2021-12-21,0.0
2021-12-22,0.0
2021-12-23,0.0
2021-12-24,1.329695913900757
2021-12-25,0.48363957685954306
2021-12-26,6.359334239281334
2021-12-27,14.558752910196336
2021-12-28,4.437396909795841
2021-12-29,1.1903542310033155
2021-12-30,3.749341108343771
2021-12-31,1.8228934578905498
2022-01-01,4.30844274778642
2022-01-02,2.673058613922316
2022-01-03,3.3670854970934054
2022-01-04,16.218019179336164
2022-01-05,10.445631358208496
2022-01-06,25.904872446884102
2022-01-07,2.886020416539582
2022-01-08,0.0
2022-01-09,0.6742722098595219
2022-01-10,0.028279639994233486
2022-01-11,1.8657749770684147
2022-01-12,3.4808088722044364
2022-01-13,5.36333154463571
2022-01-14,5.122533825488141
2022-01-15,13.402407827320621
2022-01-16,15.5060076474816
2022-01-17,0.7050750292514893
2022-01-18,0.6129786026819593
2022-01-19,0.022346287140831332
2022-01-20,0.0
2022-01-21,0.5142628089506417
2022-01-22,1.0791313857263303
2022-01-23,0.9244031566812989
2022-01-24,0.0
2022-01-25,0.0
2022-01-26,0.7639806238290291
2022-01-27,19.916603605868747
2022-01-28,17.199182851536044
2022-01-29,10.51940759896047
2022-01-30,0.16327336802956485
2022-01-31,0.04231896083303069
2022-02-01,0.0
2022-02-02,0.0
2022-02-03,0.1771098777573056
2022-02-04,0.6678068034441227
2022-02-05,1.3489980918150817
2022-02-06,0.34312447069779756
2022-02-07,0.03793398211451972
2022-02-08,0.0025647855050321623
2022-02-09,0.5915396308874359
2022-02-10,0.10114933662872902
2022-02-11,0.22020141886872177
2022-02-12,0.0
2022-02-13,0.5483867006958605
2022-02-14,0.8913447099380047
2022-02-15,0.025229432906117698
2022-02-16,0.24043862663037677
2022-02-17,3.9006672435555254
2022-02-18,11.483401990188337
2022-02-19,4.0803350060756935
2022-02-20,1.2736763588900648
2022-02-21,1.9437869112708668
2022-02-22,0.015388713030192977
2022-02-23,0.3907454095514582
2022-02-24,0.0
2022-02-25,0.03799790109702064
2022-02-26,0.0111758532638296
2022-02-27,0.2925844994182797
2022-02-28,2.8475274094401155
2022-03-01,0.6185046138955272
2022-03-02,0.39447275529602654
2022-03-03,1.6599184935542208
2022-03-04,8.05259615294876
2022-03-05,5.138977481390543
2022-03-06,9.463018288980113
2022-03-07,29.032042450721683
2022-03-08,0.2792075697035623
2022-03-09,1.5618648230392842
2022-03-10,2.674080719208447
2022-03-11,9.0414950127287
2022-03-12,20.499713503380285
2022-03-13,8.026159520837608
2022-03-14,1.6421384538127966
2022-03-15,3.341627710002365
2022-03-16,15.776901591168572
2022-03-17,10.955755124997374
2022-03-18,1.1364881457629987
2022-03-19,12.006946853017523
2022-03-20,4.1374685042105535
2022-03-21,6.426513618669952
2022-03-22,2.5258344548185936
2022-03-23,4.084524097248608
2022-03-24,5.484145929349925
2022-03-25,5.917465293076524
2022-03-26,10.872774983690533
2022-03-27,3.63962686797782
2022-03-28,1.8994919313467336
2022-03-29,1.5307328134877616
2022-03-30,2.022929039242013
2022-03-31,5.098048299799215
2022-04-01,6.826475029508151
2022-04-02,10.789878655289275
2022-04-03,0.23399231544418111
2022-04-04,8.412098088415613
2022-04-05,20.696998381255472
2022-04-06,5.301910307222808
2022-04-07,1.5010636381501243
2022-04-08,2.30193817758516
2022-04-09,3.71153777210371
2022-04-10,2.5658735186190036
2022-04-11,2.1456979817624156
2022-04-12,4.84903323341387
2022-04-13,2.632505911032665
2022-04-14,1.2908639652189409
2022-04-15,0.2635447432180523
2022-04-16,0.5957769237359225
2022-04-17,3.3361927580404993
2022-04-18,9.783820803217852
2022-04-19,2.363883522481806
2022-04-20,1.8370124792469251
2022-04-21,1.3976839349988055
2022-04-22,1.6548625061409852
2022-04-23,11.374675209080442
2022-04-24,17.003920456350272
2022-04-25,2.0963406233728
2022-04-26,0.45313269691663893
2022-04-27,0.19430899937218657
2022-04-28,0.15261759495862864
2022-04-29,0.5739892194829461
2022-04-30,0.4114694572377682
2022-05-01,0.043327679571053365
2022-05-02,0.15057908902769834
2022-05-03,0.2966950567194088
2022-05-04,0.8829926263332105
2022-05-05,0.15619888475073154
2022-05-06,0.05682894120259629
2022-05-07,0.10391903845086073
2022-05-08,0.008986495140185586
2022-05-09,1.093440018314199
2022-05-10,0.37277830206805673
2022-05-11,0.033452426568909205
2022-05-12,3.4894038145986555
2022-05-13,0.3299608533122149
2022-05-14,2.9345734149550284
2022-05-15,1.3960169124048283
2022-05-16,0.7854880637522933
2022-05-17,0.02649729745072048
2022-05-18,0.0
2022-05-19,3.156926763777064
2022-05-20,20.77020172963906
2022-05-21,11.522515040088056
2022-05-22,1.5118041137521157
2022-05-23,0.32728776347163663
2022-05-24,0.0010377531899842124
2022-05-25,0.022568686924702402
2022-05-26,0.0
2022-05-27,0.20365735534331547
2022-05-28,0.0
2022-05-29,0.047143368032682376
2022-05-30,0.0
2022-05-31,0.49466735123074235
2022-06-01,3.517810293108184
2022-06-02,7.274110400710122
2022-06-03,7.252263876866903
2022-06-04,12.994386532998352
2022-06-05,7.958621364073298
2022-06-06,3.6843928891918183
2022-06-07,0.10401828098891087
2022-06-08,0.0015205648440413276
2022-06-09,0.17663110476916416
2022-06-10,1.101291816298465
2022-06-11,2.276205046695983
2022-06-12,0.34533572923303507
2022-06-13,0.0
2022-06-14,0.0
2022-06-15,0.006162084108526719
2022-06-16,0.03420429050680542
2022-06-17,0.0
2022-06-18,0.0
2022-06-19,0.0
2022-06-20,0.1855610288048165
2022-06-21,10.161419865747142
2022-06-22,0.0015205648440413278
2022-06-23,0.03105899198284448
2022-06-24,0.0
2022-06-25,0.0
2022-06-26,0.0
2022-06-27,0.0
2022-06-28,0.0
2022-06-29,0.0
2022-06-30,0.0
2022-07-01,0.0
2022-07-02,0.4531879951369937
2022-07-03,1.6938818591584948
2022-07-04,0.4163498200435365
2022-07-05,3.6092582056487172
2022-07-06,0.03905511447323951
2022-07-07,0.07717585165179222
2022-07-08,1.9476311560913437
2022-07-09,0.0945405586405208
2022-07-10,0.21695018844749792
2022-07-11,0.0
2022-07-12,0.0
2022-07-13,0.0
2022-07-14,0.0723504353600214
2022-07-15,0.0
2022-07-16,0.0
2022-07-17,0.0
2022-07-18,0.0
2022-07-19,0.0
2022-07-20,0.0
2022-07-21,0.08483891998270049
2022-07-22,0.0525225325780671
2022-07-23,0.0
2022-07-24,0.0
2022-07-25,0.0
2022-07-26,0.0
2022-07-27,0.0
2022-07-28,0.0
2022-07-29,0.343052930395918
2022-07-30,0.14139819997116748
2022-07-31,0.028279639994233496
2022-08-01,0.19051320966052854
2022-08-02,0.0
2022-08-03,0.0
2022-08-04,1.129695058716942
2022-08-05,4.769066928516515
2022-08-06,0.0
2022-08-07,0.0
2022-08-08,0.0
2022-08-09,0.0
2022-08-10,0.028345586899223063
2022-08-11,0.007946606594615128
2022-08-12,0.05165294286499834
2022-08-13,0.871530105743521
2022-08-14,0.0
2022-08-15,0.0
2022-08-16,0.0
2022-08-17,0.0
2022-08-18,0.05252253257806711
2022-08-19,0.0
2022-08-20,0.0
2022-08-21,0.0
2022-08-22,0.0
2022-08-23,0.0
2022-08-24,0.001986651648653782
2022-08-25,0.0
2022-08-26,0.0
2022-08-27,0.0
2022-08-28,0.0
2022-08-29,0.0
2022-08-30,0.0
2022-08-31,0.0
2022-09-01,0.0
2022-09-02,0.0
2022-09-03,0.026261266289033556
2022-09-04,0.0
2022-09-05,0.0
2022-09-06,0.0
2022-09-07,0.0
2022-09-08,0.0
2022-09-09,0.05252253257806711
2022-09-10,0.0
2022-09-11,0.0
2022-09-12,0.0
2022-09-13,0.0
2022-09-14,0.010643953908289294
2022-09-15,0.01401543028248205
2022-09-16,0.0
2022-09-17,0.0
2022-09-18,0.0
2022-09-19,0.0
2022-09-20,0.0
2022-09-21,0.0
2022-09-22,0.0
2022-09-23,0.0
2022-09-24,0.0
2022-09-25,0.0
2022-09-26,0.0
2022-09-27,0.0
2022-09-28,0.026860780521077945
2022-09-29,0.0
2022-09-30,0.0
2022-10-01,0.0
2022-10-02,0.0
2022-10-03,0.0
2022-10-04,0.0
2022-10-05,0.0
2022-10-06,0.0
2022-10-07,0.0
2022-10-08,2.6085716142550868
2022-10-09,0.8794382943510304
2022-10-10,0.0
2022-10-11,0.0
2022-10-12,0.0
2022-10-13,0.0
2022-10-14,0.0
2022-10-15,0.0
2022-10-16,0.0
2022-10-17,0.0
2022-10-18,0.0
2022-10-19,0.7123881506925573
2022-10-20,0.0
2022-10-21,0.19795747995963447
2022-10-22,0.028279639994233496
2022-10-23,0.0
2022-10-24,0.0
2022-10-25,0.0
2022-10-26,0.3575412239691371
2022-10-27,0.0
2022-10-28,0.0
2022-10-29,0.0
2022-10-30,0.0
2022-10-31,0.0
2022-11-01,0.0
2022-11-02,2.0644137195790453
2022-11-03,5.546740248751194
2022-11-04,26.321496152214877
2022-11-05,14.256524011005453
2022-11-06,39.48801458830958
2022-11-07,7.64869651664276
2022-11-08,2.575133170682175
2022-11-09,0.0
2022-11-10,0.0
2022-11-11,0.0
2022-11-12,0.0
2022-11-13,0.004561694532123983
2022-11-14,0.11419947082698813
2022-11-15,0.13346298391033082
2022-11-16,0.0
2022-11-17,0.0
2022-11-18,0.0
2022-11-19,0.0
2022-11-20,0.0
2022-11-21,0.0
2022-11-22,0.0
2022-11-23,0.0
2022-11-24,0.0
2022-11-25,0.0
2022-11-26,0.0
2022-11-27,0.0
2022-11-28,0.4694468832643102
2022-11-29,3.825743863040434
2022-11-30,2.833366041622236
2022-12-01,3.0599868993412906
2022-12-02,3.2099331706459107
2022-12-03,0.0
2022-12-04,0.0
2022-12-05,0.07047422677638229
2022-12-06,0.0
2022-12-07,0.0
2022-12-08,0.8741919751749169
2022-12-09,0.0
2022-12-10,2.0071985660099756
2022-12-11,0.0836457110907761
2022-12-12,0.0
2022-12-13,0.0
2022-12-14,0.0
2022-12-15,1.2649556942412903
2022-12-16,0.05655927998846699
2022-12-17,1.1029059597751063
2022-12-18,0.0
2022-12-19,0.0
2022-12-20,0.0
2022-12-21,0.0
2022-12-22,12.037778590666468
2022-12-23,6.867635687770646
2022-12-24,3.461723792450532
2022-12-25,1.3236264408145295
2022-12-26,0.17701747128929213
2022-12-27,0.212302909835315
2022-12-28,0.08851262493387936
2022-12-29,0.313915330230964
2022-12-30,0.17702524986775872
2022-12-31,0.11129452153168914
2023-01-01,0.0
2023-01-02,0.30299317124576125
2023-01-03,1.837929015654596
2023-01-04,1.2438678380980894
2023-01-05,0.06630043140302902
2023-01-06,0.0
2023-01-07,0.0
2023-01-08,1.413981999711675
2023-01-09,0.0404041658134181
2023-01-10,0.6673492502518161
2023-01-11,0.0564598066169703
2023-01-12,0.012164518752330598
2023-01-13,0.3740703095865159
2023-01-14,0.06541411956026785
2023-01-15,0.4629793327513759
2023-01-16,18.181067336377357
2023-01-17,9.330641821163441
2023-01-18,0.8925292559202571
2023-01-19,15.98440436714902
2023-01-20,8.58953856823717
2023-01-21,0.3885377653471493
2023-01-22,0.3385018207801157
2023-01-23,1.2555989212654002
2023-01-24,2.368227534360959
2023-01-25,1.4172175974254737
2023-01-26,1.4890162742734154
2023-01-27,0.4284319608561525
2023-01-28,1.307512047943477
2023-01-29,0.0
2023-01-30,0.01986651648653782
2023-01-31,0.16194009209935434
2023-02-01,2.2119492239364242
2023-02-02,1.5908899755672854
2023-02-03,2.189477514032677
2023-02-04,0.19241733921418946
2023-02-05,1.4108103807800274
2023-02-06,1.4426870735872157
2023-02-07,7.334959312875145
2023-02-08,1.0848207838300792
2023-02-09,0.18591403317057098
2023-02-10,3.638720536823522
2023-02-11,1.6667301351522787
2023-02-12,0.0
2023-02-13,1.5445809164763786
2023-02-14,3.2238486492733656
2023-02-15,0.1020049374640762
2023-02-16,0.1649885184935167
2023-02-17,1.1691686983527776
2023-02-18,0.7235984783190476
2023-02-19,0.6837353441757548
2023-02-20,3.990079059686599
2023-02-21,0.10014112920001035
2023-02-22,1.6731387672434765
2023-02-23,12.286470547626788
2023-02-24,8.423577193815898
2023-02-25,3.3711424528993614
2023-02-26,1.7866268762339779
2023-02-27,2.231896968835758
2023-02-28,0.0
2023-03-01,0.0
2023-03-02,1.0492013322304243
2023-03-03,3.6087692833942313
2023-03-04,6.82900675940551
2023-03-05,0.2652070408021532
2023-03-06,0.3187723211820678
2023-03-07,0.0
2023-03-08,0.06413911307139651
2023-03-09,2.345586080078658
2023-03-10,6.701225979110048
2023-03-11,0.17372743030854365
2023-03-12,2.1777238297355965
2023-03-13,2.7756356842416015
2023-03-14,9.013024150833788
2023-03-15,18.673076005196414
2023-03-16,16.487969627985496
2023-03-17,36.673700233039746
2023-03-18,13.286700907526876
2023-03-19,16.238974811101123
2023-03-20,16.80985821690099
2023-03-21,22.409496438988157
2023-03-22,13.500918315006782
2023-03-23,2.295716212325485
2023-03-24,1.4203236272065418
2023-03-25,1.253298149836613
2023-03-26,2.25634503374214
2023-03-27,20.058510395671345
2023-03-28,18.540323121819487
2023-03-29,4.095510290202127
2023-03-30,10.63798110855003
2023-03-31,11.357363286649816
2023-04-01,14.649137041214544
2023-04-02,44.144794062051375
2023-04-03,7.724056771470407
2023-04-04,24.14266466840886
2023-04-05,0.7581538141346058
2023-04-06,2.2987249889385404
2023-04-07,1.8795811385123118
2023-04-08,2.1740180917250576
2023-04-09,5.428137568523242
2023-04-10,9.725819556621381
2023-04-11,0.622323591029061
2023-04-12,0.003041129688082651
2023-04-13,0.027734804592716992
2023-04-14,0.1161596896650167
2023-04-15,1.1047624549528083
2023-04-16,6.057741558294396
2023-04-17,6.226844424121003
2023-04-18,4.902615906659837
2023-04-19,5.486404409224942
2023-04-20,1.043785011607557
2023-04-21,1.3670475650376264
2023-04-22,0.0
2023-04-23,0.0
2023-04-24,0.0
2023-04-25,0.5471340060084564
2023-04-26,2.473014865700497
2023-04-27,18.145023720663374
2023-04-28,13.623231465103425
2023-04-29,5.47962536864985
2023-04-30,1.5977719016249383
2023-05-01,3.189076110895392
2023-05-02,1.0572421953575986
2023-05-03,0.5754854884823271
2023-05-04,0.047390665013412075
2023-05-05,0.5645287814110879
2023-05-06,0.19730273944045046
2023-05-07,0.0030411296880826495
2023-05-08,0.29958097544553375
2023-05-09,0.0
2023-05-10,0.0015205648440413248
2023-05-11,0.0015205648440413248
2023-05-12,0.14425918551409658
2023-05-13,0.3462907205084759
2023-05-14,0.018158699151243476
2023-05-15,0.3549150895472778
2023-05-16,0.19827216549752918
2023-05-17,0.24673946824401258
2023-05-18,0.22011844752983684
2023-05-19,3.2632754422932235
2023-05-20,0.3092561113036468
2023-05-21,0.03631739830248695
2023-05-22,0.0
2023-05-23,0.0
2023-05-24,0.18973205714062263
2023-05-25,0.5056667306157449
2023-05-26,0.0
2023-05-27,0.012164518752330598
2023-05-28,0.0
2023-05-29,0.037746381324421874
2023-05-30,0.11214796501794681
2023-05-31,0.27581883087801917
2023-06-01,0.06363358800209881
2023-06-02,0.02432903750466119
2023-06-03,0.37881856873205266
2023-06-04,0.09220130718534106
2023-06-05,0.05929276751700871
2023-06-06,0.0
2023-06-07,0.0
2023-06-08,0.5045024802750433
2023-06-09,0.2005693763096884
2023-06-10,0.8018853134597458
2023-06-11,0.24305055255190253
2023-06-12,0.062121633630284515
2023-06-13,0.0
2023-06-14,0.0
2023-06-15,0.6124995367537598
2023-06-16,2.570480110795356
2023-06-17,0.10904368208110635
2023-06-18,0.020255726749189434
2023-06-19,0.02170564763459186
2023-06-20,0.13184091252453906
2023-06-21,0.2080940584761331
2023-06-22,0.042254124726502244
2023-06-23,0.0
2023-06-24,0.06946191644594717
2023-06-25,0.0
2023-06-26,0.0030411296880826486
2023-06-27,0.0030411296880826486
2023-06-28,0.0
2023-06-29,0.0
2023-06-30,0.15592051255611242
2023-07-01,0.03825996485122932
2023-07-02,0.0
2023-07-03,0.0
2023-07-04,0.0
2023-07-05,0.0
2023-07-06,0.02091513757729244
2023-07-07,0.28348109574129643
2023-07-08,0.6399317627357225
2023-07-09,0.010643953908289275
2023-07-10,0.1365539830497726
2023-07-11,0.02025572674918944
2023-07-12,0.0
2023-07-13,0.0
2023-07-14,0.0
2023-07-15,0.0
2023-07-16,0.0
2023-07-17,0.0058802668491331695
2023-07-18,0.0
2023-07-19,0.0
2023-07-20,0.0
2023-07-21,0.0
2023-07-22,0.0
2023-07-23,0.0
2023-07-24,0.0
2023-07-25,0.0
2023-07-26,0.0
2023-07-27,0.0
2023-07-28,0.0
2023-07-29,0.0
2023-07-30,0.0
2023-07-31,0.0
2023-08-01,0.0
2023-08-02,0.0
2023-08-03,0.0
2023-08-04,0.07679811686950057
2023-08-05,0.0
2023-08-06,0.0
2023-08-07,0.0
2023-08-08,0.01786695625192753
2023-08-09,0.01493938398378031
2023-08-10,0.0
2023-08-11,0.0
2023-08-12,0.0
2023-08-13,0.0
2023-08-14,0.0
2023-08-15,0.0
2023-08-16,0.0
2023-08-17,0.0
2023-08-18,0.0
2023-08-19,0.03434664673288497
2023-08-20,0.004561694532123973
2023-08-21,0.0
2023-08-22,0.0
2023-08-23,0.0
2023-08-24,0.0
2023-08-25,0.0
2023-08-26,0.0
2023-08-27,0.0
2023-08-28,0.0015205648440413248
2023-08-29,0.0
2023-08-30,0.0
2023-08-31,0.0
2023-09-01,0.0
2023-09-02,0.0
2023-09-03,0.0
2023-09-04,0.0
2023-09-05,0.0
2023-09-06,0.0
2023-09-07,0.0
2023-09-08,0.0
2023-09-09,0.017041524658024776
2023-09-10,0.010650952911265485
2023-09-11,0.0
2023-09-12,0.0
2023-09-13,0.0022851512473943034
2023-09-14,0.0
2023-09-15,0.0
2023-09-16,0.0
2023-09-17,0.0
2023-09-18,0.0
2023-09-19,0.0
2023-09-20,0.0
2023-09-21,0.0
2023-09-22,0.0
2023-09-23,0.0
2023-09-24,0.0
2023-09-25,0.0
2023-09-26,0.0
2023-09-27,0.0
2023-09-28,0.0
2023-09-29,0.0
2023-09-30,0.0
2023-10-01,0.0
2023-10-02,0.0
2023-10-03,0.0
2023-10-04,0.0
2023-10-05,0.0
2023-10-06,0.0
2023-10-07,0.0
2023-10-08,0.0
2023-10-09,0.5849987193329417
2023-10-10,0.0
2023-10-11,0.0
2023-10-12,0.0
2023-10-13,0.0
2023-10-14,0.0
2023-10-15,0.0
2023-10-16,0.0
2023-10-17,0.0
2023-10-18,0.0
2023-10-19,0.0
2023-10-20,0.0
2023-10-21,0.0
2023-10-22,0.0
2023-10-23,0.0
2023-10-24,0.0
2023-10-25,0.0
2023-10-26,0.0
2023-10-27,0.0
2023-10-28,0.0
2023-10-29,0.0
2023-10-30,0.0
2023-10-31,0.0
2023-11-01,0.0
2023-11-02,0.0
2023-11-03,0.1096111610191623
2023-11-04,0.0
2023-11-05,0.0
2023-11-06,0.08102290699675738
2023-11-07,0.07611389217434991
2023-11-08,0.0
2023-11-09,0.0
2023-11-10,0.0
2023-11-11,0.0
2023-11-12,0.0
2023-11-13,0.0
2023-11-14,0.0
2023-11-15,0.0
2023-11-16,0.0
2023-11-17,0.0
2023-11-18,0.0
2023-11-19,0.0
2023-11-20,0.0
2023-11-21,0.0
2023-11-22,0.0
2023-11-23,0.0
2023-11-24,0.0
2023-11-25,0.0
2023-11-26,0.0
2023-11-27,0.0
2023-11-28,2.479779014939833
2023-11-29,3.0750744920738353
2023-11-30,0.040511453498378674
2023-12-01,0.0
2023-12-02,0.0
2023-12-03,0.00608225937616531
2023-12-04,0.3700881592985781
2023-12-05,0.0
2023-12-06,0.005975753593512136
2023-12-07,0.0
2023-12-08,0.0
2023-12-09,0.3122025637609077
2023-12-10,0.0
2023-12-11,0.0
2023-12-12,0.007796455143344789
2023-12-13,0.0
2023-12-14,0.0
2023-12-15,0.0
2023-12-16,0.010537448125636107
2023-12-17,3.445214234969689
2023-12-18,12.542822655162322
2023-12-19,5.715852321007615
2023-12-20,5.851382731814029
2023-12-21,3.625422683034815
2023-12-22,1.7611401915721592
2023-12-23,0.0
2023-12-24,0.0
2023-12-25,0.0
2023-12-26,0.0
2023-12-27,0.08421959440612152
2023-12-28,0.0
2023-12-29,0.27586580687775925
2023-12-30,0.0
2023-12-31,3.875076031740891
2024-01-01,10.381193085223561
2024-01-02,7.143374325866892
2024-01-03,14.867260797134213
2024-01-04,0.7485139148744071
2024-01-05,0.0
2024-01-06,0.0
2024-01-07,0.04056019077126593
2024-01-08,0.026430495118116973
2024-01-09,0.0
2024-01-10,0.0
2024-01-11,0.0
2024-01-12,3.9075102016414403
2024-01-13,4.044903598402675
2024-01-14,3.0968666083341545
2024-01-15,0.08227692657219182
2024-01-16,0.0
2024-01-17,0.04051145349837865
2024-01-18,0.0
2024-01-19,0.0
2024-01-20,0.0
2024-01-21,0.0
2024-01-22,0.10566973704758605
2024-01-23,0.9008193703796312
2024-01-24,6.886659045334405
2024-01-25,0.028524785028123927
2024-01-26,0.0
2024-01-27,0.05338858483640333
2024-01-28,0.017198062816201714
2024-01-29,0.0
2024-01-30,0.0
2024-01-31,0.036493556256991785
2024-02-01,0.0
2024-02-02,0.0
2024-02-03,0.13685083596371922
2024-02-04,0.3356742229715545
2024-02-05,0.0
2024-02-06,0.0
2024-02-07,0.0
2024-02-08,0.01368508359637191
2024-02-09,0.648340357226959
2024-02-10,9.210220714326704
2024-02-11,16.070076136717276
2024-02-12,0.42553798714072033
2024-02-13,9.58947926582574
2024-02-14,12.390758319773026
2024-02-15,5.5449448178600305
2024-02-16,13.581517120222243
2024-02-17,0.6873837665229788
2024-02-18,3.462487020567953
2024-02-19,13.94598721882831
2024-02-20,20.160240727333797
2024-02-21,26.19176560563669
2024-02-22,15.080686977325247
2024-02-23,3.475620525885707
2024-02-24,3.5985329274158726
2024-02-25,1.1901532469032945
2024-02-26,1.8460229164416135
2024-02-27,6.5611057324517965
2024-02-28,21.52190410548945
2024-02-29,1.6532075699195596
2024-03-01,2.486763425291386
2024-03-02,4.1674192089001725
2024-03-03,17.15571186624825
2024-03-04,9.577528781520455
2024-03-05,9.693668216918347
2024-03-06,1.5024657972066946
2024-03-07,0.3544071873913931
2024-03-08,1.92951849234811
2024-03-09,1.0324861866758384
2024-03-10,1.2860293464553818
2024-03-11,3.0183646664459194
2024-03-12,0.5296002522201965
2024-03-13,3.2207165120812413
2024-03-14,5.983002871089517
2024-03-15,4.501244833365047
2024-03-16,6.856638934213037
2024-03-17,2.1032928148092225
2024-03-18,5.855162909671058
2024-03-19,5.761767969843628
2024-03-20,3.5684575059203776
2024-03-21,2.4019623581098113
2024-03-22,5.590681708303576
2024-03-23,19.03445867654148
2024-03-24,18.9882317695052
2024-03-25,6.722112534937703
2024-03-26,3.363538525705239
2024-03-27,5.54099408839889
2024-03-28,2.6995892445149665
2024-03-29,7.920633249650439
2024-03-30,19.944818961957107
2024-03-31,9.027737464509297
2024-04-01,10.25024274561098
2024-04-02,5.6137357292327374
2024-04-03,11.781417192884506
2024-04-04,12.619766090957082
2024-04-05,6.815801010063543
2024-04-06,7.974425284541002
2024-04-07,15.250894897723034
2024-04-08,5.042748739565484
2024-04-09,5.968863491332867
2024-04-10,10.899011125885558
2024-04-11,6.175078340796115
2024-04-12,5.967534830916709
2024-04-13,7.142279408669908
2024-04-14,7.049804887389412
2024-04-15,2.695721233296209
2024-04-16,4.883159616964813
2024-04-17,2.054673871350418
2024-04-18,3.458390465519437
2024-04-19,10.85765471386707
2024-04-20,4.208286522906045
2024-04-21,4.242505361399422
2024-04-22,2.523574105376909
2024-04-23,5.395985916762025
2024-04-24,0.07985193571120044
2024-04-25,0.9224441489302986
2024-04-26,0.05910919337063092
2024-04-27,0.15011882208801217
2024-04-28,0.4858277955051219
2024-04-29,0.3255232791732044
2024-04-30,2.1440118291191577
2024-05-01,0.5795305928850762
2024-05-02,0.5391673961877717
2024-05-03,2.460702800661885
2024-05-04,0.2954843168693533
2024-05-05,0.3330731990189407
2024-05-06,0.0
2024-05-07,0.045090816312342
2024-05-08,3.025063518562309
2024-05-09,0.07657084168593964
2024-05-10,1.39661807884353
2024-05-11,0.0
2024-05-12,0.0
2024-05-13,0.058764053377803355
2024-05-14,0.0
2024-05-15,0.06422040437062382
2024-05-16,0.32566344290019256
2024-05-17,0.7903618739533587
2024-05-18,2.8820349192596066
2024-05-19,1.254677566276222
2024-05-20,0.3357180501663224
2024-05-21,5.131363858063977
2024-05-22,0.0015205648440413248
2024-05-23,0.0
2024-05-24,0.07417368354463394
2024-05-25,4.72787266561167
2024-05-26,4.006628011904719
2024-05-27,7.02983398420311
2024-05-28,0.005044765092752501
2024-05-29,0.43003811024061633
2024-05-30,0.8730046418045742
2024-05-31,2.888900666748141
2024-06-01,0.4396197749456239
2024-06-02,0.0514711403344036
2024-06-03,0.2688285594382504
2024-06-04,0.11575716012237264
2024-06-05,1.338857698652716
2024-06-06,0.4745817776970139
2024-06-07,0.9728180496628813
2024-06-08,0.11099792984161945
2024-06-09,0.0
2024-06-10,0.38689829282476257
2024-06-11,0.006449154502004052
2024-06-12,0.0
2024-06-13,0.0
2024-06-14,0.3553943021000348
2024-06-15,0.9605722336031424
2024-06-16,0.9129613163400058
2024-06-17,0.5129880587439467
2024-06-18,0.07774356276178113
2024-06-19,0.0
2024-06-20,0.2411655653300239
2024-06-21,0.40372783827166253
2024-06-22,0.12768343413024927
2024-06-23,0.1272662415288993
2024-06-24,1.6701132638215987
2024-06-25,0.16398426325657658
2024-06-26,0.0
2024-06-27,0.0
2024-06-28,0.0
2024-06-29,0.0
2024-06-30,0.0
2024-07-01,0.0
2024-07-02,0.0
2024-07-03,0.0
2024-07-04,0.0
2024-07-05,0.0
2024-07-06,0.0
2024-07-07,1.8447728943540702
2024-07-08,2.6818178995797717
2024-07-09,0.0
2024-07-10,0.014925079600326088
2024-07-11,1.3353011235825138
2024-07-12,0.0
2024-07-13,0.06072112215420478
2024-07-14,0.0
2024-07-15,0.0
2024-07-16,0.0
2024-07-17,0.0
2024-07-18,0.0
2024-07-19,0.0
2024-07-20,0.0
2024-07-21,0.0
2024-07-22,0.0
2024-07-23,0.0
2024-07-24,0.0
2024-07-25,0.0
2024-07-26,0.0
2024-07-27,0.0
2024-07-28,0.0
2024-07-29,0.0
2024-07-30,0.0
2024-07-31,0.0
2024-08-01,0.0
2024-08-02,0.0
2024-08-03,0.0
2024-08-04,0.0
2024-08-05,0.0
2024-08-06,0.0
2024-08-07,0.0
2024-08-08,0.0
2024-08-09,0.0
2024-08-10,0.0
2024-08-11,0.0
2024-08-12,0.0
2024-08-13,0.0
2024-08-14,0.0
2024-08-15,0.0
2024-08-16,0.0
2024-08-17,0.0
2024-08-18,0.0
2024-08-19,0.0
2024-08-20,0.0
2024-08-21,0.0
2024-08-22,0.0
2024-08-23,0.0
2024-08-24,0.0
2024-08-25,0.005332899296275104
2024-08-26,0.0
2024-08-27,0.0
2024-08-28,0.0
2024-08-29,0.0
2024-08-30,0.0
2024-08-31,0.0
2024-09-01,0.0
2024-09-02,0.0
2024-09-03,0.0
2024-09-04,0.0
2024-09-05,0.0
2024-09-06,0.0
2024-09-07,0.0
2024-09-08,0.0
2024-09-09,0.0
2024-09-10,0.0
2024-09-11,0.0
2024-09-12,0.0
2024-09-13,0.0
2024-09-14,0.0
2024-09-15,0.0
2024-09-16,0.0
2024-09-17,0.0
2024-09-18,0.0
2024-09-19,0.0
2024-09-20,0.0
2024-09-21,0.0
2024-09-22,0.0
2024-09-23,0.0
2024-09-24,0.0
2024-09-25,0.0
2024-09-26,0.0
2024-09-27,0.0
2024-09-28,0.0018229261937743283
2024-09-29,0.0
2024-09-30,0.0
2024-10-01,0.0
2024-10-02,0.0
2024-10-03,0.0
2024-10-04,0.0
2024-10-05,0.0
2024-10-06,0.0
2024-10-07,0.0
2024-10-08,0.0
2024-10-09,0.0
2024-10-10,0.09280126377846058
2024-10-11,0.0
2024-10-12,0.0
2024-10-13,0.0
2024-10-14,0.0
2024-10-15,0.0
2024-10-16,0.3951369726168702
2024-10-17,0.19756848630843524
2024-10-18,0.3799308700336298
2024-10-19,1.0659919433819662
2024-10-20,0.0
2024-10-21,0.0
2024-10-22,0.0
2024-10-23,0.0
2024-10-24,0.0
2024-10-25,0.0
2024-10-26,0.0
2024-10-27,0.0
2024-10-28,0.0
2024-10-29,0.0
2024-10-30,0.0
2024-10-31,0.0
2024-11-01,0.0
2024-11-02,0.0
2024-11-03,0.0
2024-11-04,0.0
2024-11-05,0.0
2024-11-06,0.0
2024-11-07,0.0
2024-11-08,0.0
2024-11-09,0.0
2024-11-10,0.0
2024-11-11,2.0403536410403342
2024-11-12,3.9674275032445374
2024-11-13,0.0
2024-11-14,0.0
2024-11-15,0.0
2024-11-16,0.0
2024-11-17,0.0
2024-11-18,0.0
2024-11-19,0.0
2024-11-20,0.0
2024-11-21,0.0
2024-11-22,0.0
2024-11-23,0.0
2024-11-24,0.0
2024-11-25,0.0
2024-11-26,0.0
2024-11-27,0.0
2024-11-28,0.0
2024-11-29,0.0
2024-11-30,0.0
2024-12-01,0.003041129688082651
2024-12-02,0.0
2024-12-03,0.5944226866306411
2024-12-04,0.9579910332514399
2024-12-05,0.06038138616767327
2024-12-06,0.4456545421512557
2024-12-07,0.08489843908192309
2024-12-08,0.0
2024-12-09,0.004561694532123982
2024-12-10,0.0
2024-12-11,0.0
2024-12-12,0.0
2024-12-13,0.0
2024-12-14,0.0
2024-12-15,0.04356941992368829
2024-12-16,0.23374328287584095
2024-12-17,0.0
2024-12-18,0.0
2024-12-19,0.0
2024-12-20,0.0
2024-12-21,0.0
2024-12-22,0.0
2024-12-23,0.0
2024-12-24,0.0
2024-12-25,0.0
2024-12-26,0.0
2024-12-27,0.007602824220206632
2024-12-28,0.0
2024-12-29,0.0
2024-12-30,0.0
2024-12-31,0.0
2025-01-01,0.0
2025-01-02,0.0
2025-01-03,0.021290836750279204
2025-01-04,0.06235928348409154
2025-01-05,0.10743005812091865
2025-01-06,0.3763923046279102
2025-01-07,0.7779184253608424
2025-01-08,1.2717936008807107
2025-01-09,0.9125247866905267
2025-01-10,1.2299870655583875
2025-01-11,1.0008013205109596
2025-01-12,1.824287948638419
2025-01-13,16.20567108599132
2025-01-14,9.29974252593476
2025-01-15,65.1122937060237
2025-01-16,17.524041716859017
2025-01-17,4.227502037764376
2025-01-18,3.346063318608965
2025-01-19,35.42545653352083
2025-01-20,27.555558795152052
2025-01-21,8.613380535213391
2025-01-22,3.0537453394765275
2025-01-23,0.7460363544483798
2025-01-24,6.0275769687107665
2025-01-25,2.8791481476860814
2025-01-26,0.5138589172479306
2025-01-27,4.456470821009394
2025-01-28,2.1378657842856454
2025-01-29,0.31923038730220066
2025-01-30,1.398114307942266
2025-01-31,0.33955129771603665
2025-02-01,0.27612651124801213
2025-02-02,0.4949502819783665
2025-02-03,0.0
2025-02-04,0.0
2025-02-05,0.9048716440589091
2025-02-06,8.991976986191071
2025-02-07,1.6715380542876024
2025-02-08,1.6726354329157538
2025-02-09,0.2233501700673835
2025-02-10,0.24047156635911443
2025-02-11,0.0850340827830363
2025-02-12,0.006557833937349581
2025-02-13,0.1336332422361392
2025-02-14,2.1461641864646115
2025-02-15,0.0
2025-02-16,1.911200626791218
2025-02-17,1.8272820720139862
2025-02-18,3.186157332799868
2025-02-19,1.653412403372795
2025-02-20,3.2137186594303633
2025-02-21,0.3959357508465973
2025-02-22,0.07678653055347036
2025-02-23,2.733937870438146
2025-02-24,1.6225174042711745
2025-02-25,8.334169825876595
2025-02-26,2.9612801848993384
2025-02-27,8.674029494843692
2025-02-28,6.881800605759423
2025-03-01,7.862363606151434
2025-03-02,14.321810138835213
2025-03-03,2.798274690973414
2025-03-04,15.084191192136059
2025-03-05,4.067459964608223
2025-03-06,1.9512012338989884
2025-03-07,6.140387620238895
2025-03-08,9.34980305236749
2025-03-09,9.430249675634972
2025-03-10,7.291670443859834
2025-03-11,3.1616810556918518
2025-03-12,1.7579366183557545
2025-03-13,0.3390092256524873
2025-03-14,2.7326756723052315
2025-03-15,1.5235832704627774
2025-03-16,9.622263270561715
2025-03-17,7.63682295838537
2025-03-18,37.25432155158026
2025-03-19,4.02760525976154
2025-03-20,4.498974421301682
2025-03-21,1.0447549687247895
2025-03-22,2.901147440823599
2025-03-23,5.954725757669893
2025-03-24,2.041435176904302
2025-03-25,0.7818719553906194
2025-03-26,0.0
2025-03-27,0.215239933313614
2025-03-28,0.7057288703777915
2025-03-29,7.8740798866965385
2025-03-30,6.092962976328644
2025-03-31,0.3214610525796565
2025-04-01,0.48922576454667344
2025-04-02,0.13976366763489723
2025-04-03,1.946512068314213
2025-04-04,3.9395826291038225
2025-04-05,4.47769200960812
2025-04-06,0.43182635772453726
2025-04-07,1.8576648477911097
2025-04-08,0.7691889677551251
2025-04-09,0.2585307194574933
2025-04-10,2.706216703288054
2025-04-11,0.8582111210380087
2025-04-12,3.858802183571624
2025-04-13,1.8615843630999456
2025-04-14,0.8818072704897988
2025-04-15,0.5419736615417017
2025-04-16,0.2582375228366943
2025-04-17,0.0
2025-04-18,0.0
2025-04-19,0.09542143580505577
2025-04-20,2.2379132414221115
2025-04-21,2.4515524042751555
2025-04-22,1.8475601229824912
2025-04-23,16.422206495353944
2025-04-24,5.179327498192179
2025-04-25,5.166154909631304
2025-04-26,6.216010418178886
2025-04-27,0.45187600057687344
2025-04-28,0.1580855996567185
2025-04-29,4.699749679802045
2025-04-30,0.8003771432963135
2025-05-01,0.006621062895314432
2025-05-02,0.0015205648440413256
2025-05-03,0.001520564844041326
2025-05-04,0.0015205648440413256
2025-05-05,1.523876792168748
2025-05-06,0.0
2025-05-07,0.006855453742182904
2025-05-08,0.05484362993746327
2025-05-09,0.7483121603070829
2025-05-10,0.5488987847088802
2025-05-11,5.173510263649621
2025-05-12,1.0449661760244895
2025-05-13,0.5808835282831122
2025-05-14,0.0
2025-05-15,0.15109983862898788
2025-05-16,0.08781700191512795
2025-05-17,0.580482328647362
2025-05-18,0.013662217635435491
2025-05-19,0.6807791569895147
2025-05-20,11.891247402334862
2025-05-21,6.65082511226846
2025-05-22,7.932013867413546
2025-05-23,0.8445558831227393
2025-05-24,0.14007840018852533
2025-05-25,0.03133366417515394
2025-05-26,2.527313343208274
2025-05-27,0.18426803369880806
2025-05-28,0.0
2025-05-29,0.0
2025-05-30,0.0
2025-05-31,0.0
2025-06-01,0.0
2025-06-02,0.11040414054206868
2025-06-03,0.13366725225721296
2025-06-04,0.2887553935624576
2025-06-05,0.49178284656827653
2025-06-06,0.6482887956026483
2025-06-07,0.48895098698740397
2025-06-08,0.0
2025-06-09,0.0
2025-06-10,0.3135602392879494
2025-06-11,0.01815869915124347
2025-06-12,0.0
2025-06-13,0.0
2025-06-14,0.039351579615579675
2025-06-15,0.41508411217574603
2025-06-16,0.30611689897290967
2025-06-17,0.02905391864198963
2025-06-18,0.022157454487793604
2025-06-19,0.017825716083048164
2025-06-20,0.40470807999629577
2025-06-21,0.9077674840634387
2025-06-22,0.9551551405522773
2025-06-23,0.17051168133629804
2025-06-24,0.003041129688082653
2025-06-25,0.0
2025-06-26,0.0
2025-06-27,0.12151079098211048
2025-06-28,0.04732773790656955
2025-06-29,2.0229014197506032
2025-06-30,1.8124509472980213
2025-07-01,0.5546628821330623
2025-07-02,3.0500626170876157
2025-07-03,1.156099415607043
2025-07-04,0.0
2025-07-05,0.0
2025-07-06,0.0
2025-07-07,0.0
2025-07-08,0.12586827650795307
2025-07-09,0.0
2025-07-10,0.0
2025-07-11,0.0
2025-07-12,0.0
2025-07-13,0.0
2025-07-14,0.0
2025-07-15,0.0
2025-07-16,0.0
2025-07-17,0.0
2025-07-18,0.0
2025-07-19,0.0
2025-07-20,0.044498288714863964
2025-07-21,0.24556632103470302
2025-07-22,0.0
2025-07-23,0.0
2025-07-24,0.0
2025-07-25,0.16065312357211495
2025-07-26,0.122482237867801
2025-07-27,0.0
2025-07-28,0.0
2025-07-29,0.003042749040691978
2025-07-30,0.0
2025-07-31,0.0
2025-08-01,0.04882694657051691
2025-08-02,0.0
2025-08-03,0.0
2025-08-04,0.0
2025-08-05,0.14270038682366654
2025-08-06,0.0
2025-08-07,0.0
2025-08-08,0.0
2025-08-09,0.0
2025-08-10,0.05022768114612458
2025-08-11,2.102464994708865
2025-08-12,0.3702048495432657
2025-08-13,0.1549755827970216
2025-08-14,0.0
2025-08-15,0.0
2025-08-16,0.054068624870482355
2025-08-17,0.0
2025-08-18,0.07828952958055772
2025-08-19,0.0
2025-08-20,0.0
2025-08-21,0.0
2025-08-22,0.0
2025-08-23,0.0
2025-08-24,0.05988096245340295
2025-08-25,0.0
2025-08-26,0.0
2025-08-27,0.0
2025-08-28,0.0
2025-08-29,0.0
2025-08-30,0.0
2025-08-31,0.0
2025-09-01,1.9933354967541719
2025-09-02,0.0548625383554799
2025-09-03,0.0
2025-09-04,0.0
2025-09-05,0.10001079239037503
2025-09-06,0.06128383330701785
2025-09-07,0.062198517386227066
2025-09-08,0.06677193778227318
2025-09-09,0.028355206455485865
2025-09-10,0.0
2025-09-11,0.0
2025-09-12,0.0
2025-09-13,0.0
2025-09-14,0.0
2025-09-15,0.0
2025-09-16,0.0
2025-09-17,0.0
2025-09-18,0.0
2025-09-19,0.0
2025-09-20,0.0
2025-09-21,0.0
2025-09-22,0.0
2025-09-23,0.0
2025-09-24,0.0
2025-09-25,0.0
2025-09-26,0.0
2025-09-27,0.0
2025-09-28,0.0
2025-09-29,0.0
2025-09-30,0.0
2025-10-01,0.0
2025-10-02,0.0
2025-10-03,0.0
2025-10-04,0.0
2025-10-05,0.0
2025-10-06,0.0
2025-10-07,0.0
2025-10-08,0.0
2025-10-09,0.0
2025-10-10,0.0
2025-10-11,0.0
2025-10-12,0.0
2025-10-13,0.0
2025-10-14,0.0
2025-10-15,0.0
2025-10-16,0.0
2025-10-17,0.0
2025-10-18,0.0
2025-10-19,0.0
2025-10-20,0.0
2025-10-21,0.0
2025-10-22,0.0
2025-10-23,0.0
2025-10-24,0.0
2025-10-25,0.0
2025-10-26,0.0
2025-10-27,0.0
2025-10-28,0.0
2025-10-29,0.0
2025-10-30,0.0
2025-10-31,0.0
2025-11-01,0.0
2025-11-02,0.0
2025-11-03,0.0
2025-11-04,0.0
2025-11-05,0.0
2025-11-06,0.0
2025-11-07,0.0
2025-11-08,0.0
2025-11-09,0.0
2025-11-10,0.0
2025-11-11,0.05196548996520198
2025-11-12,0.0
2025-11-13,0.0
2025-11-14,0.0
2025-11-15,0.0
2025-11-16,0.0
2025-11-17,0.0
2025-11-18,0.08908261707244962
2025-11-19,0.03404773114714969
2025-11-20,3.416936977837371
2025-11-21,0.13645891654711118
2025-11-22,0.0
2025-11-23,0.0
2025-11-24,0.0
2025-11-25,0.0
2025-11-26,0.0
2025-11-27,0.0
2025-11-28,0.0
2025-11-29,0.0
2025-11-30,0.0
2025-12-01,0.0
2025-12-02,0.0
2025-12-03,0.0
2025-12-04,0.0
2025-12-05,0.0
2025-12-06,0.0
2025-12-07,0.0
2025-12-08,0.1383137078098867
2025-12-09,0.0
2025-12-10,0.0
2025-12-11,0.0
2025-12-12,0.0
2025-12-13,0.0
2025-12-14,0.0
2025-12-15,0.0
2025-12-16,0.0
2025-12-17,0.055596278007251546
2025-12-18,5.098857253146605
2025-12-19,0.0
2025-12-20,0.0
2025-12-21,0.0
2025-12-22,3.8108024556014968
2025-12-23,12.192243593470339
2025-12-24,0.0
2025-12-25,0.05938841138163307
2025-12-26,0.029694205690816534
2025-12-27,0.0
2025-12-28,0.009114630968871627
2025-12-29,0.08241285844555074
2025-12-30,0.0
2025-12-31,0.0
2026-01-01,0.4887060384999717
2026-01-02,0.7761013236734784
2026-01-03,0.06094987154722822
2026-01-04,0.0
2026-01-05,0.0
2026-01-06,0.0
2026-01-07,0.01762043344843042
2026-01-08,0.0
2026-01-09,0.0
2026-01-10,0.0
2026-01-11,0.0
2026-01-12,0.0
2026-01-13,0.0
2026-01-14,0.0
2026-01-15,0.004561694532123974
2026-01-16,0.6770115316718937
2026-01-17,0.2775963355527329
2026-01-18,0.3413851140241344
2026-01-19,0.0
2026-01-20,0.46054129216882406
2026-01-21,0.8032862789440113
2026-01-22,0.20255726749189448
2026-01-23,1.3008634397347407
2026-01-24,0.30031331987855336
2026-01-25,0.0
2026-01-26,0.11505368062432428
2026-01-27,21.346548949301802
2026-01-28,28.70257843173998
2026-01-29,28.498150204994612
2026-01-30,0.4272324312137232
2026-01-31,0.143639649058888
2026-02-01,0.0
2026-02-02,0.0
2026-02-03,0.0
2026-02-04,0.1216743375114203
2026-02-05,2.649604239794362
2026-02-06,15.249389842001566
2026-02-07,8.25244943239128
2026-02-08,11.826721514562657
2026-02-09,19.027826817378305
2026-02-10,0.0
2026-02-11,0.006082259376165314
2026-02-12,0.6370925926020756
2026-02-13,4.551430155109745
2026-02-14,5.466027056834717
2026-02-15,46.25720970375636
2026-02-16,6.546365621320122
2026-02-17,1.6988651229895353
2026-02-18,5.1411766343542755
2026-02-19,0.9890999219389772
2026-02-20,0.7222787139699963
2026-02-21,3.9259128459734
2026-02-22,0.5371273248950502
2026-02-23,2.190033952527916
2026-02-24,5.0794991005045995
2026-02-25,0.6039935418313809
2026-02-26,0.7531926138198548
2026-02-27,9.083206313302735
2026-02-28,15.646872950473034
2026-03-01,32.24233615672796
2026-03-02,6.2127382828343345
2026-03-03,13.38616009553616
2026-03-04,8.48885582585546
2026-03-05,12.181426706571996
2026-03-06,1.7127338416905944
2026-03-07,1.7140929145632486
2026-03-08,1.2862176441752302
2026-03-09,7.597120507345402
2026-03-10,0.5825735598100212
2026-03-11,3.5720203255324097
2026-03-12,0.07978970183603927
2026-03-13,0.9150676691638665
2026-03-14,0.22040683655337695
2026-03-15,0.5905344932419841
2026-03-16,3.875981031345427
2026-03-17,18.982510765654496
2026-03-18,10.209446484575382
2026-03-19,2.5386196346510825
2026-03-20,1.564621572588452
2026-03-21,0.19313577164462503
2026-03-22,3.2199368661606944
2026-03-23,3.5600443114072706
2026-03-24,1.202279802270083
2026-03-25,1.8127961104755463
2026-03-26,0.36659185786061305
2026-03-27,0.05902050543614624
2026-03-28,1.04500826196411
2026-03-29,0.8617617356452076
2026-03-30,4.519194151751755
2026-03-31,17.69825996620169
2026-04-01,4.142840248282969
2026-04-02,3.129716023789424
2026-04-03,8.413595391385005
2026-04-04,2.3948979681808678
2026-04-05,0.5585204195166885
2026-04-06,7.350117443891344
2026-04-07,0.49488330682267795
2026-04-08,2.209895213010044
2026-04-09,3.4808474675353818
2026-04-10,0.7948082249797817
2026-04-11,2.16552946065231
2026-04-12,2.8903557303127685
2026-04-13,12.001392930716372
2026-04-14,2.343304486853479
2026-04-15,8.753210583556307
2026-04-16,19.771706280961585
2026-04-17,3.977090153901542
2026-04-18,0.9297873020967259
2026-04-19,5.180264262225894
2026-04-20,2.332023063400266
2026-04-21,6.502910447582475
2026-04-22,7.346679144851749
2026-04-23,1.247047136126083
2026-04-24,0.599739778620562
2026-04-25,10.0218047151819
2026-04-26,5.070197488526342
2026-04-27,0.4529240962224771
2026-04-28,1.4173302750938492
2026-04-29,3.370060071233002
2026-04-30,0.9645186161666046
2026-05-01,0.44036215623125047
2026-05-02,1.0595680122780766
2026-05-03,6.081313409218664
2026-05-04,2.147581818314031
2026-05-05,3.3383600580184014
2026-05-06,0.23476398063827594
2026-05-07,0.0
2026-05-08,0.132384569293469
2026-05-09,0.46696593836880446
2026-05-10,2.7382569364833165
2026-05-11,4.673253498636417
2026-05-12,2.621732561751083
2026-05-13,11.220069759247034
2026-05-14,1.6233538689625162
2026-05-15,0.08058655930386688
2026-05-16,1.6557453280950345
2026-05-17,1.0586544462974894
2026-05-18,1.2921060987081348
2026-05-19,0.2456438139598931
2026-05-20,0.0
2026-05-21,0.0
2026-05-22,0.0
2026-05-23,0.0
2026-05-24,0.0
2026-05-25,0.0
2026-05-26,0.00862691775193741
2026-05-27,1.415003622714053
2026-05-28,1.8577227097061453
2026-05-29,0.09616730412679084
2026-05-30,0.430965561408282
2026-05-31,2.1666438540906747
2026-06-01,0.23886727177363123
2026-06-02,0.00369725046511603
2026-06-03,0.006710384535331604
2026-06-04,0.8554769314256839
2026-06-05,0.0
2026-06-06,0.0
2026-06-07,0.0
2026-06-08,0.0
2026-06-09,0.0
2026-06-10,0.08885262792892075
2026-06-11,2.059890970071412
2026-06-12,0.0
2026-06-13,0.0012324168217053442
2026-06-14,0.0
2026-06-15,0.0
2026-06-16,0.0
2026-06-17,0.005342151745530677
2026-06-18,1.2641828613623554
2026-06-19,1.3960117253512763
2026-06-20,0.0
2026-06-21,0.0
2026-06-22,0.0
2026-06-23,0.0
2026-06-24,0.0
2026-06-25,0.0
2026-06-26,0.016340769620946317
2026-06-27,0.8107211919008357
2026-06-28,1.3049844042184935
2026-06-29,1.0547249727222967
2026-06-30,0.0
2026-07-01,0.0
2026-07-02,0.0
2026-07-03,0.0
2026-07-04,0.0
2026-07-05,0.06466807812823833
2026-07-06,0.08949706294018202
2026-07-07,0.035555457998934586
2026-07-08,0.0017807172485102265
2026-07-09,0.021315893948064105
2026-07-10,0.0
2026-07-11,0.0
2026-07-12,0.0
2026-07-13,0.0
2026-07-14,0.019407256081629007
2026-07-15,0.4202384696512924
2026-07-16,0.7026732522289666
2026-07-17,0.0
2026-07-18,0.0
2026-07-19,0.0
2026-07-20,0.0
2026-07-21,0.026037285469793073
2026-07-22,0.07975171411793175
2026-07-23,0.0
2026-07-24,0.8198642558281242
2026-07-25,0.0
2026-07-26,0.0
2026-07-27,0.0
2026-07-28,0.0
2026-07-29,0.0
2026-07-30,0.0
2026-07-31,0.0
